order_id,order_date,customer_id,product_id,quantity,discount_pct,base_price,unit_price,revenue,region,customer_segment,year,month,month_name
500001,2024-11-09,21813,6,4,0.0,183.47,181.83,727.32,Central,Small Business,2024,11,Nov
500002,2024-01-06,21559,21,3,0.05,301.42,318.02,906.36,Central,Consumer,2024,1,Jan
500003,2025-01-08,23573,28,2,0.0,297.74,308.67,617.34,Central,Consumer,2025,1,Jan
500004,2025-02-11,21831,21,2,0.1,301.42,302.58,544.64,Central,Small Business,2025,2,Feb
500005,2025-01-18,23248,5,1,0.05,310.91,327.72,311.33,South,Consumer,2025,1,Jan
500006,2025-10-30,23956,5,1,0.05,310.91,321.39,305.32,South,Consumer,2025,10,Oct
500007,2024-12-26,23614,13,1,0.15,509.47,548.69,466.39,North,Consumer,2024,12,Dec
500008,2025-09-11,23301,10,4,0.15,452.53,431.62,1467.51,Central,Small Business,2025,9,Sep
500009,2025-01-29,20571,7,1,0.0,208.23,203.47,203.47,North,Corporate,2025,1,Jan
500010,2024-02-26,21731,15,3,0.05,203.7,207.73,592.03,Central,Consumer,2024,2,Feb
500011,2024-02-04,21459,15,4,0.0,203.7,216.99,867.96,East,Consumer,2024,2,Feb
500012,2024-08-15,22994,28,2,0.05,297.74,307.22,583.72,Central,Consumer,2024,8,Aug
500013,2025-07-26,20448,24,1,0.15,471.09,476.18,404.75,Central,Consumer,2025,7,Jul
500014,2024-12-15,20517,5,3,0.05,310.91,300.56,856.6,West,Corporate,2024,12,Dec
500015,2024-09-24,22291,18,3,0.0,376.89,389.14,1167.42,Central,Consumer,2024,9,Sep
500016,2024-12-22,21290,3,1,0.15,379.36,390.4,331.84,North,Consumer,2024,12,Dec
500017,2025-11-20,23245,30,2,0.15,300.75,317.9,540.43,Central,Consumer,2025,11,Nov
500018,2024-05-15,23732,4,4,0.15,453.41,449.39,1527.93,Central,Consumer,2024,5,May
500019,2025-03-12,20010,29,2,0.1,538.73,506.1,910.98,East,Small Business,2025,3,Mar
500020,2025-05-13,23916,8,2,0.0,289.09,272.15,544.3,West,Small Business,2025,5,May
500021,2025-08-27,22422,30,2,0.05,300.75,315.55,599.54,North,Small Business,2025,8,Aug
500022,2024-12-20,23442,19,4,0.05,495.95,465.11,1767.42,East,Consumer,2024,12,Dec
500023,2025-11-14,23177,17,4,0.15,364.39,367.82,1250.59,Central,Consumer,2025,11,Nov
500024,2025-09-20,22579,1,3,0.1,118.77,117.45,317.12,Central,Small Business,2025,9,Sep
500025,2024-03-13,22404,22,1,0.0,356.25,345.26,345.26,North,Consumer,2024,3,Mar
500026,2024-07-02,23247,2,3,0.1,177.67,186.84,504.47,West,Consumer,2024,7,Jul
500027,2024-06-30,20255,16,1,0.0,113.27,105.93,105.93,West,Consumer,2024,6,Jun
500028,2025-10-26,20569,27,4,0.0,282.82,285.98,1143.92,Central,Consumer,2025,10,Oct
500029,2024-03-27,21290,23,4,0.15,430.62,421.96,1434.66,North,Consumer,2024,3,Mar
500030,2025-08-26,21612,4,1,0.0,453.41,423.3,423.3,Central,Corporate,2025,8,Aug
500031,2025-12-08,22636,5,2,0.0,310.91,323.79,647.58,East,Small Business,2025,12,Dec
500032,2024-10-29,22389,10,1,0.0,452.53,444.62,444.62,South,Consumer,2024,10,Oct
500033,2024-04-13,23578,22,3,0.05,356.25,343.04,977.66,West,Consumer,2024,4,Apr
500034,2025-08-14,22380,11,3,0.15,526.43,549.34,1400.82,South,Small Business,2025,8,Aug
500035,2024-11-13,21688,19,3,0.05,495.95,469.63,1338.45,Central,Consumer,2024,11,Nov
500036,2025-04-08,21090,24,4,0.05,471.09,503.98,1915.12,Central,Consumer,2025,4,Apr
500037,2024-08-04,23495,22,4,0.1,356.25,341.6,1229.76,Central,Consumer,2024,8,Aug
500038,2024-11-27,22526,28,1,0.0,297.74,296.37,296.37,Central,Consumer,2024,11,Nov
500039,2024-10-13,21964,26,3,0.05,173.18,167.87,478.43,East,Small Business,2024,10,Oct
500040,2025-01-08,21137,24,1,0.1,471.09,480.49,432.44,West,Small Business,2025,1,Jan
500041,2024-01-12,22141,8,4,0.15,289.09,308.09,1047.51,North,Consumer,2024,1,Jan
500042,2025-02-05,23011,16,2,0.0,113.27,109.64,219.28,Central,Consumer,2025,2,Feb
500043,2024-07-25,20453,24,3,0.0,471.09,453.1,1359.3,West,Consumer,2024,7,Jul
500044,2024-06-15,21916,17,4,0.0,364.39,367.12,1468.48,East,Consumer,2024,6,Jun
500045,2025-11-07,23268,25,4,0.15,408.11,390.39,1327.33,Central,Consumer,2025,11,Nov
500046,2024-04-22,22163,14,4,0.0,323.49,298.92,1195.68,East,Small Business,2024,4,Apr
500047,2025-08-31,20194,28,2,0.15,297.74,311.48,529.52,North,Consumer,2025,8,Aug
500048,2025-07-29,23777,30,4,0.1,300.75,312.14,1123.7,North,Consumer,2025,7,Jul
500049,2024-10-10,21037,10,1,0.15,452.53,469.17,398.79,Central,Consumer,2024,10,Oct
500050,2024-03-04,23906,29,4,0.1,538.73,550.74,1982.66,Central,Consumer,2024,3,Mar
500051,2025-04-29,20807,13,1,0.0,509.47,541.01,541.01,West,Corporate,2025,4,Apr
500052,2025-05-18,23224,23,2,0.0,430.62,436.37,872.74,Central,Consumer,2025,5,May
500053,2024-05-25,21272,20,4,0.05,187.69,191.01,725.84,South,Consumer,2024,5,May
500054,2025-10-04,21739,27,1,0.0,282.82,296.48,296.48,Central,Consumer,2025,10,Oct
500055,2024-08-23,21398,27,1,0.05,282.82,299.32,284.35,East,Consumer,2024,8,Aug
500056,2024-11-15,21804,17,3,0.0,364.39,384.08,1152.24,Central,Small Business,2024,11,Nov
500057,2025-11-15,23174,4,4,0.15,453.41,466.11,1584.77,Central,Consumer,2025,11,Nov
500058,2025-07-20,22066,17,4,0.05,364.39,342.83,1302.75,East,Consumer,2025,7,Jul
500059,2024-11-19,20271,19,3,0.05,495.95,488.67,1392.71,South,Corporate,2024,11,Nov
500060,2025-09-23,23076,23,2,0.05,430.62,427.2,811.68,Central,Consumer,2025,9,Sep
500061,2024-09-01,20452,21,2,0.15,301.42,308.91,525.15,South,Corporate,2024,9,Sep
500062,2024-07-25,22923,11,2,0.1,526.43,544.01,979.22,South,Small Business,2024,7,Jul
500063,2025-05-16,23326,25,4,0.1,408.11,412.34,1484.42,South,Consumer,2025,5,May
500064,2024-07-02,21113,20,4,0.0,187.69,174.71,698.84,Central,Consumer,2024,7,Jul
500065,2025-02-07,21192,23,2,0.0,430.62,406.45,812.9,West,Consumer,2025,2,Feb
500066,2025-01-23,21818,13,2,0.0,509.47,472.45,944.9,Central,Consumer,2025,1,Jan
500067,2025-01-12,22917,11,4,0.0,526.43,561.19,2244.76,South,Consumer,2025,1,Jan
500068,2025-10-25,22709,28,3,0.15,297.74,279.95,713.87,South,Corporate,2025,10,Oct
500069,2024-10-04,22508,21,3,0.05,301.42,297.64,848.27,North,Corporate,2024,10,Oct
500070,2025-05-22,20300,11,1,0.1,526.43,495.13,445.62,North,Small Business,2025,5,May
500071,2024-10-28,23667,12,1,0.0,119.8,118.3,118.3,East,Consumer,2024,10,Oct
500072,2024-05-14,20429,20,3,0.2,187.69,173.33,415.99,West,Consumer,2024,5,May
500073,2024-09-21,22612,14,3,0.2,323.49,325.64,781.54,West,Small Business,2024,9,Sep
500074,2024-10-19,23297,1,3,0.05,118.77,121.06,345.02,East,Corporate,2024,10,Oct
500075,2024-05-07,22903,3,3,0.15,379.36,393.82,1004.24,Central,Small Business,2024,5,May
500076,2025-02-27,23718,18,2,0.1,376.89,347.02,624.64,Central,Consumer,2025,2,Feb
500077,2025-12-28,20475,6,4,0.0,183.47,196.4,785.6,South,Consumer,2025,12,Dec
500078,2024-09-28,20716,24,2,0.2,471.09,457.9,732.64,West,Small Business,2024,9,Sep
500079,2025-02-09,20779,11,3,0.0,526.43,485.09,1455.27,West,Corporate,2025,2,Feb
500080,2024-05-20,23667,25,3,0.0,408.11,419.74,1259.22,East,Consumer,2024,5,May
500081,2024-08-08,23868,24,1,0.2,471.09,494.26,395.41,East,Consumer,2024,8,Aug
500082,2025-08-16,23423,27,4,0.0,282.82,281.16,1124.64,Central,Consumer,2025,8,Aug
500083,2024-04-23,22676,19,3,0.05,495.95,519.5,1480.57,West,Consumer,2024,4,Apr
500084,2025-05-18,20588,16,2,0.15,113.27,104.68,177.96,East,Consumer,2025,5,May
500085,2025-11-26,21700,21,2,0.2,301.42,286.62,458.59,Central,Consumer,2025,11,Nov
500086,2025-07-28,20586,18,1,0.15,376.89,374.41,318.25,West,Corporate,2025,7,Jul
500087,2025-07-13,20404,28,2,0.15,297.74,295.89,503.01,Central,Small Business,2025,7,Jul
500088,2024-04-28,21964,10,4,0.05,452.53,466.44,1772.47,East,Small Business,2024,4,Apr
500089,2024-02-26,23047,4,2,0.2,453.41,450.91,721.46,East,Small Business,2024,2,Feb
500090,2024-04-21,23149,29,1,0.0,538.73,579.83,579.83,South,Consumer,2024,4,Apr
500091,2025-08-25,22515,25,2,0.0,408.11,397.54,795.08,Central,Consumer,2025,8,Aug
500092,2024-03-10,21966,19,1,0.0,495.95,460.51,460.51,West,Consumer,2024,3,Mar
500093,2024-04-11,23906,5,4,0.1,310.91,324.49,1168.16,Central,Consumer,2024,4,Apr
500094,2025-04-24,23288,8,1,0.0,289.09,289.56,289.56,North,Consumer,2025,4,Apr
500095,2024-02-13,23097,10,2,0.0,452.53,442.16,884.32,West,Consumer,2024,2,Feb
500096,2025-10-21,20532,27,3,0.05,282.82,294.04,838.01,Central,Consumer,2025,10,Oct
500097,2025-05-19,20252,11,2,0.0,526.43,487.46,974.92,Central,Consumer,2025,5,May
500098,2025-09-15,20990,20,1,0.0,187.69,196.75,196.75,East,Consumer,2025,9,Sep
500099,2025-05-19,23570,29,4,0.0,538.73,502.65,2010.6,North,Small Business,2025,5,May
500100,2024-07-08,22915,21,2,0.0,301.42,289.84,579.68,East,Small Business,2024,7,Jul
500101,2025-04-02,21033,17,1,0.0,364.39,367.2,367.2,West,Consumer,2025,4,Apr
500102,2024-09-03,22037,4,1,0.05,453.41,421.99,400.89,Central,Small Business,2024,9,Sep
500103,2025-11-21,20031,8,4,0.0,289.09,291.54,1166.16,East,Consumer,2025,11,Nov
500104,2024-12-16,21639,1,3,0.1,118.77,110.47,298.27,West,Corporate,2024,12,Dec
500105,2025-03-20,22203,5,2,0.0,310.91,290.52,581.04,Central,Consumer,2025,3,Mar
500106,2024-01-15,23343,18,2,0.0,376.89,347.61,695.22,Central,Consumer,2024,1,Jan
500107,2024-04-16,22707,21,4,0.0,301.42,287.3,1149.2,East,Small Business,2024,4,Apr
500108,2025-05-06,20560,6,2,0.0,183.47,188.92,377.84,Central,Small Business,2025,5,May
500109,2025-11-14,20235,10,1,0.0,452.53,428.44,428.44,Central,Consumer,2025,11,Nov
500110,2024-06-08,21633,21,3,0.15,301.42,281.14,716.91,East,Small Business,2024,6,Jun
500111,2025-11-24,23776,3,4,0.05,379.36,408.69,1553.02,Central,Small Business,2025,11,Nov
500112,2025-08-18,23614,19,2,0.15,495.95,532.86,905.86,North,Consumer,2025,8,Aug
500113,2025-05-30,20011,15,1,0.05,203.7,195.11,185.35,Central,Consumer,2025,5,May
500114,2025-01-12,23642,10,4,0.0,452.53,424.38,1697.52,South,Consumer,2025,1,Jan
500115,2024-01-03,20099,14,4,0.2,323.49,341.26,1092.03,Central,Small Business,2024,1,Jan
500116,2024-04-23,21469,14,4,0.0,323.49,330.34,1321.36,South,Consumer,2024,4,Apr
500117,2024-03-23,20058,27,2,0.15,282.82,261.09,443.85,East,Consumer,2024,3,Mar
500118,2025-07-01,21707,25,3,0.0,408.11,426.06,1278.18,Central,Small Business,2025,7,Jul
500119,2024-07-17,22933,29,2,0.1,538.73,564.23,1015.61,Central,Small Business,2024,7,Jul
500120,2025-08-13,20305,21,1,0.1,301.42,277.47,249.72,Central,Consumer,2025,8,Aug
500121,2025-06-29,23950,15,3,0.0,203.7,198.74,596.22,South,Consumer,2025,6,Jun
500122,2025-09-17,20857,10,2,0.0,452.53,442.72,885.44,Central,Consumer,2025,9,Sep
500123,2025-09-28,23315,18,4,0.1,376.89,351.23,1264.43,South,Consumer,2025,9,Sep
500124,2024-03-18,20071,16,4,0.1,113.27,113.11,407.2,South,Consumer,2024,3,Mar
500125,2025-04-30,20807,26,1,0.0,173.18,163.5,163.5,West,Corporate,2025,4,Apr
500126,2024-12-09,22134,14,1,0.15,323.49,298.36,253.61,Central,Consumer,2024,12,Dec
500127,2025-07-16,20307,21,1,0.05,301.42,278.91,264.96,West,Corporate,2025,7,Jul
500128,2024-02-07,23954,2,1,0.1,177.67,181.91,163.72,Central,Small Business,2024,2,Feb
500129,2024-11-18,23246,14,2,0.05,323.49,340.39,646.74,East,Consumer,2024,11,Nov
500130,2025-12-01,20586,11,4,0.0,526.43,494.77,1979.08,West,Corporate,2025,12,Dec
500131,2024-01-07,21234,20,3,0.0,187.69,177.97,533.91,South,Small Business,2024,1,Jan
500132,2024-12-07,23801,4,3,0.1,453.41,458.19,1237.11,East,Consumer,2024,12,Dec
500133,2024-08-11,23006,5,2,0.2,310.91,305.09,488.14,East,Small Business,2024,8,Aug
500134,2025-07-11,21629,6,2,0.1,183.47,178.99,322.18,South,Consumer,2025,7,Jul
500135,2024-10-31,21149,17,2,0.05,364.39,361.82,687.46,Central,Consumer,2024,10,Oct
500136,2024-07-01,20202,11,4,0.15,526.43,528.96,1798.46,Central,Consumer,2024,7,Jul
500137,2025-03-04,23870,3,1,0.05,379.36,397.49,377.62,East,Consumer,2025,3,Mar
500138,2024-06-02,20642,30,3,0.05,300.75,315.34,898.72,West,Corporate,2024,6,Jun
500139,2025-01-08,20286,19,3,0.0,495.95,505.99,1517.97,East,Small Business,2025,1,Jan
500140,2024-12-18,21813,18,2,0.1,376.89,357.02,642.64,Central,Small Business,2024,12,Dec
500141,2025-12-28,21924,20,2,0.05,187.69,177.51,337.27,West,Small Business,2025,12,Dec
500142,2025-03-20,20820,10,2,0.15,452.53,459.63,781.37,West,Consumer,2025,3,Mar
500143,2025-11-03,20937,1,2,0.0,118.77,119.49,238.98,Central,Small Business,2025,11,Nov
500144,2024-07-18,22675,5,3,0.05,310.91,299.27,852.92,North,Consumer,2024,7,Jul
500145,2024-01-31,22123,25,2,0.0,408.11,417.16,834.32,South,Consumer,2024,1,Jan
500146,2024-09-11,20947,12,3,0.1,119.8,119.36,322.27,West,Corporate,2024,9,Sep
500147,2024-11-25,21600,30,4,0.2,300.75,292.0,934.4,Central,Consumer,2024,11,Nov
500148,2024-10-30,23100,9,1,0.2,308.58,320.5,256.4,Central,Consumer,2024,10,Oct
500149,2024-01-05,23961,15,3,0.05,203.7,209.62,597.42,West,Consumer,2024,1,Jan
500150,2024-01-08,20838,27,4,0.05,282.82,284.62,1081.56,Central,Consumer,2024,1,Jan
500151,2025-02-08,20765,22,4,0.0,356.25,381.96,1527.84,South,Consumer,2025,2,Feb
500152,2024-06-24,22350,16,2,0.2,113.27,116.13,185.81,Central,Consumer,2024,6,Jun
500153,2024-09-18,21547,18,2,0.0,376.89,405.71,811.42,South,Consumer,2024,9,Sep
500154,2025-07-19,22091,29,2,0.1,538.73,540.53,972.95,South,Consumer,2025,7,Jul
500155,2024-10-07,21986,15,4,0.05,203.7,205.21,779.8,East,Small Business,2024,10,Oct
500156,2025-08-17,23214,10,4,0.05,452.53,443.38,1684.84,South,Small Business,2025,8,Aug
500157,2024-12-25,20172,23,3,0.05,430.62,400.34,1140.97,Central,Consumer,2024,12,Dec
500158,2025-06-22,22433,4,1,0.05,453.41,487.25,462.89,North,Consumer,2025,6,Jun
500159,2024-07-28,23953,2,1,0.05,177.67,179.87,170.88,Central,Consumer,2024,7,Jul
500160,2024-04-11,22061,26,2,0.1,173.18,168.18,302.72,Central,Consumer,2024,4,Apr
500161,2024-07-09,20669,28,3,0.2,297.74,277.18,665.23,West,Corporate,2024,7,Jul
500162,2024-04-13,23622,20,2,0.0,187.69,176.87,353.74,Central,Small Business,2024,4,Apr
500163,2024-12-13,20626,6,4,0.05,183.47,197.3,749.74,Central,Consumer,2024,12,Dec
500164,2024-08-15,23526,21,3,0.0,301.42,295.19,885.57,West,Consumer,2024,8,Aug
500165,2024-07-12,22407,29,3,0.1,538.73,566.67,1530.01,West,Consumer,2024,7,Jul
500166,2024-06-05,23530,5,1,0.15,310.91,296.49,252.02,Central,Consumer,2024,6,Jun
500167,2024-10-25,20339,6,3,0.05,183.47,171.51,488.8,South,Consumer,2024,10,Oct
500168,2024-01-17,20948,10,1,0.0,452.53,476.01,476.01,North,Consumer,2024,1,Jan
500169,2024-10-04,23303,9,4,0.05,308.58,317.63,1206.99,South,Consumer,2024,10,Oct
500170,2024-06-10,22874,2,1,0.05,177.67,190.1,180.6,North,Small Business,2024,6,Jun
500171,2025-01-26,22547,3,1,0.0,379.36,396.83,396.83,Central,Corporate,2025,1,Jan
500172,2024-12-20,22561,9,4,0.05,308.58,309.54,1176.25,Central,Consumer,2024,12,Dec
500173,2024-11-30,23848,8,4,0.05,289.09,296.86,1128.07,South,Small Business,2024,11,Nov
500174,2025-03-20,23397,21,1,0.0,301.42,316.92,316.92,Central,Consumer,2025,3,Mar
500175,2024-02-11,20922,24,1,0.05,471.09,505.75,480.46,West,Consumer,2024,2,Feb
500176,2024-03-06,22528,25,3,0.05,408.11,398.28,1135.1,Central,Consumer,2024,3,Mar
500177,2024-12-16,22622,27,4,0.15,282.82,297.66,1012.04,Central,Small Business,2024,12,Dec
500178,2024-10-01,20768,29,1,0.0,538.73,520.77,520.77,Central,Small Business,2024,10,Oct
500179,2024-08-06,21087,23,2,0.15,430.62,436.44,741.95,West,Small Business,2024,8,Aug
500180,2024-10-02,21149,11,3,0.0,526.43,536.57,1609.71,Central,Consumer,2024,10,Oct
500181,2024-06-28,22886,7,3,0.05,208.23,191.64,546.17,East,Consumer,2024,6,Jun
500182,2024-04-07,21940,8,1,0.15,289.09,296.48,252.01,South,Consumer,2024,4,Apr
500183,2024-06-14,22020,22,1,0.15,356.25,356.41,302.95,East,Consumer,2024,6,Jun
500184,2025-11-23,22215,26,3,0.1,173.18,169.22,456.89,Central,Corporate,2025,11,Nov
500185,2024-03-26,20531,2,4,0.0,177.67,183.93,735.72,West,Consumer,2024,3,Mar
500186,2025-12-27,21708,11,4,0.0,526.43,540.64,2162.56,Central,Consumer,2025,12,Dec
500187,2025-05-08,21480,14,4,0.0,323.49,330.8,1323.2,East,Consumer,2025,5,May
500188,2024-03-23,23448,13,4,0.05,509.47,504.36,1916.57,North,Small Business,2024,3,Mar
500189,2025-08-02,20324,17,3,0.0,364.39,344.95,1034.85,North,Consumer,2025,8,Aug
500190,2024-07-18,23409,7,3,0.15,208.23,214.79,547.71,East,Consumer,2024,7,Jul
500191,2024-12-22,23706,3,1,0.0,379.36,407.42,407.42,Central,Corporate,2024,12,Dec
500192,2024-01-09,22997,2,4,0.15,177.67,185.47,630.6,Central,Consumer,2024,1,Jan
500193,2024-01-13,23802,1,3,0.0,118.77,114.67,344.01,South,Consumer,2024,1,Jan
500194,2025-07-31,21782,6,4,0.15,183.47,179.86,611.52,West,Small Business,2025,7,Jul
500195,2025-03-05,20688,23,4,0.0,430.62,433.13,1732.52,Central,Small Business,2025,3,Mar
500196,2024-11-02,23050,6,2,0.0,183.47,195.72,391.44,Central,Small Business,2024,11,Nov
500197,2025-11-17,20485,12,4,0.0,119.8,126.5,506.0,Central,Corporate,2025,11,Nov
500198,2025-12-18,23436,23,2,0.1,430.62,413.67,744.61,South,Consumer,2025,12,Dec
500199,2025-12-07,22300,30,1,0.05,300.75,290.17,275.66,South,Consumer,2025,12,Dec
500200,2024-12-28,22424,20,2,0.15,187.69,198.47,337.4,North,Small Business,2024,12,Dec
500201,2025-08-28,22123,4,2,0.0,453.41,467.64,935.28,South,Consumer,2025,8,Aug
500202,2024-02-19,22424,2,2,0.2,177.67,186.38,298.21,North,Small Business,2024,2,Feb
500203,2025-06-18,23497,5,2,0.0,310.91,288.58,577.16,East,Consumer,2025,6,Jun
500204,2025-08-22,20939,1,3,0.05,118.77,122.25,348.41,East,Consumer,2025,8,Aug
500205,2024-01-03,21931,7,3,0.0,208.23,221.31,663.93,Central,Consumer,2024,1,Jan
500206,2025-07-26,21421,15,2,0.05,203.7,205.11,389.71,East,Consumer,2025,7,Jul
500207,2025-10-10,20693,26,3,0.1,173.18,180.3,486.81,East,Small Business,2025,10,Oct
500208,2024-05-27,22741,18,4,0.05,376.89,353.47,1343.19,Central,Small Business,2024,5,May
500209,2025-11-04,21953,26,4,0.15,173.18,182.03,618.9,Central,Consumer,2025,11,Nov
500210,2024-05-12,23609,21,3,0.1,301.42,279.86,755.62,West,Consumer,2024,5,May
500211,2025-11-22,20899,3,4,0.05,379.36,380.64,1446.43,Central,Small Business,2025,11,Nov
500212,2025-11-13,22750,10,2,0.15,452.53,430.77,732.31,Central,Consumer,2025,11,Nov
500213,2024-12-22,23005,15,1,0.1,203.7,219.96,197.96,West,Consumer,2024,12,Dec
500214,2025-12-28,21369,17,4,0.2,364.39,372.11,1190.75,Central,Small Business,2025,12,Dec
500215,2025-01-21,22601,23,3,0.05,430.62,464.85,1324.82,East,Small Business,2025,1,Jan
500216,2025-06-07,23147,19,3,0.15,495.95,515.8,1315.29,Central,Consumer,2025,6,Jun
500217,2024-11-26,21060,24,4,0.0,471.09,470.08,1880.32,North,Consumer,2024,11,Nov
500218,2024-05-04,21924,1,2,0.15,118.77,126.57,215.17,West,Small Business,2024,5,May
500219,2024-08-18,21602,11,2,0.05,526.43,506.27,961.91,Central,Consumer,2024,8,Aug
500220,2024-05-24,21440,30,4,0.0,300.75,323.65,1294.6,West,Consumer,2024,5,May
500221,2024-05-22,21914,5,4,0.1,310.91,293.48,1056.53,East,Consumer,2024,5,May
500222,2025-05-02,21408,29,2,0.15,538.73,539.6,917.32,Central,Consumer,2025,5,May
500223,2024-02-18,23977,11,2,0.05,526.43,557.89,1059.99,Central,Consumer,2024,2,Feb
500224,2024-03-03,23199,12,1,0.05,119.8,122.07,115.97,North,Consumer,2024,3,Mar
500225,2025-11-10,21397,4,1,0.15,453.41,475.84,404.46,Central,Corporate,2025,11,Nov
500226,2024-05-25,23423,18,4,0.0,376.89,382.19,1528.76,Central,Consumer,2024,5,May
500227,2025-03-08,21586,8,2,0.15,289.09,288.39,490.26,East,Corporate,2025,3,Mar
500228,2024-01-07,21308,12,3,0.1,119.8,125.56,339.01,West,Small Business,2024,1,Jan
500229,2025-06-29,22484,23,4,0.05,430.62,421.81,1602.88,West,Consumer,2025,6,Jun
500230,2025-01-30,20822,26,1,0.05,173.18,178.61,169.68,Central,Consumer,2025,1,Jan
500231,2024-01-19,20552,22,2,0.0,356.25,331.08,662.16,East,Small Business,2024,1,Jan
500232,2025-03-26,22147,3,1,0.0,379.36,365.88,365.88,North,Consumer,2025,3,Mar
500233,2024-04-28,20846,19,3,0.05,495.95,531.34,1514.32,West,Consumer,2024,4,Apr
500234,2025-12-09,23375,6,4,0.0,183.47,181.67,726.68,East,Consumer,2025,12,Dec
500235,2025-01-03,21451,28,1,0.0,297.74,304.6,304.6,South,Small Business,2025,1,Jan
500236,2024-03-11,20425,22,1,0.05,356.25,335.43,318.66,West,Consumer,2024,3,Mar
500237,2024-12-14,22033,18,3,0.05,376.89,348.43,993.03,South,Small Business,2024,12,Dec
500238,2025-10-31,21951,8,3,0.0,289.09,284.25,852.75,West,Small Business,2025,10,Oct
500239,2025-08-07,20796,30,3,0.05,300.75,285.61,813.99,South,Consumer,2025,8,Aug
500240,2024-08-11,20002,30,1,0.0,300.75,296.94,296.94,West,Consumer,2024,8,Aug
500241,2025-01-12,20732,19,1,0.15,495.95,486.45,413.48,Central,Consumer,2025,1,Jan
500242,2025-10-06,22370,26,4,0.0,173.18,175.72,702.88,Central,Consumer,2025,10,Oct
500243,2024-10-15,21887,22,2,0.15,356.25,370.15,629.26,Central,Consumer,2024,10,Oct
500244,2025-05-10,21036,25,1,0.05,408.11,400.52,380.49,South,Corporate,2025,5,May
500245,2024-12-11,22054,4,4,0.1,453.41,461.69,1662.08,South,Consumer,2024,12,Dec
500246,2024-08-29,21490,6,3,0.05,183.47,171.32,488.26,North,Consumer,2024,8,Aug
500247,2024-04-13,21425,9,4,0.05,308.58,295.61,1123.32,Central,Consumer,2024,4,Apr
500248,2025-10-08,21285,6,4,0.15,183.47,192.9,655.86,West,Consumer,2025,10,Oct
500249,2025-02-01,21900,22,1,0.0,356.25,373.53,373.53,Central,Consumer,2025,2,Feb
500250,2025-03-11,21967,25,3,0.2,408.11,392.88,942.91,West,Corporate,2025,3,Mar
500251,2024-01-20,20586,21,3,0.1,301.42,323.35,873.04,West,Corporate,2024,1,Jan
500252,2025-04-22,22723,13,2,0.15,509.47,543.96,924.73,Central,Consumer,2025,4,Apr
500253,2024-05-30,21350,22,4,0.2,356.25,373.81,1196.19,West,Consumer,2024,5,May
500254,2025-10-13,20400,23,2,0.0,430.62,415.85,831.7,South,Consumer,2025,10,Oct
500255,2025-04-27,20801,3,1,0.2,379.36,367.0,293.6,West,Consumer,2025,4,Apr
500256,2024-11-28,22618,19,4,0.05,495.95,499.83,1899.35,East,Consumer,2024,11,Nov
500257,2024-10-10,22237,1,3,0.05,118.77,113.97,324.81,West,Consumer,2024,10,Oct
500258,2024-03-23,21115,27,3,0.0,282.82,287.64,862.92,Central,Consumer,2024,3,Mar
500259,2025-06-02,22086,2,3,0.0,177.67,175.75,527.25,Central,Consumer,2025,6,Jun
500260,2024-02-29,23001,24,4,0.0,471.09,462.44,1849.76,Central,Consumer,2024,2,Feb
500261,2025-12-01,22647,2,3,0.0,177.67,184.07,552.21,West,Consumer,2025,12,Dec
500262,2024-08-24,20427,21,1,0.0,301.42,303.86,303.86,South,Consumer,2024,8,Aug
500263,2025-10-28,22756,3,2,0.1,379.36,360.99,649.78,South,Corporate,2025,10,Oct
500264,2025-09-18,23187,20,4,0.1,187.69,181.06,651.82,East,Consumer,2025,9,Sep
500265,2024-12-06,20936,7,4,0.0,208.23,213.35,853.4,South,Corporate,2024,12,Dec
500266,2025-11-25,22764,24,1,0.1,471.09,434.94,391.45,West,Small Business,2025,11,Nov
500267,2025-05-17,21989,30,1,0.05,300.75,323.63,307.45,South,Consumer,2025,5,May
500268,2025-02-16,20393,15,2,0.0,203.7,202.15,404.3,East,Consumer,2025,2,Feb
500269,2024-06-30,23578,7,4,0.05,208.23,220.5,837.9,West,Consumer,2024,6,Jun
500270,2025-02-20,23550,16,3,0.0,113.27,119.47,358.41,South,Consumer,2025,2,Feb
500271,2025-03-22,23307,4,3,0.05,453.41,467.54,1332.49,East,Consumer,2025,3,Mar
500272,2024-06-29,20301,29,4,0.0,538.73,569.09,2276.36,Central,Consumer,2024,6,Jun
500273,2025-02-23,23585,2,2,0.05,177.67,168.72,320.57,West,Corporate,2025,2,Feb
500274,2025-10-07,20548,24,3,0.1,471.09,489.02,1320.35,North,Consumer,2025,10,Oct
500275,2024-12-20,21799,23,3,0.05,430.62,425.37,1212.3,Central,Consumer,2024,12,Dec
500276,2024-10-12,20750,27,1,0.05,282.82,294.85,280.11,East,Corporate,2024,10,Oct
500277,2025-03-18,22095,24,2,0.2,471.09,499.56,799.3,West,Consumer,2025,3,Mar
500278,2024-12-18,20764,21,1,0.1,301.42,293.19,263.87,Central,Small Business,2024,12,Dec
500279,2025-04-29,21813,7,2,0.0,208.23,203.79,407.58,Central,Small Business,2025,4,Apr
500280,2025-12-02,23663,12,4,0.2,119.8,122.04,390.53,South,Consumer,2025,12,Dec
500281,2025-06-15,22569,17,1,0.0,364.39,352.64,352.64,East,Small Business,2025,6,Jun
500282,2025-08-05,21639,28,2,0.05,297.74,306.17,581.72,West,Corporate,2025,8,Aug
500283,2024-06-09,21166,18,3,0.1,376.89,363.91,982.56,South,Consumer,2024,6,Jun
500284,2025-07-12,20646,8,3,0.05,289.09,288.13,821.17,Central,Consumer,2025,7,Jul
500285,2024-02-14,23687,11,1,0.1,526.43,567.32,510.59,East,Consumer,2024,2,Feb
500286,2024-11-25,22193,10,4,0.05,452.53,457.65,1739.07,East,Small Business,2024,11,Nov
500287,2024-05-23,23774,21,2,0.1,301.42,303.48,546.26,Central,Consumer,2024,5,May
500288,2024-04-15,22974,7,3,0.0,208.23,209.93,629.79,Central,Consumer,2024,4,Apr
500289,2025-12-08,20402,30,3,0.2,300.75,305.76,733.82,Central,Small Business,2025,12,Dec
500290,2024-09-11,23914,22,1,0.05,356.25,358.83,340.89,South,Consumer,2024,9,Sep
500291,2025-01-29,23005,7,2,0.05,208.23,201.45,382.75,West,Consumer,2025,1,Jan
500292,2024-11-12,22393,18,4,0.05,376.89,364.51,1385.14,South,Small Business,2024,11,Nov
500293,2025-06-09,22264,9,2,0.0,308.58,328.01,656.02,North,Consumer,2025,6,Jun
500294,2025-08-05,20474,18,4,0.0,376.89,361.71,1446.84,Central,Consumer,2025,8,Aug
500295,2024-02-03,22334,15,3,0.0,203.7,195.04,585.12,Central,Consumer,2024,2,Feb
500296,2025-07-16,20506,22,4,0.1,356.25,334.09,1202.72,Central,Consumer,2025,7,Jul
500297,2025-04-28,22787,7,3,0.0,208.23,217.54,652.62,Central,Consumer,2025,4,Apr
500298,2025-11-03,23705,25,3,0.1,408.11,413.83,1117.34,South,Consumer,2025,11,Nov
500299,2024-02-28,21851,24,3,0.15,471.09,443.24,1130.26,South,Consumer,2024,2,Feb
500300,2024-02-22,23065,8,1,0.0,289.09,295.35,295.35,Central,Consumer,2024,2,Feb
500301,2024-06-22,22140,25,3,0.0,408.11,407.37,1222.11,East,Consumer,2024,6,Jun
500302,2024-11-18,20592,23,3,0.15,430.62,428.72,1093.24,Central,Consumer,2024,11,Nov
500303,2025-05-10,21864,10,1,0.2,452.53,445.62,356.5,Central,Consumer,2025,5,May
500304,2025-08-30,23168,16,3,0.1,113.27,121.16,327.13,Central,Corporate,2025,8,Aug
500305,2025-05-12,23844,1,2,0.0,118.77,111.25,222.5,East,Consumer,2025,5,May
500306,2024-12-07,20390,27,2,0.05,282.82,269.95,512.9,Central,Consumer,2024,12,Dec
500307,2024-04-07,22437,21,3,0.0,301.42,278.96,836.88,East,Consumer,2024,4,Apr
500308,2024-06-18,21498,2,3,0.05,177.67,190.25,542.21,Central,Small Business,2024,6,Jun
500309,2024-10-29,20707,23,1,0.05,430.62,413.01,392.36,North,Corporate,2024,10,Oct
500310,2025-08-06,20085,8,4,0.1,289.09,268.64,967.1,Central,Consumer,2025,8,Aug
500311,2025-10-15,21846,16,4,0.15,113.27,120.54,409.84,West,Consumer,2025,10,Oct
500312,2024-02-06,23900,6,2,0.0,183.47,196.94,393.88,North,Consumer,2024,2,Feb
500313,2025-11-02,23943,1,1,0.2,118.77,123.85,99.08,Central,Consumer,2025,11,Nov
500314,2024-09-21,21360,2,3,0.15,177.67,181.67,463.26,West,Small Business,2024,9,Sep
500315,2025-03-21,23647,1,4,0.1,118.77,114.25,411.3,Central,Consumer,2025,3,Mar
500316,2025-05-16,20499,21,3,0.2,301.42,290.88,698.11,South,Small Business,2025,5,May
500317,2024-10-13,22861,29,2,0.0,538.73,530.09,1060.18,South,Consumer,2024,10,Oct
500318,2024-04-27,23246,24,3,0.05,471.09,475.81,1356.06,East,Consumer,2024,4,Apr
500319,2024-05-26,21885,29,4,0.2,538.73,535.27,1712.86,South,Consumer,2024,5,May
500320,2025-09-05,21670,16,3,0.05,113.27,119.29,339.98,Central,Consumer,2025,9,Sep
500321,2025-04-28,21256,11,1,0.0,526.43,525.45,525.45,East,Consumer,2025,4,Apr
500322,2024-10-17,22483,26,3,0.1,173.18,178.61,482.25,Central,Small Business,2024,10,Oct
500323,2025-12-15,22730,7,1,0.15,208.23,203.07,172.61,Central,Consumer,2025,12,Dec
500324,2024-10-05,23448,20,3,0.05,187.69,183.78,523.77,North,Small Business,2024,10,Oct
500325,2025-06-29,21992,5,1,0.1,310.91,326.3,293.67,Central,Consumer,2025,6,Jun
500326,2025-11-24,21043,20,4,0.0,187.69,190.43,761.72,East,Corporate,2025,11,Nov
500327,2024-09-21,22829,8,2,0.15,289.09,287.7,489.09,West,Consumer,2024,9,Sep
500328,2024-04-17,22154,7,4,0.0,208.23,193.92,775.68,South,Consumer,2024,4,Apr
500329,2024-11-30,22707,23,4,0.0,430.62,459.61,1838.44,East,Small Business,2024,11,Nov
500330,2024-11-14,20664,29,2,0.05,538.73,545.4,1036.26,East,Corporate,2024,11,Nov
500331,2025-02-02,21711,21,4,0.1,301.42,305.61,1100.2,East,Small Business,2025,2,Feb
500332,2025-01-08,23404,15,3,0.0,203.7,199.39,598.17,East,Consumer,2025,1,Jan
500333,2025-04-01,20130,22,2,0.0,356.25,368.81,737.62,West,Consumer,2025,4,Apr
500334,2024-03-11,21282,29,2,0.15,538.73,532.69,905.57,West,Small Business,2024,3,Mar
500335,2025-09-16,22101,24,4,0.0,471.09,451.86,1807.44,West,Consumer,2025,9,Sep
500336,2024-08-18,21949,13,4,0.05,509.47,520.74,1978.81,North,Consumer,2024,8,Aug
500337,2025-07-26,22270,17,4,0.1,364.39,371.16,1336.18,West,Consumer,2025,7,Jul
500338,2025-01-24,22897,14,4,0.2,323.49,305.46,977.47,North,Consumer,2025,1,Jan
500339,2024-08-29,22444,16,4,0.2,113.27,114.28,365.7,West,Consumer,2024,8,Aug
500340,2025-11-05,23615,22,4,0.0,356.25,379.72,1518.88,South,Small Business,2025,11,Nov
500341,2024-07-20,22501,7,2,0.0,208.23,205.0,410.0,South,Consumer,2024,7,Jul
500342,2024-12-09,21392,25,2,0.0,408.11,409.8,819.6,North,Small Business,2024,12,Dec
500343,2024-08-06,22511,16,1,0.1,113.27,107.58,96.82,East,Consumer,2024,8,Aug
500344,2025-02-12,20340,8,3,0.05,289.09,299.14,852.55,West,Consumer,2025,2,Feb
500345,2024-03-24,23311,28,1,0.0,297.74,283.8,283.8,North,Consumer,2024,3,Mar
500346,2025-05-08,22095,30,4,0.05,300.75,306.7,1165.46,West,Consumer,2025,5,May
500347,2024-01-19,22307,17,4,0.1,364.39,385.16,1386.58,Central,Consumer,2024,1,Jan
500348,2024-04-16,20053,2,1,0.0,177.67,176.72,176.72,North,Consumer,2024,4,Apr
500349,2025-12-21,20182,18,3,0.05,376.89,364.3,1038.26,West,Consumer,2025,12,Dec
500350,2024-04-17,21571,2,3,0.0,177.67,187.82,563.46,West,Corporate,2024,4,Apr
500351,2024-08-17,20399,26,3,0.05,173.18,163.93,467.2,Central,Small Business,2024,8,Aug
500352,2024-12-15,21633,4,1,0.1,453.41,440.88,396.79,East,Small Business,2024,12,Dec
500353,2024-12-27,23547,23,1,0.1,430.62,399.45,359.5,Central,Consumer,2024,12,Dec
500354,2025-04-01,21864,17,3,0.0,364.39,360.62,1081.86,Central,Consumer,2025,4,Apr
500355,2024-03-09,22916,22,1,0.0,356.25,331.97,331.97,Central,Consumer,2024,3,Mar
500356,2024-08-20,21634,20,2,0.2,187.69,183.07,292.91,Central,Consumer,2024,8,Aug
500357,2024-11-17,21722,10,4,0.0,452.53,462.7,1850.8,Central,Consumer,2024,11,Nov
500358,2024-02-29,22953,27,3,0.0,282.82,290.13,870.39,East,Consumer,2024,2,Feb
500359,2024-01-01,23604,24,4,0.0,471.09,500.29,2001.16,Central,Consumer,2024,1,Jan
500360,2025-07-06,20948,14,1,0.05,323.49,342.97,325.82,North,Consumer,2025,7,Jul
500361,2025-10-14,23982,26,1,0.2,173.18,180.85,144.68,East,Corporate,2025,10,Oct
500362,2025-05-26,22078,24,4,0.1,471.09,459.51,1654.24,Central,Consumer,2025,5,May
500363,2025-12-06,20972,11,4,0.05,526.43,487.04,1850.75,Central,Corporate,2025,12,Dec
500364,2025-10-25,21300,19,3,0.05,495.95,490.28,1397.3,South,Consumer,2025,10,Oct
500365,2025-11-28,20461,6,4,0.0,183.47,181.3,725.2,North,Consumer,2025,11,Nov
500366,2025-08-01,22486,13,2,0.05,509.47,475.78,903.98,South,Consumer,2025,8,Aug
500367,2024-05-21,20416,12,4,0.0,119.8,110.45,441.8,East,Consumer,2024,5,May
500368,2025-06-25,21688,18,4,0.0,376.89,374.55,1498.2,Central,Consumer,2025,6,Jun
500369,2025-08-14,20111,10,2,0.0,452.53,481.9,963.8,South,Small Business,2025,8,Aug
500370,2025-01-17,20826,7,3,0.15,208.23,209.72,534.79,Central,Corporate,2025,1,Jan
500371,2024-09-09,21896,12,1,0.05,119.8,116.15,110.34,South,Consumer,2024,9,Sep
500372,2025-11-16,22376,23,2,0.0,430.62,420.76,841.52,West,Small Business,2025,11,Nov
500373,2025-04-24,22794,2,2,0.05,177.67,190.76,362.44,West,Corporate,2025,4,Apr
500374,2025-05-18,20992,17,2,0.1,364.39,393.28,707.9,North,Consumer,2025,5,May
500375,2025-11-08,21309,17,2,0.0,364.39,391.13,782.26,West,Consumer,2025,11,Nov
500376,2024-03-22,21586,25,2,0.05,408.11,437.49,831.23,East,Corporate,2024,3,Mar
500377,2025-02-04,21714,7,3,0.1,208.23,212.16,572.83,West,Consumer,2025,2,Feb
500378,2025-07-22,21664,12,1,0.0,119.8,117.36,117.36,West,Small Business,2025,7,Jul
500379,2024-10-20,20528,2,2,0.05,177.67,169.24,321.56,North,Consumer,2024,10,Oct
500380,2024-06-13,23594,6,2,0.0,183.47,195.33,390.66,Central,Small Business,2024,6,Jun
500381,2025-01-16,21215,23,4,0.0,430.62,432.41,1729.64,Central,Consumer,2025,1,Jan
500382,2025-08-13,22958,15,3,0.05,203.7,210.71,600.52,Central,Consumer,2025,8,Aug
500383,2025-03-30,22525,22,3,0.05,356.25,353.19,1006.59,Central,Corporate,2025,3,Mar
500384,2025-12-24,22518,15,4,0.1,203.7,188.64,679.1,Central,Corporate,2025,12,Dec
500385,2025-02-05,23945,22,4,0.1,356.25,369.57,1330.45,North,Consumer,2025,2,Feb
500386,2024-04-05,20450,10,3,0.1,452.53,470.08,1269.22,Central,Consumer,2024,4,Apr
500387,2024-04-06,21362,18,3,0.0,376.89,398.86,1196.58,South,Small Business,2024,4,Apr
500388,2024-02-28,21237,19,1,0.0,495.95,526.58,526.58,South,Small Business,2024,2,Feb
500389,2025-06-13,23980,20,1,0.15,187.69,177.98,151.28,Central,Consumer,2025,6,Jun
500390,2025-07-24,20200,9,4,0.1,308.58,329.3,1185.48,Central,Consumer,2025,7,Jul
500391,2024-01-11,21205,10,2,0.15,452.53,481.57,818.67,Central,Consumer,2024,1,Jan
500392,2025-08-06,22157,18,1,0.0,376.89,383.35,383.35,North,Consumer,2025,8,Aug
500393,2025-05-04,20023,28,2,0.15,297.74,276.54,470.12,West,Small Business,2025,5,May
500394,2025-05-07,20472,16,3,0.05,113.27,121.59,346.53,Central,Consumer,2025,5,May
500395,2024-11-02,23572,14,1,0.05,323.49,334.53,317.8,South,Small Business,2024,11,Nov
500396,2024-12-06,20117,1,2,0.2,118.77,111.52,178.43,West,Consumer,2024,12,Dec
500397,2024-01-03,20727,3,3,0.05,379.36,396.44,1129.85,West,Corporate,2024,1,Jan
500398,2025-09-19,21428,21,1,0.05,301.42,301.89,286.8,Central,Consumer,2025,9,Sep
500399,2025-06-03,21481,5,2,0.1,310.91,330.02,594.04,South,Consumer,2025,6,Jun
500400,2025-04-29,22977,13,4,0.1,509.47,481.26,1732.54,East,Consumer,2025,4,Apr
500401,2025-11-27,21233,3,2,0.0,379.36,380.17,760.34,North,Consumer,2025,11,Nov
500402,2025-09-23,21704,25,3,0.0,408.11,432.88,1298.64,West,Small Business,2025,9,Sep
500403,2024-05-29,22049,8,4,0.0,289.09,295.59,1182.36,North,Consumer,2024,5,May
500404,2024-09-01,20347,22,3,0.05,356.25,350.25,998.21,West,Consumer,2024,9,Sep
500405,2024-07-20,21434,15,2,0.05,203.7,195.79,372.0,East,Consumer,2024,7,Jul
500406,2024-09-06,22160,24,2,0.0,471.09,488.39,976.78,North,Consumer,2024,9,Sep
500407,2024-03-19,21122,15,4,0.05,203.7,200.21,760.8,North,Small Business,2024,3,Mar
500408,2025-03-22,21798,8,4,0.0,289.09,296.56,1186.24,Central,Consumer,2025,3,Mar
500409,2024-04-05,22168,29,4,0.05,538.73,530.19,2014.72,South,Consumer,2024,4,Apr
500410,2025-05-17,23844,23,4,0.05,430.62,429.43,1631.83,East,Consumer,2025,5,May
500411,2025-11-28,22327,20,2,0.1,187.69,175.79,316.42,South,Consumer,2025,11,Nov
500412,2024-04-07,20549,20,4,0.05,187.69,198.74,755.21,West,Consumer,2024,4,Apr
500413,2024-07-27,22943,27,1,0.0,282.82,295.23,295.23,West,Consumer,2024,7,Jul
500414,2024-04-26,22732,28,1,0.15,297.74,320.24,272.2,East,Corporate,2024,4,Apr
500415,2025-08-02,21341,5,2,0.1,310.91,313.3,563.94,South,Consumer,2025,8,Aug
500416,2025-08-31,22883,20,1,0.2,187.69,194.82,155.86,South,Consumer,2025,8,Aug
500417,2025-04-12,20497,28,4,0.0,297.74,278.77,1115.08,West,Small Business,2025,4,Apr
500418,2025-02-23,23394,4,1,0.0,453.41,442.2,442.2,West,Corporate,2025,2,Feb
500419,2025-01-16,20638,26,2,0.1,173.18,164.83,296.69,Central,Corporate,2025,1,Jan
500420,2024-06-16,23387,17,2,0.05,364.39,349.26,663.59,North,Consumer,2024,6,Jun
500421,2025-03-21,21270,3,2,0.0,379.36,359.39,718.78,Central,Consumer,2025,3,Mar
500422,2024-08-31,21618,20,1,0.0,187.69,184.43,184.43,South,Consumer,2024,8,Aug
500423,2024-10-11,21061,10,4,0.0,452.53,437.31,1749.24,East,Consumer,2024,10,Oct
500424,2025-08-20,22990,28,1,0.1,297.74,297.1,267.39,North,Consumer,2025,8,Aug
500425,2025-10-09,22552,28,3,0.05,297.74,315.73,899.83,North,Small Business,2025,10,Oct
500426,2024-06-03,21567,9,3,0.05,308.58,290.2,827.07,East,Corporate,2024,6,Jun
500427,2025-04-14,23062,25,1,0.0,408.11,390.5,390.5,West,Corporate,2025,4,Apr
500428,2025-03-18,23579,11,3,0.0,526.43,542.57,1627.71,West,Corporate,2025,3,Mar
500429,2025-11-24,21666,7,1,0.1,208.23,196.85,177.16,Central,Consumer,2025,11,Nov
500430,2025-01-06,22820,25,2,0.0,408.11,396.29,792.58,Central,Consumer,2025,1,Jan
500431,2024-10-23,23610,15,4,0.2,203.7,197.56,632.19,Central,Consumer,2024,10,Oct
500432,2025-11-29,20170,19,4,0.0,495.95,533.36,2133.44,West,Consumer,2025,11,Nov
500433,2025-11-21,21143,9,2,0.15,308.58,302.67,514.54,West,Corporate,2025,11,Nov
500434,2025-07-11,20754,14,3,0.05,323.49,345.75,985.39,East,Consumer,2025,7,Jul
500435,2025-11-14,22363,25,1,0.15,408.11,393.39,334.38,South,Consumer,2025,11,Nov
500436,2025-06-07,23617,22,2,0.1,356.25,335.46,603.83,North,Small Business,2025,6,Jun
500437,2024-08-30,23888,30,1,0.15,300.75,304.96,259.22,Central,Small Business,2024,8,Aug
500438,2025-07-04,22254,1,1,0.0,118.77,124.56,124.56,West,Consumer,2025,7,Jul
500439,2025-12-28,23709,25,4,0.0,408.11,415.02,1660.08,West,Consumer,2025,12,Dec
500440,2025-11-23,23109,12,3,0.1,119.8,115.92,312.98,South,Consumer,2025,11,Nov
500441,2025-07-14,23075,22,1,0.0,356.25,374.35,374.35,West,Corporate,2025,7,Jul
500442,2024-07-06,23404,13,4,0.0,509.47,537.6,2150.4,East,Consumer,2024,7,Jul
500443,2025-07-18,23294,6,2,0.0,183.47,182.61,365.22,Central,Consumer,2025,7,Jul
500444,2024-01-26,20192,3,1,0.1,379.36,404.74,364.27,South,Small Business,2024,1,Jan
500445,2025-04-03,22344,30,4,0.1,300.75,321.09,1155.92,West,Consumer,2025,4,Apr
500446,2024-07-30,20437,29,1,0.0,538.73,551.2,551.2,East,Consumer,2024,7,Jul
500447,2024-04-19,20559,10,3,0.15,452.53,434.16,1107.11,Central,Corporate,2024,4,Apr
500448,2025-10-28,23751,30,2,0.1,300.75,314.33,565.79,Central,Consumer,2025,10,Oct
500449,2025-06-27,22711,24,4,0.0,471.09,499.7,1998.8,North,Consumer,2025,6,Jun
500450,2025-05-26,22435,18,3,0.1,376.89,366.27,988.93,South,Corporate,2025,5,May
500451,2025-03-28,23785,16,3,0.05,113.27,106.64,303.92,South,Consumer,2025,3,Mar
500452,2024-04-23,22878,11,4,0.15,526.43,521.66,1773.64,East,Corporate,2024,4,Apr
500453,2025-01-23,22018,26,1,0.1,173.18,175.23,157.71,South,Consumer,2025,1,Jan
500454,2024-09-05,21579,20,2,0.05,187.69,187.32,355.91,South,Consumer,2024,9,Sep
500455,2025-12-27,21222,28,2,0.0,297.74,321.23,642.46,West,Consumer,2025,12,Dec
500456,2025-03-15,20968,28,4,0.1,297.74,312.8,1126.08,North,Consumer,2025,3,Mar
500457,2025-09-20,21472,28,3,0.2,297.74,320.02,768.05,North,Small Business,2025,9,Sep
500458,2024-04-29,20400,27,4,0.1,282.82,268.46,966.46,South,Consumer,2024,4,Apr
500459,2024-08-02,20054,20,2,0.1,187.69,179.79,323.62,North,Small Business,2024,8,Aug
500460,2025-03-13,20857,10,4,0.15,452.53,417.62,1419.91,Central,Consumer,2025,3,Mar
500461,2025-12-12,21836,14,1,0.1,323.49,337.11,303.4,West,Consumer,2025,12,Dec
500462,2024-02-24,20411,22,3,0.2,356.25,367.88,882.91,North,Consumer,2024,2,Feb
500463,2024-03-27,21316,17,4,0.05,364.39,357.56,1358.73,Central,Consumer,2024,3,Mar
500464,2025-06-15,23711,5,4,0.1,310.91,306.78,1104.41,East,Consumer,2025,6,Jun
500465,2024-03-21,22283,23,1,0.05,430.62,424.08,402.88,Central,Consumer,2024,3,Mar
500466,2024-08-07,23486,21,4,0.0,301.42,283.93,1135.72,Central,Consumer,2024,8,Aug
500467,2025-04-27,20723,8,4,0.0,289.09,287.42,1149.68,South,Small Business,2025,4,Apr
500468,2024-11-08,23019,8,1,0.0,289.09,303.1,303.1,West,Consumer,2024,11,Nov
500469,2025-07-09,20476,22,4,0.0,356.25,352.22,1408.88,East,Small Business,2025,7,Jul
500470,2024-01-11,20089,25,3,0.0,408.11,394.33,1182.99,Central,Small Business,2024,1,Jan
500471,2025-04-16,20005,30,2,0.0,300.75,302.87,605.74,West,Small Business,2025,4,Apr
500472,2025-04-16,22087,21,2,0.0,301.42,289.06,578.12,Central,Consumer,2025,4,Apr
500473,2024-07-14,20015,23,1,0.0,430.62,406.91,406.91,Central,Consumer,2024,7,Jul
500474,2025-05-16,20959,1,4,0.2,118.77,119.41,382.11,Central,Consumer,2025,5,May
500475,2024-11-11,22769,15,4,0.05,203.7,207.54,788.65,Central,Corporate,2024,11,Nov
500476,2025-09-30,20302,17,2,0.15,364.39,340.53,578.9,East,Corporate,2025,9,Sep
500477,2025-07-14,23537,4,4,0.05,453.41,444.53,1689.21,West,Small Business,2025,7,Jul
500478,2025-06-15,20084,14,4,0.05,323.49,336.66,1279.31,South,Corporate,2025,6,Jun
500479,2025-01-18,23311,3,2,0.1,379.36,398.57,717.43,North,Consumer,2025,1,Jan
500480,2025-05-09,22868,29,4,0.15,538.73,521.34,1772.56,Central,Consumer,2025,5,May
500481,2024-04-12,23381,5,4,0.0,310.91,320.58,1282.32,West,Small Business,2024,4,Apr
500482,2024-11-03,21516,17,2,0.0,364.39,383.05,766.1,Central,Consumer,2024,11,Nov
500483,2024-09-25,20238,23,1,0.1,430.62,435.62,392.06,South,Consumer,2024,9,Sep
500484,2024-02-23,22356,4,3,0.0,453.41,472.08,1416.24,East,Consumer,2024,2,Feb
500485,2025-08-14,23810,12,3,0.2,119.8,112.92,271.01,Central,Consumer,2025,8,Aug
500486,2025-04-16,23098,24,1,0.1,471.09,488.95,440.06,West,Consumer,2025,4,Apr
500487,2024-08-29,22616,16,2,0.0,113.27,117.78,235.56,East,Small Business,2024,8,Aug
500488,2024-01-17,21794,27,2,0.0,282.82,289.03,578.06,East,Consumer,2024,1,Jan
500489,2025-12-09,20950,4,4,0.1,453.41,440.86,1587.1,South,Consumer,2025,12,Dec
500490,2025-04-26,20517,17,3,0.05,364.39,367.08,1046.18,West,Corporate,2025,4,Apr
500491,2025-08-12,20207,20,1,0.05,187.69,178.21,169.3,Central,Corporate,2025,8,Aug
500492,2024-02-24,23774,27,1,0.0,282.82,284.39,284.39,Central,Consumer,2024,2,Feb
500493,2025-10-30,23760,16,4,0.0,113.27,119.27,477.08,Central,Consumer,2025,10,Oct
500494,2024-02-13,22588,10,1,0.0,452.53,458.75,458.75,North,Consumer,2024,2,Feb
500495,2025-10-29,21724,7,4,0.0,208.23,200.61,802.44,West,Small Business,2025,10,Oct
500496,2025-02-18,20797,9,4,0.0,308.58,304.88,1219.52,Central,Consumer,2025,2,Feb
500497,2025-09-27,23843,6,3,0.0,183.47,185.14,555.42,Central,Consumer,2025,9,Sep
500498,2025-11-03,22732,27,3,0.1,282.82,287.56,776.41,East,Corporate,2025,11,Nov
500499,2025-10-04,20248,7,4,0.0,208.23,209.99,839.96,Central,Small Business,2025,10,Oct
500500,2025-06-12,21714,13,3,0.05,509.47,536.94,1530.28,West,Consumer,2025,6,Jun
500501,2024-03-17,21388,4,3,0.0,453.41,421.46,1264.38,West,Small Business,2024,3,Mar
500502,2025-05-27,23170,30,4,0.0,300.75,305.88,1223.52,Central,Small Business,2025,5,May
500503,2025-01-19,22930,13,1,0.05,509.47,506.18,480.87,East,Corporate,2025,1,Jan
500504,2025-08-03,22881,29,3,0.15,538.73,508.59,1296.9,West,Small Business,2025,8,Aug
500505,2025-12-17,23125,16,4,0.1,113.27,105.21,378.76,South,Consumer,2025,12,Dec
500506,2024-12-02,21045,17,3,0.05,364.39,384.18,1094.91,South,Small Business,2024,12,Dec
500507,2024-07-16,21701,25,2,0.2,408.11,436.12,697.79,West,Small Business,2024,7,Jul
500508,2025-06-17,22963,24,2,0.0,471.09,477.15,954.3,East,Corporate,2025,6,Jun
500509,2024-06-24,21015,28,3,0.1,297.74,321.33,867.59,Central,Small Business,2024,6,Jun
500510,2024-12-15,22202,24,2,0.0,471.09,452.64,905.28,Central,Small Business,2024,12,Dec
500511,2025-05-30,23247,27,2,0.0,282.82,263.54,527.08,West,Consumer,2025,5,May
500512,2025-11-25,22692,11,2,0.05,526.43,555.02,1054.54,Central,Small Business,2025,11,Nov
500513,2025-06-22,21355,1,1,0.1,118.77,114.39,102.95,Central,Consumer,2025,6,Jun
500514,2025-06-04,21581,14,3,0.05,323.49,326.24,929.78,Central,Corporate,2025,6,Jun
500515,2025-01-14,22550,6,2,0.0,183.47,178.14,356.28,Central,Consumer,2025,1,Jan
500516,2024-08-08,20415,28,3,0.15,297.74,290.16,739.91,West,Consumer,2024,8,Aug
500517,2025-09-14,23161,23,4,0.0,430.62,457.69,1830.76,South,Consumer,2025,9,Sep
500518,2024-09-23,20144,16,1,0.0,113.27,113.16,113.16,East,Consumer,2024,9,Sep
500519,2024-06-05,23177,19,4,0.0,495.95,460.89,1843.56,Central,Consumer,2024,6,Jun
500520,2025-04-12,23168,10,4,0.15,452.53,461.55,1569.27,Central,Corporate,2025,4,Apr
500521,2025-10-31,22561,24,1,0.0,471.09,506.83,506.83,Central,Consumer,2025,10,Oct
500522,2024-12-13,21125,4,1,0.1,453.41,434.08,390.67,Central,Consumer,2024,12,Dec
500523,2024-09-27,21634,23,2,0.0,430.62,443.74,887.48,Central,Consumer,2024,9,Sep
500524,2024-04-23,22357,13,3,0.0,509.47,503.77,1511.31,West,Consumer,2024,4,Apr
500525,2025-08-18,23774,14,3,0.0,323.49,312.17,936.51,Central,Consumer,2025,8,Aug
500526,2025-04-08,23365,14,1,0.0,323.49,345.13,345.13,Central,Consumer,2025,4,Apr
500527,2024-05-11,20240,29,1,0.0,538.73,499.08,499.08,West,Consumer,2024,5,May
500528,2025-03-28,23801,15,4,0.1,203.7,217.86,784.3,East,Consumer,2025,3,Mar
500529,2024-09-29,22780,1,1,0.2,118.77,110.87,88.7,East,Small Business,2024,9,Sep
500530,2024-01-13,23880,23,1,0.0,430.62,444.97,444.97,Central,Corporate,2024,1,Jan
500531,2025-04-12,21449,28,2,0.0,297.74,274.0,548.0,South,Small Business,2025,4,Apr
500532,2024-10-06,23223,30,1,0.1,300.75,319.01,287.11,South,Consumer,2024,10,Oct
500533,2024-06-01,20462,9,3,0.1,308.58,320.19,864.51,South,Corporate,2024,6,Jun
500534,2025-06-19,22089,12,1,0.05,119.8,111.03,105.48,Central,Consumer,2025,6,Jun
500535,2024-06-01,21712,9,1,0.0,308.58,318.56,318.56,South,Consumer,2024,6,Jun
500536,2024-05-12,21065,25,2,0.0,408.11,420.34,840.68,South,Consumer,2024,5,May
500537,2024-05-12,21303,20,3,0.15,187.69,186.44,475.42,West,Consumer,2024,5,May
500538,2025-09-15,20070,19,3,0.0,495.95,527.74,1583.22,West,Consumer,2025,9,Sep
500539,2024-11-10,22653,30,1,0.0,300.75,320.68,320.68,South,Small Business,2024,11,Nov
500540,2025-02-18,20903,26,1,0.0,173.18,172.94,172.94,Central,Small Business,2025,2,Feb
500541,2025-08-26,20074,5,3,0.1,310.91,286.06,772.36,East,Consumer,2025,8,Aug
500542,2024-10-24,20946,13,4,0.05,509.47,527.0,2002.6,Central,Small Business,2024,10,Oct
500543,2024-07-15,23121,28,2,0.1,297.74,302.5,544.5,East,Small Business,2024,7,Jul
500544,2025-12-22,22105,14,1,0.05,323.49,325.43,309.16,South,Consumer,2025,12,Dec
500545,2025-03-21,20886,11,2,0.1,526.43,524.19,943.54,West,Corporate,2025,3,Mar
500546,2025-04-11,22510,10,4,0.15,452.53,446.17,1516.98,West,Corporate,2025,4,Apr
500547,2024-08-03,20810,21,4,0.05,301.42,298.14,1132.93,West,Consumer,2024,8,Aug
500548,2025-11-07,23921,22,2,0.0,356.25,332.8,665.6,South,Consumer,2025,11,Nov
500549,2024-08-30,20433,14,4,0.0,323.49,302.37,1209.48,Central,Small Business,2024,8,Aug
500550,2025-12-31,21563,9,3,0.0,308.58,287.64,862.92,West,Small Business,2025,12,Dec
500551,2025-03-29,22124,2,3,0.15,177.67,170.26,434.16,South,Small Business,2025,3,Mar
500552,2024-12-01,23754,13,4,0.05,509.47,472.81,1796.68,Central,Consumer,2024,12,Dec
500553,2025-06-07,20336,11,3,0.1,526.43,568.12,1533.92,West,Consumer,2025,6,Jun
500554,2024-09-21,23229,16,4,0.15,113.27,117.2,398.48,Central,Consumer,2024,9,Sep
500555,2025-08-28,21007,1,4,0.0,118.77,118.85,475.4,North,Consumer,2025,8,Aug
500556,2025-09-26,22828,25,4,0.0,408.11,395.07,1580.28,Central,Consumer,2025,9,Sep
500557,2024-03-13,20488,8,2,0.1,289.09,307.02,552.64,Central,Consumer,2024,3,Mar
500558,2024-01-08,20700,20,2,0.05,187.69,182.01,345.82,Central,Consumer,2024,1,Jan
500559,2024-02-20,23994,15,1,0.1,203.7,219.23,197.31,East,Small Business,2024,2,Feb
500560,2024-12-04,22472,17,3,0.0,364.39,369.66,1108.98,East,Consumer,2024,12,Dec
500561,2025-04-30,20102,27,3,0.0,282.82,273.95,821.85,West,Consumer,2025,4,Apr
500562,2025-04-15,22372,3,1,0.1,379.36,354.31,318.88,West,Small Business,2025,4,Apr
500563,2024-07-07,22865,11,3,0.15,526.43,543.6,1386.18,West,Consumer,2024,7,Jul
500564,2025-08-15,23162,3,3,0.15,379.36,357.57,911.8,South,Consumer,2025,8,Aug
500565,2024-03-07,21034,24,3,0.1,471.09,459.37,1240.3,East,Consumer,2024,3,Mar
500566,2025-05-15,22317,11,2,0.0,526.43,567.36,1134.72,West,Consumer,2025,5,May
500567,2024-12-06,20621,14,4,0.0,323.49,300.61,1202.44,West,Corporate,2024,12,Dec
500568,2024-01-15,23854,1,1,0.0,118.77,111.84,111.84,Central,Small Business,2024,1,Jan
500569,2025-09-21,20881,19,1,0.05,495.95,490.55,466.02,South,Consumer,2025,9,Sep
500570,2025-05-08,20797,7,4,0.1,208.23,193.97,698.29,Central,Consumer,2025,5,May
500571,2025-02-09,22745,2,4,0.05,177.67,181.24,688.71,West,Corporate,2025,2,Feb
500572,2025-04-22,20663,29,4,0.05,538.73,568.28,2159.46,South,Consumer,2025,4,Apr
500573,2024-08-16,20544,16,4,0.05,113.27,112.75,428.45,Central,Consumer,2024,8,Aug
500574,2024-01-07,22907,7,1,0.0,208.23,210.23,210.23,Central,Consumer,2024,1,Jan
500575,2024-10-04,20587,11,1,0.2,526.43,528.17,422.54,East,Consumer,2024,10,Oct
500576,2024-08-06,23984,24,1,0.0,471.09,463.29,463.29,Central,Consumer,2024,8,Aug
500577,2025-05-23,23256,15,3,0.2,203.7,217.75,522.6,East,Small Business,2025,5,May
500578,2024-12-09,20952,20,1,0.0,187.69,174.86,174.86,South,Corporate,2024,12,Dec
500579,2025-12-05,20290,9,4,0.05,308.58,323.81,1230.48,South,Consumer,2025,12,Dec
500580,2025-04-07,20216,4,4,0.15,453.41,472.48,1606.43,Central,Consumer,2025,4,Apr
500581,2025-05-11,22221,1,4,0.0,118.77,118.37,473.48,Central,Corporate,2025,5,May
500582,2025-05-12,22630,7,1,0.05,208.23,218.29,207.38,Central,Small Business,2025,5,May
500583,2024-08-01,21464,28,2,0.0,297.74,275.4,550.8,West,Small Business,2024,8,Aug
500584,2025-02-01,22990,1,3,0.0,118.77,115.28,345.84,North,Consumer,2025,2,Feb
500585,2025-10-27,22344,1,2,0.0,118.77,126.7,253.4,West,Consumer,2025,10,Oct
500586,2025-12-26,22042,1,1,0.0,118.77,124.91,124.91,East,Small Business,2025,12,Dec
500587,2024-08-21,20031,23,2,0.0,430.62,461.7,923.4,East,Consumer,2024,8,Aug
500588,2025-05-16,20912,27,3,0.15,282.82,290.84,741.64,West,Consumer,2025,5,May
500589,2024-02-29,21054,14,2,0.2,323.49,304.5,487.2,Central,Small Business,2024,2,Feb
500590,2024-04-30,21985,30,4,0.0,300.75,322.9,1291.6,East,Consumer,2024,4,Apr
500591,2024-10-26,20823,11,4,0.1,526.43,523.8,1885.68,East,Consumer,2024,10,Oct
500592,2025-06-16,21231,28,1,0.1,297.74,321.27,289.14,Central,Small Business,2025,6,Jun
500593,2024-05-11,20657,15,4,0.0,203.7,208.16,832.64,South,Corporate,2024,5,May
500594,2024-06-05,20871,11,3,0.0,526.43,550.91,1652.73,South,Consumer,2024,6,Jun
500595,2025-06-07,23434,27,2,0.1,282.82,271.77,489.19,West,Consumer,2025,6,Jun
500596,2024-05-02,22005,3,3,0.0,379.36,371.35,1114.05,West,Consumer,2024,5,May
500597,2024-02-22,23780,4,4,0.0,453.41,417.3,1669.2,South,Consumer,2024,2,Feb
500598,2025-04-05,20191,23,2,0.0,430.62,449.62,899.24,East,Consumer,2025,4,Apr
500599,2025-01-02,21829,28,2,0.1,297.74,291.44,524.59,West,Consumer,2025,1,Jan
500600,2025-01-11,22868,9,4,0.0,308.58,287.09,1148.36,Central,Consumer,2025,1,Jan
500601,2025-02-08,23301,19,3,0.0,495.95,462.12,1386.36,Central,Small Business,2025,2,Feb
500602,2025-11-22,23063,6,3,0.0,183.47,177.72,533.16,West,Consumer,2025,11,Nov
500603,2025-11-22,21729,5,4,0.0,310.91,334.93,1339.72,North,Consumer,2025,11,Nov
500604,2025-03-02,23942,14,1,0.1,323.49,298.28,268.45,North,Small Business,2025,3,Mar
500605,2025-04-25,20984,29,4,0.1,538.73,535.54,1927.94,East,Consumer,2025,4,Apr
500606,2025-01-16,23515,3,1,0.15,379.36,394.1,334.98,South,Consumer,2025,1,Jan
500607,2024-09-24,23994,27,1,0.05,282.82,274.16,260.45,East,Small Business,2024,9,Sep
500608,2024-04-09,21179,1,4,0.05,118.77,116.74,443.61,Central,Consumer,2024,4,Apr
500609,2025-04-19,23275,30,2,0.05,300.75,293.07,556.83,South,Consumer,2025,4,Apr
500610,2025-09-21,21217,16,1,0.0,113.27,105.09,105.09,West,Consumer,2025,9,Sep
500611,2025-05-28,23500,25,2,0.2,408.11,378.36,605.38,Central,Small Business,2025,5,May
500612,2024-08-19,21776,19,4,0.0,495.95,518.32,2073.28,North,Consumer,2024,8,Aug
500613,2025-03-23,21448,26,2,0.1,173.18,181.94,327.49,Central,Consumer,2025,3,Mar
500614,2024-10-31,22897,19,1,0.05,495.95,479.86,455.87,North,Consumer,2024,10,Oct
500615,2025-12-13,20913,5,3,0.15,310.91,335.0,854.25,South,Consumer,2025,12,Dec
500616,2025-01-02,20164,1,4,0.0,118.77,110.73,442.92,Central,Small Business,2025,1,Jan
500617,2024-12-08,23638,25,3,0.1,408.11,418.82,1130.81,South,Small Business,2024,12,Dec
500618,2025-11-30,23847,3,2,0.05,379.36,368.95,701.0,North,Corporate,2025,11,Nov
500619,2024-05-19,20181,22,2,0.0,356.25,354.18,708.36,East,Consumer,2024,5,May
500620,2024-07-08,22811,6,4,0.05,183.47,179.75,683.05,Central,Consumer,2024,7,Jul
500621,2024-05-27,20443,20,1,0.05,187.69,173.86,165.17,North,Consumer,2024,5,May
500622,2025-05-15,23403,11,4,0.1,526.43,556.09,2001.92,North,Small Business,2025,5,May
500623,2025-05-16,20927,27,2,0.05,282.82,296.21,562.8,West,Consumer,2025,5,May
500624,2025-05-30,22761,22,2,0.1,356.25,331.19,596.14,East,Consumer,2025,5,May
500625,2025-11-09,20695,15,4,0.1,203.7,209.45,754.02,South,Consumer,2025,11,Nov
500626,2024-01-19,23684,1,4,0.05,118.77,115.86,440.27,North,Small Business,2024,1,Jan
500627,2024-06-28,21058,10,2,0.1,452.53,429.66,773.39,South,Consumer,2024,6,Jun
500628,2024-10-13,23269,6,4,0.05,183.47,175.77,667.93,Central,Small Business,2024,10,Oct
500629,2024-06-03,23379,23,1,0.05,430.62,402.53,382.4,North,Small Business,2024,6,Jun
500630,2024-01-30,21744,23,4,0.15,430.62,406.39,1381.73,East,Small Business,2024,1,Jan
500631,2024-06-23,20546,13,4,0.0,509.47,507.01,2028.04,North,Small Business,2024,6,Jun
500632,2024-04-16,22836,12,2,0.15,119.8,125.97,214.15,Central,Small Business,2024,4,Apr
500633,2025-11-19,20254,18,2,0.15,376.89,379.51,645.17,Central,Consumer,2025,11,Nov
500634,2024-02-26,23769,14,4,0.1,323.49,325.73,1172.63,East,Consumer,2024,2,Feb
500635,2024-06-05,21489,15,3,0.1,203.7,213.77,577.18,South,Consumer,2024,6,Jun
500636,2024-07-03,23781,4,4,0.0,453.41,479.92,1919.68,West,Small Business,2024,7,Jul
500637,2025-06-04,20089,27,1,0.05,282.82,288.53,274.1,Central,Small Business,2025,6,Jun
500638,2025-05-21,23601,9,1,0.0,308.58,306.61,306.61,West,Consumer,2025,5,May
500639,2025-09-26,20581,12,1,0.05,119.8,114.68,108.95,Central,Consumer,2025,9,Sep
500640,2024-04-18,23001,11,4,0.0,526.43,494.92,1979.68,Central,Consumer,2024,4,Apr
500641,2025-09-14,21535,29,1,0.1,538.73,549.53,494.58,Central,Consumer,2025,9,Sep
500642,2024-10-15,22539,29,1,0.05,538.73,570.9,542.35,Central,Corporate,2024,10,Oct
500643,2025-08-23,20856,28,2,0.0,297.74,315.77,631.54,South,Consumer,2025,8,Aug
500644,2025-02-22,22200,17,1,0.1,364.39,359.93,323.94,South,Small Business,2025,2,Feb
500645,2024-12-21,22345,10,3,0.0,452.53,428.16,1284.48,South,Consumer,2024,12,Dec
500646,2024-05-29,20761,4,2,0.1,453.41,483.01,869.42,Central,Corporate,2024,5,May
500647,2024-01-26,22811,17,2,0.1,364.39,369.14,664.45,Central,Consumer,2024,1,Jan
500648,2024-07-07,21835,23,4,0.15,430.62,421.51,1433.13,Central,Consumer,2024,7,Jul
500649,2024-06-11,21631,21,3,0.1,301.42,283.13,764.45,Central,Consumer,2024,6,Jun
500650,2025-02-10,20539,28,3,0.0,297.74,303.45,910.35,North,Consumer,2025,2,Feb
500651,2025-06-07,20276,30,3,0.0,300.75,289.42,868.26,East,Consumer,2025,6,Jun
500652,2025-05-26,20615,2,4,0.15,177.67,182.64,620.98,Central,Corporate,2025,5,May
500653,2025-08-29,22440,13,4,0.0,509.47,530.35,2121.4,North,Small Business,2025,8,Aug
500654,2024-12-13,20631,16,2,0.05,113.27,108.5,206.15,Central,Consumer,2024,12,Dec
500655,2024-06-25,20323,18,2,0.1,376.89,365.85,658.53,Central,Corporate,2024,6,Jun
500656,2024-09-22,21892,13,3,0.0,509.47,507.27,1521.81,West,Small Business,2024,9,Sep
500657,2024-09-05,23175,20,3,0.0,187.69,188.74,566.22,North,Consumer,2024,9,Sep
500658,2025-09-13,20348,19,3,0.05,495.95,512.53,1460.71,South,Small Business,2025,9,Sep
500659,2025-04-21,22296,16,3,0.05,113.27,105.48,300.62,Central,Small Business,2025,4,Apr
500660,2025-09-01,23437,4,1,0.0,453.41,471.06,471.06,South,Consumer,2025,9,Sep
500661,2024-07-31,23693,9,2,0.1,308.58,329.24,592.63,North,Consumer,2024,7,Jul
500662,2024-07-17,23627,5,1,0.0,310.91,318.13,318.13,East,Consumer,2024,7,Jul
500663,2025-09-07,23633,11,3,0.1,526.43,509.99,1376.97,South,Consumer,2025,9,Sep
500664,2025-06-07,22704,17,1,0.0,364.39,377.95,377.95,Central,Consumer,2025,6,Jun
500665,2024-02-01,23040,12,4,0.05,119.8,116.33,442.05,Central,Consumer,2024,2,Feb
500666,2025-03-31,22073,15,2,0.05,203.7,189.86,360.73,North,Consumer,2025,3,Mar
500667,2024-01-19,22841,9,2,0.0,308.58,295.49,590.98,South,Corporate,2024,1,Jan
500668,2024-02-21,23816,21,3,0.0,301.42,312.96,938.88,Central,Small Business,2024,2,Feb
500669,2024-03-03,20714,16,2,0.05,113.27,110.89,210.69,South,Consumer,2024,3,Mar
500670,2024-02-16,21288,22,1,0.1,356.25,381.81,343.63,West,Corporate,2024,2,Feb
500671,2024-12-04,22105,2,4,0.05,177.67,186.27,707.83,South,Consumer,2024,12,Dec
500672,2024-01-01,22417,25,1,0.0,408.11,386.87,386.87,West,Consumer,2024,1,Jan
500673,2025-02-07,23387,24,3,0.0,471.09,495.23,1485.69,North,Consumer,2025,2,Feb
500674,2024-04-16,23193,23,4,0.05,430.62,463.24,1760.31,Central,Consumer,2024,4,Apr
500675,2024-07-01,21041,1,1,0.05,118.77,124.72,118.48,Central,Consumer,2024,7,Jul
500676,2024-03-27,22946,29,1,0.2,538.73,559.89,447.91,Central,Consumer,2024,3,Mar
500677,2024-07-01,20115,20,1,0.05,187.69,178.02,169.12,South,Consumer,2024,7,Jul
500678,2024-03-15,23376,18,3,0.0,376.89,355.22,1065.66,West,Consumer,2024,3,Mar
500679,2025-01-25,21384,2,4,0.2,177.67,176.99,566.37,West,Consumer,2025,1,Jan
500680,2024-10-21,20933,24,2,0.2,471.09,453.55,725.68,Central,Consumer,2024,10,Oct
500681,2025-10-26,21594,29,4,0.0,538.73,521.02,2084.08,East,Corporate,2025,10,Oct
500682,2025-06-11,23207,28,1,0.05,297.74,278.05,264.15,South,Small Business,2025,6,Jun
500683,2024-10-23,23822,18,2,0.0,376.89,370.27,740.54,South,Consumer,2024,10,Oct
500684,2024-11-30,20142,15,3,0.2,203.7,196.55,471.72,Central,Corporate,2024,11,Nov
500685,2024-01-15,23199,13,4,0.15,509.47,542.37,1844.06,North,Consumer,2024,1,Jan
500686,2025-02-07,22206,4,4,0.0,453.41,481.45,1925.8,East,Consumer,2025,2,Feb
500687,2025-02-09,20795,12,1,0.0,119.8,126.49,126.49,East,Consumer,2025,2,Feb
500688,2024-09-02,20039,26,3,0.0,173.18,175.36,526.08,Central,Small Business,2024,9,Sep
500689,2024-08-08,21521,29,3,0.15,538.73,541.53,1380.9,North,Small Business,2024,8,Aug
500690,2025-04-25,21398,4,3,0.05,453.41,429.48,1224.02,East,Consumer,2025,4,Apr
500691,2025-04-08,23250,6,2,0.05,183.47,172.31,327.39,Central,Consumer,2025,4,Apr
500692,2024-08-30,22318,11,1,0.1,526.43,516.78,465.1,West,Consumer,2024,8,Aug
500693,2025-07-12,23060,14,3,0.05,323.49,312.41,890.37,North,Small Business,2025,7,Jul
500694,2024-08-14,22842,24,4,0.1,471.09,471.92,1698.91,Central,Small Business,2024,8,Aug
500695,2024-11-09,21081,18,1,0.1,376.89,357.45,321.7,Central,Consumer,2024,11,Nov
500696,2025-11-21,21993,7,4,0.0,208.23,216.4,865.6,South,Corporate,2025,11,Nov
500697,2025-05-21,23014,5,4,0.05,310.91,333.25,1266.35,Central,Consumer,2025,5,May
500698,2024-11-17,23793,7,4,0.05,208.23,196.27,745.83,East,Consumer,2024,11,Nov
500699,2025-02-28,21739,6,2,0.1,183.47,187.28,337.1,Central,Consumer,2025,2,Feb
500700,2024-11-22,22046,25,3,0.0,408.11,423.95,1271.85,Central,Corporate,2024,11,Nov
500701,2024-05-07,21246,4,1,0.0,453.41,452.32,452.32,North,Consumer,2024,5,May
500702,2024-02-23,20287,11,3,0.15,526.43,543.0,1384.65,West,Consumer,2024,2,Feb
500703,2025-08-26,21247,26,1,0.1,173.18,164.89,148.4,Central,Consumer,2025,8,Aug
500704,2025-11-04,20727,16,4,0.2,113.27,115.91,370.91,West,Corporate,2025,11,Nov
500705,2025-10-13,22570,2,2,0.0,177.67,183.78,367.56,North,Consumer,2025,10,Oct
500706,2024-09-26,23382,8,4,0.05,289.09,299.62,1138.56,South,Consumer,2024,9,Sep
500707,2024-10-31,22301,6,4,0.1,183.47,181.88,654.77,West,Consumer,2024,10,Oct
500708,2025-05-12,23781,11,4,0.1,526.43,514.16,1850.98,West,Small Business,2025,5,May
500709,2024-09-20,21483,16,3,0.05,113.27,106.3,302.96,Central,Consumer,2024,9,Sep
500710,2025-05-05,22677,24,1,0.0,471.09,444.07,444.07,West,Consumer,2025,5,May
500711,2024-12-23,20589,29,4,0.05,538.73,563.89,2142.78,Central,Consumer,2024,12,Dec
500712,2025-10-09,22977,26,4,0.1,173.18,181.98,655.13,East,Consumer,2025,10,Oct
500713,2025-09-22,21371,16,2,0.1,113.27,121.17,218.11,East,Small Business,2025,9,Sep
500714,2025-10-04,22476,15,2,0.0,203.7,212.82,425.64,West,Consumer,2025,10,Oct
500715,2025-08-10,20687,12,4,0.05,119.8,127.16,483.21,East,Small Business,2025,8,Aug
500716,2024-04-22,22555,16,4,0.05,113.27,106.92,406.3,East,Corporate,2024,4,Apr
500717,2025-07-23,22859,5,1,0.1,310.91,292.16,262.94,South,Consumer,2025,7,Jul
500718,2024-03-20,23659,21,1,0.0,301.42,302.76,302.76,East,Consumer,2024,3,Mar
500719,2025-06-09,20580,4,3,0.05,453.41,485.62,1384.02,Central,Corporate,2025,6,Jun
500720,2025-10-11,21743,9,3,0.0,308.58,326.91,980.73,South,Consumer,2025,10,Oct
500721,2025-09-12,22055,25,3,0.0,408.11,376.97,1130.91,Central,Consumer,2025,9,Sep
500722,2024-07-19,22669,23,4,0.0,430.62,457.05,1828.2,Central,Small Business,2024,7,Jul
500723,2025-06-07,20514,11,3,0.0,526.43,497.2,1491.6,North,Small Business,2025,6,Jun
500724,2025-09-03,22695,29,3,0.0,538.73,574.76,1724.28,Central,Consumer,2025,9,Sep
500725,2024-01-30,20528,15,1,0.05,203.7,206.92,196.57,North,Consumer,2024,1,Jan
500726,2024-10-24,21585,6,1,0.05,183.47,184.94,175.69,Central,Consumer,2024,10,Oct
500727,2024-05-01,20959,29,4,0.15,538.73,522.07,1775.04,Central,Consumer,2024,5,May
500728,2024-09-11,21795,12,4,0.0,119.8,125.76,503.04,South,Corporate,2024,9,Sep
500729,2025-10-17,21827,12,4,0.0,119.8,114.16,456.64,North,Consumer,2025,10,Oct
500730,2024-05-10,21282,4,2,0.0,453.41,460.63,921.26,West,Small Business,2024,5,May
500731,2025-05-09,23213,7,4,0.1,208.23,213.2,767.52,West,Small Business,2025,5,May
500732,2025-12-12,23816,4,4,0.0,453.41,430.86,1723.44,Central,Small Business,2025,12,Dec
500733,2025-09-02,23940,15,1,0.0,203.7,207.06,207.06,Central,Consumer,2025,9,Sep
500734,2024-02-16,20527,18,1,0.1,376.89,385.0,346.5,Central,Corporate,2024,2,Feb
500735,2025-11-18,22323,16,1,0.0,113.27,111.26,111.26,Central,Small Business,2025,11,Nov
500736,2025-01-17,21015,9,2,0.0,308.58,320.52,641.04,Central,Small Business,2025,1,Jan
500737,2025-12-28,23721,1,4,0.0,118.77,121.02,484.08,Central,Consumer,2025,12,Dec
500738,2025-06-09,23091,8,1,0.0,289.09,295.52,295.52,West,Consumer,2025,6,Jun
500739,2025-07-04,23407,29,2,0.2,538.73,527.69,844.3,North,Consumer,2025,7,Jul
500740,2024-11-01,21371,12,4,0.05,119.8,128.37,487.81,East,Small Business,2024,11,Nov
500741,2024-04-24,20569,8,1,0.0,289.09,271.44,271.44,Central,Consumer,2024,4,Apr
500742,2024-08-04,22772,21,3,0.0,301.42,320.3,960.9,Central,Consumer,2024,8,Aug
500743,2025-01-01,22377,15,2,0.1,203.7,214.51,386.12,North,Consumer,2025,1,Jan
500744,2024-04-24,22908,9,1,0.1,308.58,295.41,265.87,South,Consumer,2024,4,Apr
500745,2024-01-14,21526,9,2,0.0,308.58,284.15,568.3,East,Small Business,2024,1,Jan
500746,2024-05-22,22212,16,4,0.05,113.27,119.9,455.62,Central,Consumer,2024,5,May
500747,2025-07-21,20274,30,3,0.0,300.75,287.05,861.15,Central,Corporate,2025,7,Jul
500748,2025-11-21,21635,25,4,0.0,408.11,383.83,1535.32,Central,Consumer,2025,11,Nov
500749,2025-08-24,22633,17,2,0.0,364.39,380.39,760.78,East,Consumer,2025,8,Aug
500750,2024-10-28,22805,3,4,0.05,379.36,386.97,1470.49,Central,Consumer,2024,10,Oct
500751,2025-01-06,21615,21,1,0.0,301.42,307.47,307.47,East,Consumer,2025,1,Jan
500752,2024-01-24,20042,6,1,0.0,183.47,176.13,176.13,South,Small Business,2024,1,Jan
500753,2025-01-15,21694,27,4,0.15,282.82,303.58,1032.17,East,Corporate,2025,1,Jan
500754,2024-10-12,22834,16,4,0.1,113.27,120.19,432.68,West,Consumer,2024,10,Oct
500755,2024-10-03,20448,5,4,0.15,310.91,290.48,987.63,Central,Consumer,2024,10,Oct
500756,2025-03-22,22305,9,4,0.0,308.58,331.15,1324.6,Central,Consumer,2025,3,Mar
500757,2024-11-01,23788,13,3,0.1,509.47,495.93,1339.01,Central,Consumer,2024,11,Nov
500758,2025-03-27,23375,29,4,0.05,538.73,578.73,2199.17,East,Consumer,2025,3,Mar
500759,2025-09-06,20795,20,1,0.0,187.69,185.62,185.62,East,Consumer,2025,9,Sep
500760,2024-03-09,22964,3,4,0.0,379.36,375.89,1503.56,Central,Small Business,2024,3,Mar
500761,2025-10-20,21176,16,3,0.05,113.27,107.72,307.0,Central,Corporate,2025,10,Oct
500762,2024-07-09,22248,10,4,0.0,452.53,432.63,1730.52,East,Small Business,2024,7,Jul
500763,2025-06-12,22687,24,3,0.0,471.09,450.98,1352.94,South,Consumer,2025,6,Jun
500764,2025-06-21,23124,1,4,0.05,118.77,121.52,461.78,North,Corporate,2025,6,Jun
500765,2025-12-24,21534,27,3,0.1,282.82,289.69,782.16,West,Consumer,2025,12,Dec
500766,2025-12-21,20680,1,1,0.0,118.77,118.05,118.05,Central,Consumer,2025,12,Dec
500767,2024-05-31,23511,17,3,0.05,364.39,357.78,1019.67,South,Small Business,2024,5,May
500768,2025-01-09,21586,3,4,0.1,379.36,380.75,1370.7,East,Corporate,2025,1,Jan
500769,2025-10-26,21736,12,3,0.0,119.8,118.36,355.08,Central,Consumer,2025,10,Oct
500770,2024-03-03,22127,13,4,0.0,509.47,480.39,1921.56,Central,Corporate,2024,3,Mar
500771,2025-04-20,20517,19,3,0.05,495.95,533.46,1520.36,West,Corporate,2025,4,Apr
500772,2025-10-01,23086,11,2,0.15,526.43,538.49,915.43,South,Consumer,2025,10,Oct
500773,2024-12-02,23670,28,2,0.15,297.74,283.16,481.37,East,Consumer,2024,12,Dec
500774,2024-11-15,20791,13,2,0.15,509.47,488.15,829.85,Central,Small Business,2024,11,Nov
500775,2024-10-20,22737,27,3,0.2,282.82,300.58,721.39,Central,Consumer,2024,10,Oct
500776,2025-06-20,22823,11,2,0.1,526.43,500.37,900.67,South,Consumer,2025,6,Jun
500777,2024-04-30,21457,21,2,0.0,301.42,308.14,616.28,South,Consumer,2024,4,Apr
500778,2024-06-28,21105,3,3,0.15,379.36,385.72,983.59,South,Consumer,2024,6,Jun
500779,2024-03-05,21818,11,1,0.1,526.43,527.3,474.57,Central,Consumer,2024,3,Mar
500780,2025-09-29,20795,19,1,0.1,495.95,464.43,417.99,East,Consumer,2025,9,Sep
500781,2025-07-25,21701,11,1,0.15,526.43,564.23,479.6,West,Small Business,2025,7,Jul
500782,2024-07-14,21597,10,2,0.0,452.53,421.95,843.9,West,Consumer,2024,7,Jul
500783,2025-03-18,21789,14,3,0.05,323.49,336.89,960.14,Central,Consumer,2025,3,Mar
500784,2025-05-22,20788,17,3,0.1,364.39,374.65,1011.55,Central,Consumer,2025,5,May
500785,2024-05-31,23808,14,2,0.0,323.49,316.29,632.58,Central,Consumer,2024,5,May
500786,2024-10-19,21746,25,4,0.0,408.11,436.51,1746.04,South,Small Business,2024,10,Oct
500787,2024-09-15,22153,18,1,0.0,376.89,358.57,358.57,South,Consumer,2024,9,Sep
500788,2024-09-24,22170,28,2,0.05,297.74,310.86,590.63,Central,Consumer,2024,9,Sep
500789,2025-04-28,21585,7,4,0.05,208.23,221.07,840.07,Central,Consumer,2025,4,Apr
500790,2024-05-19,21486,27,3,0.0,282.82,271.24,813.72,Central,Consumer,2024,5,May
500791,2024-06-27,20766,10,1,0.15,452.53,474.66,403.46,East,Consumer,2024,6,Jun
500792,2025-09-05,23762,11,3,0.1,526.43,508.04,1371.71,Central,Corporate,2025,9,Sep
500793,2024-05-18,23069,25,4,0.05,408.11,393.9,1496.82,South,Small Business,2024,5,May
500794,2024-11-18,22697,6,2,0.1,183.47,192.08,345.74,Central,Consumer,2024,11,Nov
500795,2025-06-30,22514,27,3,0.0,282.82,277.74,833.22,West,Consumer,2025,6,Jun
500796,2024-10-31,21615,17,3,0.05,364.39,365.38,1041.33,East,Consumer,2024,10,Oct
500797,2024-12-03,22623,18,2,0.15,376.89,377.97,642.55,West,Corporate,2024,12,Dec
500798,2024-03-22,23787,27,1,0.1,282.82,302.59,272.33,Central,Small Business,2024,3,Mar
500799,2024-11-12,20422,17,3,0.05,364.39,383.96,1094.29,West,Consumer,2024,11,Nov
500800,2024-04-14,21271,25,4,0.05,408.11,392.17,1490.25,West,Consumer,2024,4,Apr
500801,2024-04-24,20669,8,2,0.1,289.09,273.16,491.69,West,Corporate,2024,4,Apr
500802,2024-09-27,22558,14,1,0.1,323.49,300.2,270.18,Central,Consumer,2024,9,Sep
500803,2025-04-09,21216,7,1,0.0,208.23,205.89,205.89,East,Consumer,2025,4,Apr
500804,2024-02-01,21882,24,2,0.0,471.09,504.3,1008.6,Central,Consumer,2024,2,Feb
500805,2024-03-23,20257,28,1,0.1,297.74,301.08,270.97,East,Consumer,2024,3,Mar
500806,2025-03-13,23491,6,4,0.15,183.47,180.75,614.55,North,Consumer,2025,3,Mar
500807,2025-03-25,23791,28,4,0.0,297.74,304.73,1218.92,South,Consumer,2025,3,Mar
500808,2024-05-16,21755,1,2,0.1,118.77,117.76,211.97,Central,Consumer,2024,5,May
500809,2024-02-13,22282,24,2,0.05,471.09,472.06,896.91,West,Consumer,2024,2,Feb
500810,2025-06-15,20159,28,1,0.05,297.74,306.89,291.55,North,Consumer,2025,6,Jun
500811,2025-12-05,23218,24,3,0.0,471.09,500.3,1500.9,South,Consumer,2025,12,Dec
500812,2025-04-18,21232,29,4,0.0,538.73,536.06,2144.24,East,Corporate,2025,4,Apr
500813,2024-06-25,21545,27,4,0.1,282.82,275.94,993.38,Central,Consumer,2024,6,Jun
500814,2024-12-10,21264,22,1,0.05,356.25,380.67,361.64,West,Small Business,2024,12,Dec
500815,2025-09-30,22129,6,2,0.0,183.47,194.25,388.5,East,Consumer,2025,9,Sep
500816,2024-05-27,21580,11,4,0.1,526.43,554.24,1995.26,Central,Consumer,2024,5,May
500817,2024-02-21,23012,6,2,0.05,183.47,174.22,331.02,Central,Corporate,2024,2,Feb
500818,2025-07-19,22923,3,1,0.05,379.36,397.57,377.69,South,Small Business,2025,7,Jul
500819,2025-04-23,21245,15,3,0.15,203.7,204.04,520.3,South,Consumer,2025,4,Apr
500820,2025-12-26,22833,2,1,0.05,177.67,168.24,159.83,West,Consumer,2025,12,Dec
500821,2024-12-26,23238,6,2,0.1,183.47,195.77,352.39,South,Small Business,2024,12,Dec
500822,2025-06-03,20434,1,1,0.05,118.77,110.24,104.73,Central,Consumer,2025,6,Jun
500823,2024-11-28,20667,24,2,0.1,471.09,459.94,827.89,West,Corporate,2024,11,Nov
500824,2025-06-14,20227,9,2,0.05,308.58,327.28,621.83,East,Small Business,2025,6,Jun
500825,2025-05-08,23813,26,3,0.0,173.18,185.54,556.62,North,Corporate,2025,5,May
500826,2024-05-23,20758,9,2,0.15,308.58,331.91,564.25,West,Consumer,2024,5,May
500827,2025-09-04,23499,18,2,0.0,376.89,366.57,733.14,Central,Consumer,2025,9,Sep
500828,2024-10-21,21798,8,4,0.1,289.09,296.81,1068.52,Central,Consumer,2024,10,Oct
500829,2024-12-12,21262,18,1,0.05,376.89,364.62,346.39,Central,Consumer,2024,12,Dec
500830,2024-03-01,22302,27,4,0.05,282.82,293.65,1115.87,East,Consumer,2024,3,Mar
500831,2024-07-17,23938,12,3,0.0,119.8,122.01,366.03,North,Consumer,2024,7,Jul
500832,2024-03-01,21840,6,2,0.1,183.47,191.87,345.37,Central,Corporate,2024,3,Mar
500833,2025-11-16,20255,8,2,0.0,289.09,295.21,590.42,West,Consumer,2025,11,Nov
500834,2024-11-22,23249,4,1,0.15,453.41,429.66,365.21,North,Consumer,2024,11,Nov
500835,2024-04-11,22946,22,1,0.1,356.25,334.08,300.67,Central,Consumer,2024,4,Apr
500836,2024-07-02,22032,13,2,0.1,509.47,504.32,907.78,East,Consumer,2024,7,Jul
500837,2025-04-27,21212,15,2,0.0,203.7,213.59,427.18,North,Consumer,2025,4,Apr
500838,2025-04-16,22960,24,4,0.2,471.09,446.04,1427.33,North,Corporate,2025,4,Apr
500839,2025-03-21,23630,17,3,0.0,364.39,369.52,1108.56,West,Corporate,2025,3,Mar
500840,2025-11-12,23955,15,4,0.0,203.7,206.36,825.44,Central,Consumer,2025,11,Nov
500841,2025-12-08,21027,4,1,0.05,453.41,432.96,411.31,Central,Small Business,2025,12,Dec
500842,2024-11-09,22627,20,2,0.15,187.69,181.06,307.8,Central,Consumer,2024,11,Nov
500843,2025-05-27,22054,12,3,0.1,119.8,123.7,333.99,South,Consumer,2025,5,May
500844,2024-04-02,22474,20,1,0.0,187.69,201.64,201.64,North,Small Business,2024,4,Apr
500845,2024-03-01,20436,2,1,0.1,177.67,186.68,168.01,North,Consumer,2024,3,Mar
500846,2024-05-30,23059,5,4,0.0,310.91,321.79,1287.16,Central,Consumer,2024,5,May
500847,2024-10-12,22291,28,4,0.05,297.74,300.75,1142.85,Central,Consumer,2024,10,Oct
500848,2024-11-30,22019,23,2,0.0,430.62,401.61,803.22,Central,Corporate,2024,11,Nov
500849,2025-12-10,21347,19,1,0.0,495.95,499.16,499.16,North,Consumer,2025,12,Dec
500850,2024-12-04,23670,4,3,0.15,453.41,469.09,1196.18,East,Consumer,2024,12,Dec
500851,2024-12-10,23305,18,2,0.1,376.89,361.46,650.63,West,Small Business,2024,12,Dec
500852,2025-02-03,22532,22,1,0.0,356.25,340.4,340.4,East,Consumer,2025,2,Feb
500853,2024-03-12,22582,24,2,0.0,471.09,476.33,952.66,North,Small Business,2024,3,Mar
500854,2025-10-21,23604,28,2,0.15,297.74,314.44,534.55,Central,Consumer,2025,10,Oct
500855,2024-07-02,22940,26,2,0.0,173.18,186.04,372.08,South,Consumer,2024,7,Jul
500856,2025-10-28,21949,4,2,0.1,453.41,433.16,779.69,North,Consumer,2025,10,Oct
500857,2025-06-30,21579,11,3,0.0,526.43,488.61,1465.83,South,Consumer,2025,6,Jun
500858,2025-04-13,20922,4,3,0.0,453.41,449.33,1347.99,West,Consumer,2025,4,Apr
500859,2025-10-10,22836,5,4,0.05,310.91,325.36,1236.37,Central,Small Business,2025,10,Oct
500860,2024-04-22,23368,30,3,0.0,300.75,308.27,924.81,West,Consumer,2024,4,Apr
500861,2025-06-12,20867,13,4,0.1,509.47,483.39,1740.2,West,Consumer,2025,6,Jun
500862,2024-05-02,20721,30,2,0.1,300.75,278.81,501.86,Central,Consumer,2024,5,May
500863,2025-12-30,21979,30,2,0.0,300.75,307.76,615.52,Central,Small Business,2025,12,Dec
500864,2024-08-06,23851,15,4,0.0,203.7,202.58,810.32,North,Consumer,2024,8,Aug
500865,2024-09-12,22169,18,1,0.15,376.89,354.36,301.21,East,Small Business,2024,9,Sep
500866,2025-06-13,23662,5,4,0.05,310.91,306.04,1162.95,Central,Corporate,2025,6,Jun
500867,2024-10-24,21289,7,2,0.0,208.23,199.15,398.3,West,Consumer,2024,10,Oct
500868,2025-09-06,21525,20,1,0.05,187.69,196.39,186.57,South,Consumer,2025,9,Sep
500869,2024-10-17,21753,27,4,0.0,282.82,260.46,1041.84,Central,Small Business,2024,10,Oct
500870,2025-04-23,23456,16,2,0.2,113.27,107.48,171.97,East,Consumer,2025,4,Apr
500871,2024-05-19,23502,7,4,0.1,208.23,194.51,700.24,East,Consumer,2024,5,May
500872,2025-09-09,23639,12,2,0.0,119.8,115.62,231.24,South,Consumer,2025,9,Sep
500873,2024-01-19,21923,18,4,0.0,376.89,395.07,1580.28,Central,Consumer,2024,1,Jan
500874,2024-06-24,21510,22,2,0.1,356.25,380.29,684.52,East,Consumer,2024,6,Jun
500875,2025-07-28,23087,3,1,0.05,379.36,377.53,358.65,Central,Consumer,2025,7,Jul
500876,2025-05-12,23557,8,1,0.05,289.09,309.17,293.71,Central,Consumer,2025,5,May
500877,2024-05-09,22108,6,2,0.0,183.47,175.33,350.66,West,Corporate,2024,5,May
500878,2024-07-18,22679,24,3,0.05,471.09,498.6,1421.01,West,Corporate,2024,7,Jul
500879,2024-07-29,20065,9,3,0.15,308.58,312.65,797.26,Central,Small Business,2024,7,Jul
500880,2025-04-23,21264,20,2,0.0,187.69,174.72,349.44,West,Small Business,2025,4,Apr
500881,2024-09-05,23191,4,3,0.1,453.41,480.82,1298.21,North,Small Business,2024,9,Sep
500882,2024-01-21,21856,4,1,0.0,453.41,419.08,419.08,Central,Consumer,2024,1,Jan
500883,2024-10-10,23889,4,3,0.1,453.41,442.54,1194.86,Central,Consumer,2024,10,Oct
500884,2025-03-21,23674,13,3,0.1,509.47,520.11,1404.3,South,Consumer,2025,3,Mar
500885,2024-10-14,23576,1,1,0.0,118.77,123.99,123.99,South,Consumer,2024,10,Oct
500886,2025-10-12,22557,16,4,0.15,113.27,105.66,359.24,North,Consumer,2025,10,Oct
500887,2025-04-22,23314,9,3,0.2,308.58,296.91,712.58,South,Small Business,2025,4,Apr
500888,2024-07-10,22593,15,1,0.1,203.7,212.45,191.2,South,Consumer,2024,7,Jul
500889,2025-04-19,21652,19,1,0.1,495.95,502.03,451.83,North,Consumer,2025,4,Apr
500890,2025-09-23,22907,15,4,0.05,203.7,205.64,781.43,Central,Consumer,2025,9,Sep
500891,2025-12-06,21783,24,4,0.0,471.09,478.6,1914.4,Central,Consumer,2025,12,Dec
500892,2024-02-09,22988,24,3,0.05,471.09,445.99,1271.07,West,Consumer,2024,2,Feb
500893,2024-07-18,21849,19,2,0.15,495.95,495.21,841.86,Central,Consumer,2024,7,Jul
500894,2025-04-24,21348,17,2,0.05,364.39,341.53,648.91,Central,Consumer,2025,4,Apr
500895,2024-01-14,21691,18,2,0.2,376.89,402.73,644.37,West,Consumer,2024,1,Jan
500896,2024-11-02,23400,7,3,0.15,208.23,219.47,559.65,Central,Corporate,2024,11,Nov
500897,2025-03-09,21744,15,3,0.0,203.7,188.84,566.52,East,Small Business,2025,3,Mar
500898,2024-01-21,22352,18,3,0.1,376.89,384.41,1037.91,West,Corporate,2024,1,Jan
500899,2024-03-26,23173,28,2,0.1,297.74,278.78,501.8,South,Consumer,2024,3,Mar
500900,2025-04-13,23897,9,3,0.2,308.58,329.55,790.92,Central,Consumer,2025,4,Apr
500901,2024-12-10,23201,22,4,0.0,356.25,359.5,1438.0,North,Small Business,2024,12,Dec
500902,2024-04-26,22218,6,3,0.0,183.47,178.51,535.53,North,Small Business,2024,4,Apr
500903,2024-01-16,21205,3,2,0.0,379.36,373.97,747.94,Central,Consumer,2024,1,Jan
500904,2024-12-29,20777,30,2,0.05,300.75,284.81,541.14,Central,Consumer,2024,12,Dec
500905,2025-11-04,22375,8,4,0.1,289.09,288.15,1037.34,East,Consumer,2025,11,Nov
500906,2024-06-29,20277,19,1,0.05,495.95,533.83,507.14,North,Consumer,2024,6,Jun
500907,2024-11-02,23271,8,1,0.2,289.09,308.02,246.42,West,Consumer,2024,11,Nov
500908,2024-03-31,22752,10,2,0.1,452.53,465.34,837.61,South,Small Business,2024,3,Mar
500909,2024-10-04,22386,24,2,0.2,471.09,491.44,786.3,South,Consumer,2024,10,Oct
500910,2024-03-22,22253,9,2,0.0,308.58,308.33,616.66,North,Consumer,2024,3,Mar
500911,2024-06-17,23334,2,2,0.0,177.67,163.99,327.98,West,Consumer,2024,6,Jun
500912,2025-04-05,23473,13,1,0.15,509.47,479.13,407.26,East,Consumer,2025,4,Apr
500913,2024-12-12,23636,24,4,0.0,471.09,490.25,1961.0,East,Consumer,2024,12,Dec
500914,2024-05-24,23403,24,2,0.0,471.09,489.1,978.2,North,Small Business,2024,5,May
500915,2024-04-12,22933,18,1,0.0,376.89,367.18,367.18,Central,Small Business,2024,4,Apr
500916,2024-08-13,21515,23,4,0.0,430.62,439.98,1759.92,Central,Consumer,2024,8,Aug
500917,2025-08-26,23359,25,4,0.1,408.11,392.34,1412.42,East,Small Business,2025,8,Aug
500918,2024-05-27,23973,17,1,0.15,364.39,336.86,286.33,East,Consumer,2024,5,May
500919,2024-08-26,23172,14,2,0.1,323.49,332.52,598.54,East,Consumer,2024,8,Aug
500920,2024-04-02,23394,25,1,0.0,408.11,411.4,411.4,West,Corporate,2024,4,Apr
500921,2025-03-26,22558,21,2,0.1,301.42,314.52,566.14,Central,Consumer,2025,3,Mar
500922,2024-01-03,20285,16,4,0.0,113.27,104.56,418.24,South,Small Business,2024,1,Jan
500923,2024-05-25,23574,4,1,0.0,453.41,470.21,470.21,West,Small Business,2024,5,May
500924,2024-12-17,21351,24,3,0.0,471.09,497.72,1493.16,South,Small Business,2024,12,Dec
500925,2025-05-02,22333,2,3,0.15,177.67,169.67,432.66,South,Consumer,2025,5,May
500926,2025-07-16,22601,25,4,0.0,408.11,390.55,1562.2,East,Small Business,2025,7,Jul
500927,2025-06-27,23310,17,1,0.15,364.39,360.85,306.72,Central,Consumer,2025,6,Jun
500928,2024-02-20,20178,17,1,0.0,364.39,357.96,357.96,North,Consumer,2024,2,Feb
500929,2025-03-04,20258,29,3,0.05,538.73,544.53,1551.91,Central,Small Business,2025,3,Mar
500930,2024-05-05,21157,6,3,0.15,183.47,170.16,433.91,South,Consumer,2024,5,May
500931,2025-03-09,21903,13,1,0.0,509.47,525.44,525.44,Central,Corporate,2025,3,Mar
500932,2025-10-11,22208,23,2,0.05,430.62,429.55,816.14,Central,Small Business,2025,10,Oct
500933,2024-01-19,20577,28,2,0.0,297.74,319.94,639.88,South,Small Business,2024,1,Jan
500934,2025-10-29,23833,26,2,0.0,173.18,169.43,338.86,South,Consumer,2025,10,Oct
500935,2025-11-08,23240,21,4,0.15,301.42,323.84,1101.06,North,Small Business,2025,11,Nov
500936,2025-12-03,23477,16,3,0.0,113.27,112.72,338.16,North,Small Business,2025,12,Dec
500937,2024-01-25,21445,28,3,0.05,297.74,295.69,842.72,Central,Consumer,2024,1,Jan
500938,2025-04-04,20142,22,3,0.05,356.25,365.08,1040.48,Central,Corporate,2025,4,Apr
500939,2024-07-10,22861,17,3,0.0,364.39,352.91,1058.73,South,Consumer,2024,7,Jul
500940,2024-01-12,23170,15,2,0.15,203.7,204.07,346.92,Central,Small Business,2024,1,Jan
500941,2024-02-15,20042,10,3,0.0,452.53,453.55,1360.65,South,Small Business,2024,2,Feb
500942,2024-04-03,20590,1,1,0.0,118.77,125.75,125.75,West,Corporate,2024,4,Apr
500943,2024-10-28,21735,22,1,0.0,356.25,375.9,375.9,North,Corporate,2024,10,Oct
500944,2024-06-09,23688,24,4,0.0,471.09,459.67,1838.68,East,Consumer,2024,6,Jun
500945,2024-02-27,20441,2,3,0.05,177.67,169.79,483.9,Central,Small Business,2024,2,Feb
500946,2024-09-14,22661,14,1,0.1,323.49,330.47,297.42,Central,Consumer,2024,9,Sep
500947,2024-12-18,23648,10,4,0.15,452.53,458.74,1559.72,Central,Consumer,2024,12,Dec
500948,2024-09-13,20578,29,3,0.0,538.73,577.32,1731.96,South,Consumer,2024,9,Sep
500949,2025-04-02,23901,25,2,0.2,408.11,397.48,635.97,East,Consumer,2025,4,Apr
500950,2024-05-09,23938,1,1,0.1,118.77,127.02,114.32,North,Consumer,2024,5,May
500951,2024-08-25,21898,13,3,0.0,509.47,500.41,1501.23,Central,Consumer,2024,8,Aug
500952,2024-05-09,20434,27,2,0.05,282.82,261.64,497.12,Central,Consumer,2024,5,May
500953,2024-06-13,23159,20,4,0.05,187.69,182.19,692.32,North,Consumer,2024,6,Jun
500954,2025-11-28,20791,5,1,0.0,310.91,317.17,317.17,Central,Small Business,2025,11,Nov
500955,2025-04-15,21372,13,3,0.15,509.47,486.85,1241.47,South,Consumer,2025,4,Apr
500956,2024-03-07,20301,3,1,0.0,379.36,356.82,356.82,Central,Consumer,2024,3,Mar
500957,2024-05-02,21347,8,3,0.05,289.09,308.05,877.94,North,Consumer,2024,5,May
500958,2024-01-15,21495,13,4,0.15,509.47,501.72,1705.85,North,Small Business,2024,1,Jan
500959,2025-09-13,21647,27,3,0.0,282.82,274.25,822.75,Central,Consumer,2025,9,Sep
500960,2024-01-19,20697,6,1,0.0,183.47,179.05,179.05,North,Consumer,2024,1,Jan
500961,2024-02-26,20565,16,3,0.0,113.27,112.78,338.34,East,Consumer,2024,2,Feb
500962,2025-02-11,23968,20,2,0.15,187.69,192.61,327.44,West,Consumer,2025,2,Feb
500963,2024-12-04,23388,24,3,0.05,471.09,462.35,1317.7,Central,Consumer,2024,12,Dec
500964,2024-06-11,22140,19,1,0.0,495.95,459.97,459.97,East,Consumer,2024,6,Jun
500965,2024-12-06,21447,4,4,0.1,453.41,440.55,1585.98,West,Small Business,2024,12,Dec
500966,2024-12-17,23107,26,4,0.0,173.18,175.67,702.68,West,Consumer,2024,12,Dec
500967,2024-04-09,23084,29,1,0.0,538.73,511.25,511.25,West,Consumer,2024,4,Apr
500968,2024-12-05,21190,26,3,0.05,173.18,183.28,522.35,North,Consumer,2024,12,Dec
500969,2025-08-14,21410,6,3,0.0,183.47,179.46,538.38,Central,Consumer,2025,8,Aug
500970,2025-10-22,21051,9,4,0.0,308.58,306.88,1227.52,North,Consumer,2025,10,Oct
500971,2025-03-27,20389,2,2,0.05,177.67,184.36,350.28,Central,Small Business,2025,3,Mar
500972,2024-04-28,21972,24,2,0.2,471.09,453.82,726.11,Central,Consumer,2024,4,Apr
500973,2025-07-31,23507,7,2,0.0,208.23,221.74,443.48,Central,Small Business,2025,7,Jul
500974,2024-08-15,23110,29,3,0.2,538.73,556.01,1334.42,North,Small Business,2024,8,Aug
500975,2024-04-25,22025,19,2,0.05,495.95,520.41,988.78,Central,Consumer,2024,4,Apr
500976,2025-05-11,22520,10,3,0.1,452.53,452.55,1221.89,North,Consumer,2025,5,May
500977,2024-05-13,23610,14,1,0.05,323.49,317.23,301.37,Central,Consumer,2024,5,May
500978,2025-01-21,21920,11,4,0.0,526.43,495.29,1981.16,North,Consumer,2025,1,Jan
500979,2025-01-04,23175,3,1,0.0,379.36,351.18,351.18,North,Consumer,2025,1,Jan
500980,2025-03-02,20572,5,2,0.05,310.91,290.72,552.37,East,Consumer,2025,3,Mar
500981,2024-09-14,22565,17,3,0.2,364.39,363.18,871.63,East,Consumer,2024,9,Sep
500982,2024-12-06,21987,30,1,0.0,300.75,310.84,310.84,West,Small Business,2024,12,Dec
500983,2024-03-31,20305,6,3,0.05,183.47,195.82,558.09,Central,Consumer,2024,3,Mar
500984,2025-08-22,22564,29,1,0.05,538.73,581.57,552.49,Central,Consumer,2025,8,Aug
500985,2025-05-04,21011,5,4,0.0,310.91,310.58,1242.32,Central,Corporate,2025,5,May
500986,2024-03-29,20259,22,3,0.0,356.25,342.22,1026.66,Central,Consumer,2024,3,Mar
500987,2025-08-23,21396,28,3,0.15,297.74,296.71,756.61,Central,Consumer,2025,8,Aug
500988,2025-11-27,22502,1,2,0.1,118.77,127.39,229.3,North,Corporate,2025,11,Nov
500989,2025-07-17,20524,9,4,0.2,308.58,311.92,998.14,North,Small Business,2025,7,Jul
500990,2024-05-12,23845,16,1,0.15,113.27,117.3,99.7,East,Consumer,2024,5,May
500991,2025-05-09,20653,17,3,0.15,364.39,336.93,859.17,Central,Consumer,2025,5,May
500992,2024-05-16,20823,27,4,0.0,282.82,261.85,1047.4,East,Consumer,2024,5,May
500993,2025-08-02,20353,10,3,0.05,452.53,478.78,1364.52,South,Consumer,2025,8,Aug
500994,2024-06-18,20921,3,2,0.0,379.36,382.84,765.68,East,Consumer,2024,6,Jun
500995,2025-11-02,20683,20,4,0.05,187.69,177.73,675.37,South,Small Business,2025,11,Nov
500996,2025-06-25,21780,13,1,0.1,509.47,495.39,445.85,Central,Small Business,2025,6,Jun
500997,2025-08-24,23782,7,1,0.2,208.23,214.67,171.74,Central,Small Business,2025,8,Aug
500998,2025-03-13,22874,3,3,0.0,379.36,351.6,1054.8,North,Small Business,2025,3,Mar
500999,2024-03-19,23880,10,2,0.1,452.53,443.48,798.26,Central,Corporate,2024,3,Mar
501000,2024-03-16,21940,27,3,0.1,282.82,267.73,722.87,South,Consumer,2024,3,Mar
501001,2025-08-15,20143,2,1,0.1,177.67,163.88,147.49,South,Consumer,2025,8,Aug
501002,2025-09-30,20597,20,1,0.0,187.69,183.24,183.24,South,Consumer,2025,9,Sep
501003,2024-10-05,21210,8,4,0.0,289.09,271.46,1085.84,Central,Small Business,2024,10,Oct
501004,2025-12-23,22911,19,2,0.0,495.95,480.86,961.72,Central,Consumer,2025,12,Dec
501005,2024-07-28,20716,27,4,0.0,282.82,265.56,1062.24,West,Small Business,2024,7,Jul
501006,2024-12-29,22122,10,1,0.1,452.53,447.92,403.13,West,Corporate,2024,12,Dec
501007,2024-11-13,23822,13,2,0.2,509.47,483.98,774.37,South,Consumer,2024,11,Nov
501008,2024-01-17,23071,13,1,0.15,509.47,496.14,421.72,West,Consumer,2024,1,Jan
501009,2024-07-18,22253,22,4,0.0,356.25,375.36,1501.44,North,Consumer,2024,7,Jul
501010,2025-01-09,21048,23,2,0.05,430.62,414.67,787.87,West,Consumer,2025,1,Jan
501011,2024-01-17,21357,12,3,0.1,119.8,119.21,321.87,Central,Small Business,2024,1,Jan
501012,2025-02-27,23932,3,4,0.0,379.36,378.03,1512.12,Central,Consumer,2025,2,Feb
501013,2025-01-09,21740,17,3,0.0,364.39,361.89,1085.67,North,Consumer,2025,1,Jan
501014,2024-05-23,20641,21,1,0.05,301.42,291.04,276.49,Central,Consumer,2024,5,May
501015,2025-01-24,21515,14,1,0.1,323.49,345.81,311.23,Central,Consumer,2025,1,Jan
501016,2024-01-26,23861,15,1,0.1,203.7,200.46,180.41,Central,Consumer,2024,1,Jan
501017,2025-04-19,21476,21,4,0.1,301.42,291.76,1050.34,South,Consumer,2025,4,Apr
501018,2024-12-22,20353,13,2,0.0,509.47,470.19,940.38,South,Consumer,2024,12,Dec
501019,2024-09-25,23064,22,1,0.05,356.25,366.38,348.06,North,Consumer,2024,9,Sep
501020,2025-09-29,21053,20,4,0.0,187.69,176.93,707.72,Central,Consumer,2025,9,Sep
501021,2025-09-01,22327,4,1,0.0,453.41,447.95,447.95,South,Consumer,2025,9,Sep
501022,2024-06-30,20563,1,3,0.15,118.77,114.88,292.94,North,Small Business,2024,6,Jun
501023,2025-01-31,21829,30,3,0.0,300.75,283.49,850.47,West,Consumer,2025,1,Jan
501024,2024-09-26,23298,16,3,0.1,113.27,111.55,301.18,North,Consumer,2024,9,Sep
501025,2025-09-27,20400,24,3,0.1,471.09,488.81,1319.79,South,Consumer,2025,9,Sep
501026,2025-10-23,22785,18,4,0.0,376.89,361.7,1446.8,East,Consumer,2025,10,Oct
501027,2025-09-01,20156,8,1,0.0,289.09,298.7,298.7,Central,Small Business,2025,9,Sep
501028,2025-03-21,22039,4,2,0.0,453.41,431.82,863.64,North,Corporate,2025,3,Mar
501029,2025-12-19,23632,26,4,0.05,173.18,165.29,628.1,Central,Small Business,2025,12,Dec
501030,2025-02-20,23757,4,3,0.0,453.41,489.18,1467.54,Central,Consumer,2025,2,Feb
501031,2025-04-09,21253,13,2,0.0,509.47,506.67,1013.34,North,Small Business,2025,4,Apr
501032,2024-08-27,20713,12,1,0.0,119.8,125.88,125.88,East,Consumer,2024,8,Aug
501033,2025-06-09,21104,6,2,0.05,183.47,173.63,329.9,South,Consumer,2025,6,Jun
501034,2025-12-04,21452,28,2,0.05,297.74,299.98,569.96,West,Small Business,2025,12,Dec
501035,2025-02-08,21437,16,1,0.15,113.27,114.74,97.53,South,Consumer,2025,2,Feb
501036,2025-05-25,20039,19,2,0.0,495.95,512.93,1025.86,Central,Small Business,2025,5,May
501037,2024-07-23,21903,12,1,0.05,119.8,125.18,118.92,Central,Corporate,2024,7,Jul
501038,2024-03-15,21687,17,2,0.05,364.39,351.01,666.92,North,Consumer,2024,3,Mar
501039,2024-10-01,20544,27,2,0.05,282.82,288.7,548.53,Central,Consumer,2024,10,Oct
501040,2024-02-04,20205,30,1,0.0,300.75,310.05,310.05,Central,Consumer,2024,2,Feb
501041,2025-12-31,20391,9,1,0.0,308.58,317.89,317.89,North,Small Business,2025,12,Dec
501042,2025-03-26,20858,17,2,0.0,364.39,348.13,696.26,South,Corporate,2025,3,Mar
501043,2025-06-27,21622,11,1,0.0,526.43,550.89,550.89,West,Small Business,2025,6,Jun
501044,2024-07-15,20783,1,2,0.05,118.77,121.88,231.57,West,Corporate,2024,7,Jul
501045,2025-03-14,23738,21,2,0.1,301.42,279.3,502.74,West,Consumer,2025,3,Mar
501046,2024-03-20,22263,26,2,0.0,173.18,175.46,350.92,South,Consumer,2024,3,Mar
501047,2025-11-06,23049,14,1,0.0,323.49,299.11,299.11,North,Small Business,2025,11,Nov
501048,2025-06-18,21157,29,4,0.05,538.73,499.14,1896.73,South,Consumer,2025,6,Jun
501049,2024-08-02,21272,23,2,0.05,430.62,403.86,767.33,South,Consumer,2024,8,Aug
501050,2025-09-24,20329,30,1,0.1,300.75,310.98,279.88,Central,Consumer,2025,9,Sep
501051,2025-02-01,21604,1,4,0.0,118.77,117.48,469.92,Central,Small Business,2025,2,Feb
501052,2024-11-24,22681,7,3,0.0,208.23,213.67,641.01,Central,Small Business,2024,11,Nov
501053,2025-01-13,20760,9,2,0.05,308.58,332.9,632.51,South,Consumer,2025,1,Jan
501054,2024-08-09,20668,17,2,0.05,364.39,389.8,740.62,Central,Consumer,2024,8,Aug
501055,2024-10-22,20597,28,1,0.0,297.74,312.08,312.08,South,Consumer,2024,10,Oct
501056,2024-04-09,20913,13,2,0.0,509.47,493.07,986.14,South,Consumer,2024,4,Apr
501057,2024-03-04,20035,7,4,0.1,208.23,217.31,782.32,Central,Corporate,2024,3,Mar
501058,2025-05-10,22222,14,2,0.15,323.49,316.73,538.44,West,Consumer,2025,5,May
501059,2025-04-05,20838,14,3,0.1,323.49,306.91,828.66,Central,Consumer,2025,4,Apr
501060,2024-01-11,23910,10,1,0.1,452.53,469.25,422.32,Central,Consumer,2024,1,Jan
501061,2024-09-29,23279,22,2,0.2,356.25,375.26,600.42,South,Small Business,2024,9,Sep
501062,2025-05-13,23290,1,3,0.0,118.77,123.48,370.44,West,Consumer,2025,5,May
501063,2024-04-14,21937,10,1,0.0,452.53,443.35,443.35,South,Small Business,2024,4,Apr
501064,2025-11-29,23269,7,2,0.05,208.23,214.98,408.46,Central,Small Business,2025,11,Nov
501065,2024-08-24,22094,3,2,0.2,379.36,357.93,572.69,South,Small Business,2024,8,Aug
501066,2024-10-11,22616,3,4,0.05,379.36,389.03,1478.31,East,Small Business,2024,10,Oct
501067,2025-03-19,23647,26,2,0.15,173.18,163.35,277.7,Central,Consumer,2025,3,Mar
501068,2025-06-15,21189,15,1,0.2,203.7,189.16,151.33,Central,Small Business,2025,6,Jun
501069,2024-09-08,22204,30,4,0.15,300.75,277.83,944.62,East,Corporate,2024,9,Sep
501070,2024-02-11,22354,6,3,0.05,183.47,197.27,562.22,Central,Consumer,2024,2,Feb
501071,2025-01-14,23746,29,2,0.1,538.73,497.2,894.96,South,Consumer,2025,1,Jan
501072,2024-09-06,23192,16,1,0.1,113.27,111.66,100.49,North,Consumer,2024,9,Sep
501073,2024-06-22,20659,4,1,0.05,453.41,472.47,448.85,West,Small Business,2024,6,Jun
501074,2024-11-29,20718,7,2,0.0,208.23,209.83,419.66,Central,Corporate,2024,11,Nov
501075,2024-04-25,20415,15,1,0.0,203.7,190.44,190.44,West,Consumer,2024,4,Apr
501076,2025-04-16,23823,21,2,0.0,301.42,282.46,564.92,Central,Consumer,2025,4,Apr
501077,2025-05-06,22509,25,2,0.05,408.11,385.23,731.94,Central,Consumer,2025,5,May
501078,2024-08-07,23247,28,1,0.0,297.74,283.65,283.65,West,Consumer,2024,8,Aug
501079,2024-10-29,22361,27,1,0.0,282.82,298.82,298.82,West,Small Business,2024,10,Oct
501080,2025-04-18,22297,18,4,0.1,376.89,380.62,1370.23,East,Consumer,2025,4,Apr
501081,2025-09-17,20357,1,4,0.05,118.77,115.24,437.91,West,Consumer,2025,9,Sep
501082,2025-06-12,21956,4,3,0.05,453.41,444.97,1268.16,North,Consumer,2025,6,Jun
501083,2025-10-13,22902,30,4,0.15,300.75,306.59,1042.41,South,Consumer,2025,10,Oct
501084,2024-04-23,22992,5,4,0.0,310.91,329.09,1316.36,Central,Small Business,2024,4,Apr
501085,2024-08-11,21415,3,1,0.05,379.36,376.57,357.74,South,Small Business,2024,8,Aug
501086,2025-09-08,23834,25,3,0.15,408.11,422.19,1076.58,Central,Consumer,2025,9,Sep
501087,2024-05-27,20711,17,3,0.15,364.39,384.93,981.57,Central,Consumer,2024,5,May
501088,2025-05-15,21009,13,4,0.05,509.47,497.57,1890.77,North,Consumer,2025,5,May
501089,2024-02-23,22771,14,4,0.05,323.49,321.89,1223.18,North,Corporate,2024,2,Feb
501090,2025-12-24,20365,21,4,0.0,301.42,312.28,1249.12,South,Consumer,2025,12,Dec
501091,2024-08-09,22077,30,3,0.0,300.75,316.12,948.36,Central,Small Business,2024,8,Aug
501092,2025-07-21,22550,21,1,0.1,301.42,294.34,264.91,Central,Consumer,2025,7,Jul
501093,2025-08-04,21011,18,1,0.0,376.89,394.88,394.88,Central,Corporate,2025,8,Aug
501094,2025-07-10,21399,7,2,0.15,208.23,217.67,370.04,Central,Consumer,2025,7,Jul
501095,2024-07-14,21715,11,4,0.05,526.43,498.47,1894.19,North,Small Business,2024,7,Jul
501096,2024-01-14,21149,9,4,0.0,308.58,315.57,1262.28,Central,Consumer,2024,1,Jan
501097,2025-12-27,23240,22,1,0.0,356.25,383.0,383.0,North,Small Business,2025,12,Dec
501098,2024-11-04,21743,22,2,0.05,356.25,344.93,655.37,South,Consumer,2024,11,Nov
501099,2025-05-19,20723,2,1,0.2,177.67,176.95,141.56,South,Small Business,2025,5,May
501100,2024-08-13,22476,1,2,0.1,118.77,114.97,206.95,West,Consumer,2024,8,Aug
501101,2025-12-23,22281,29,4,0.05,538.73,556.76,2115.69,North,Consumer,2025,12,Dec
501102,2025-07-19,20764,15,1,0.0,203.7,188.69,188.69,Central,Small Business,2025,7,Jul
501103,2025-04-25,20193,28,4,0.05,297.74,316.84,1203.99,East,Small Business,2025,4,Apr
501104,2025-04-26,21872,5,4,0.0,310.91,313.83,1255.32,North,Consumer,2025,4,Apr
501105,2024-02-19,23793,12,4,0.05,119.8,117.67,447.15,East,Consumer,2024,2,Feb
501106,2025-01-08,21869,16,2,0.0,113.27,108.78,217.56,Central,Corporate,2025,1,Jan
501107,2024-07-18,21305,6,2,0.0,183.47,186.95,373.9,Central,Small Business,2024,7,Jul
501108,2024-09-22,20900,15,3,0.15,203.7,198.73,506.76,East,Small Business,2024,9,Sep
501109,2025-02-02,23048,8,2,0.1,289.09,306.96,552.53,South,Consumer,2025,2,Feb
501110,2024-03-14,20006,17,2,0.15,364.39,376.74,640.46,East,Consumer,2024,3,Mar
501111,2025-07-23,22131,13,3,0.0,509.47,495.42,1486.26,East,Small Business,2025,7,Jul
501112,2024-08-16,20823,11,3,0.05,526.43,567.46,1617.26,East,Consumer,2024,8,Aug
501113,2024-12-02,20183,23,3,0.05,430.62,459.71,1310.17,Central,Small Business,2024,12,Dec
501114,2025-03-16,20104,7,3,0.0,208.23,200.37,601.11,Central,Corporate,2025,3,Mar
501115,2024-03-12,21863,9,2,0.05,308.58,292.04,554.88,South,Consumer,2024,3,Mar
501116,2024-08-03,20141,15,1,0.2,203.7,204.59,163.67,West,Consumer,2024,8,Aug
501117,2024-06-13,23953,9,3,0.0,308.58,313.65,940.95,Central,Consumer,2024,6,Jun
501118,2024-03-25,22297,14,1,0.0,323.49,318.0,318.0,East,Consumer,2024,3,Mar
501119,2025-05-26,21841,6,4,0.0,183.47,184.29,737.16,South,Corporate,2025,5,May
501120,2024-01-12,23961,15,2,0.0,203.7,197.9,395.8,West,Consumer,2024,1,Jan
501121,2024-04-20,23117,15,1,0.05,203.7,204.51,194.28,Central,Corporate,2024,4,Apr
501122,2025-10-25,21320,17,4,0.05,364.39,382.43,1453.23,East,Consumer,2025,10,Oct
501123,2025-04-12,23262,16,3,0.1,113.27,105.3,284.31,North,Small Business,2025,4,Apr
501124,2024-06-12,23337,15,2,0.0,203.7,203.66,407.32,East,Consumer,2024,6,Jun
501125,2025-07-05,20004,12,4,0.1,119.8,112.28,404.21,South,Consumer,2025,7,Jul
501126,2025-11-12,21585,11,3,0.0,526.43,531.35,1594.05,Central,Consumer,2025,11,Nov
501127,2024-10-08,23453,16,3,0.0,113.27,108.85,326.55,South,Consumer,2024,10,Oct
501128,2024-01-17,22638,9,2,0.1,308.58,328.2,590.76,South,Corporate,2024,1,Jan
501129,2025-01-01,23687,10,4,0.0,452.53,482.23,1928.92,East,Consumer,2025,1,Jan
501130,2024-11-07,21908,23,1,0.1,430.62,419.6,377.64,West,Consumer,2024,11,Nov
501131,2024-06-18,20541,24,2,0.1,471.09,468.55,843.39,Central,Small Business,2024,6,Jun
501132,2024-12-27,23929,17,3,0.2,364.39,352.56,846.14,Central,Consumer,2024,12,Dec
501133,2024-09-20,21493,23,3,0.0,430.62,404.81,1214.43,West,Consumer,2024,9,Sep
501134,2024-10-15,22540,4,2,0.1,453.41,434.17,781.51,Central,Consumer,2024,10,Oct
501135,2024-07-26,21881,26,2,0.0,173.18,184.51,369.02,Central,Small Business,2024,7,Jul
501136,2024-03-12,22245,7,4,0.0,208.23,210.3,841.2,East,Consumer,2024,3,Mar
501137,2024-09-11,23818,13,4,0.05,509.47,534.22,2030.04,South,Consumer,2024,9,Sep
501138,2025-10-02,21397,15,4,0.0,203.7,190.93,763.72,Central,Corporate,2025,10,Oct
501139,2025-10-21,23991,12,2,0.1,119.8,124.36,223.85,South,Small Business,2025,10,Oct
501140,2025-11-02,23259,1,3,0.1,118.77,116.73,315.17,North,Consumer,2025,11,Nov
501141,2024-07-02,20202,23,4,0.15,430.62,430.42,1463.43,Central,Consumer,2024,7,Jul
501142,2025-07-05,23984,4,1,0.0,453.41,478.28,478.28,Central,Consumer,2025,7,Jul
501143,2024-01-13,22492,27,2,0.0,282.82,262.63,525.26,Central,Consumer,2024,1,Jan
501144,2024-03-19,21097,5,3,0.05,310.91,310.78,885.72,Central,Consumer,2024,3,Mar
501145,2025-08-07,22375,19,1,0.1,495.95,520.04,468.04,East,Consumer,2025,8,Aug
501146,2024-07-03,20526,27,2,0.1,282.82,266.13,479.03,East,Consumer,2024,7,Jul
501147,2025-09-16,23563,20,4,0.0,187.69,192.51,770.04,South,Consumer,2025,9,Sep
501148,2024-08-03,23887,12,4,0.1,119.8,127.89,460.4,Central,Consumer,2024,8,Aug
501149,2025-04-08,23931,19,1,0.05,495.95,480.25,456.24,Central,Consumer,2025,4,Apr
501150,2025-11-21,22834,26,3,0.0,173.18,160.4,481.2,West,Consumer,2025,11,Nov
501151,2025-02-03,23573,19,2,0.0,495.95,532.8,1065.6,Central,Consumer,2025,2,Feb
501152,2025-08-07,20236,11,2,0.2,526.43,498.99,798.38,North,Consumer,2025,8,Aug
501153,2025-12-05,23871,8,4,0.1,289.09,297.2,1069.92,Central,Consumer,2025,12,Dec
501154,2024-11-14,20814,22,3,0.0,356.25,366.41,1099.23,West,Consumer,2024,11,Nov
501155,2024-12-20,23854,6,1,0.0,183.47,193.55,193.55,Central,Small Business,2024,12,Dec
501156,2025-01-03,23035,16,3,0.1,113.27,115.93,313.01,Central,Consumer,2025,1,Jan
501157,2025-05-15,22743,5,1,0.0,310.91,303.21,303.21,West,Consumer,2025,5,May
501158,2025-08-06,23657,7,2,0.0,208.23,196.36,392.72,North,Small Business,2025,8,Aug
501159,2024-06-07,20552,27,1,0.05,282.82,291.07,276.52,East,Small Business,2024,6,Jun
501160,2024-02-15,20259,28,3,0.05,297.74,304.17,866.88,Central,Consumer,2024,2,Feb
501161,2024-11-05,20569,25,4,0.0,408.11,392.41,1569.64,Central,Consumer,2024,11,Nov
501162,2024-10-13,20465,27,2,0.15,282.82,271.31,461.23,North,Small Business,2024,10,Oct
501163,2025-02-05,20129,23,1,0.1,430.62,449.72,404.75,Central,Consumer,2025,2,Feb
501164,2024-02-07,20523,23,2,0.0,430.62,464.58,929.16,Central,Small Business,2024,2,Feb
501165,2024-04-30,22262,24,2,0.2,471.09,504.12,806.59,East,Small Business,2024,4,Apr
501166,2025-10-29,23723,20,4,0.0,187.69,198.11,792.44,South,Small Business,2025,10,Oct
501167,2025-02-23,20054,24,3,0.0,471.09,443.67,1331.01,North,Small Business,2025,2,Feb
501168,2024-11-18,23724,14,3,0.0,323.49,336.51,1009.53,East,Consumer,2024,11,Nov
501169,2025-03-23,20668,22,2,0.05,356.25,358.56,681.26,Central,Consumer,2025,3,Mar
501170,2024-05-11,22497,4,2,0.05,453.41,455.7,865.83,South,Consumer,2024,5,May
501171,2024-08-16,21785,12,4,0.05,119.8,112.45,427.31,Central,Small Business,2024,8,Aug
501172,2025-12-16,21651,13,4,0.05,509.47,480.76,1826.89,Central,Small Business,2025,12,Dec
501173,2024-06-05,21426,18,4,0.05,376.89,360.97,1371.69,Central,Consumer,2024,6,Jun
501174,2025-10-03,22239,22,3,0.0,356.25,334.7,1004.1,North,Corporate,2025,10,Oct
501175,2024-04-27,21270,30,3,0.05,300.75,295.82,843.09,Central,Consumer,2024,4,Apr
501176,2025-01-06,22581,15,1,0.15,203.7,219.06,186.2,Central,Consumer,2025,1,Jan
501177,2025-08-16,22747,25,4,0.1,408.11,440.23,1584.83,Central,Corporate,2025,8,Aug
501178,2025-11-06,23394,30,3,0.05,300.75,318.48,907.67,West,Corporate,2025,11,Nov
501179,2024-05-21,22199,8,1,0.15,289.09,293.7,249.64,North,Consumer,2024,5,May
501180,2024-05-13,22682,19,2,0.2,495.95,507.69,812.3,West,Small Business,2024,5,May
501181,2024-10-16,20428,4,4,0.1,453.41,488.49,1758.56,South,Consumer,2024,10,Oct
501182,2025-07-12,22725,5,3,0.0,310.91,314.37,943.11,East,Small Business,2025,7,Jul
501183,2024-03-22,22063,16,3,0.0,113.27,104.27,312.81,West,Small Business,2024,3,Mar
501184,2025-07-19,23890,3,2,0.1,379.36,385.2,693.36,Central,Small Business,2025,7,Jul
501185,2025-01-09,22840,17,4,0.05,364.39,335.56,1275.13,Central,Small Business,2025,1,Jan
501186,2025-03-09,20664,7,3,0.05,208.23,218.44,622.55,East,Corporate,2025,3,Mar
501187,2025-05-16,22932,21,1,0.05,301.42,317.19,301.33,Central,Small Business,2025,5,May
501188,2024-10-16,23015,17,2,0.0,364.39,365.46,730.92,West,Small Business,2024,10,Oct
501189,2024-10-09,22368,24,4,0.0,471.09,446.99,1787.96,South,Consumer,2024,10,Oct
501190,2024-07-24,23778,30,2,0.0,300.75,299.95,599.9,North,Consumer,2024,7,Jul
501191,2024-02-12,22135,26,4,0.05,173.18,182.14,692.13,North,Consumer,2024,2,Feb
501192,2025-04-15,20729,30,4,0.05,300.75,311.51,1183.74,East,Small Business,2025,4,Apr
501193,2025-05-20,20109,16,1,0.0,113.27,108.52,108.52,North,Consumer,2025,5,May
501194,2024-08-23,21500,23,4,0.0,430.62,402.62,1610.48,Central,Small Business,2024,8,Aug
501195,2025-12-27,20952,29,4,0.0,538.73,561.32,2245.28,South,Corporate,2025,12,Dec
501196,2024-04-05,21487,8,4,0.0,289.09,289.6,1158.4,West,Small Business,2024,4,Apr
501197,2025-09-19,21858,26,3,0.05,173.18,166.39,474.21,West,Consumer,2025,9,Sep
501198,2025-09-15,23433,30,3,0.05,300.75,309.66,882.53,Central,Corporate,2025,9,Sep
501199,2024-02-07,21395,11,3,0.1,526.43,521.58,1408.27,Central,Consumer,2024,2,Feb
501200,2025-08-07,22381,29,3,0.0,538.73,567.09,1701.27,East,Consumer,2025,8,Aug
501201,2024-04-30,22854,13,4,0.0,509.47,499.84,1999.36,West,Consumer,2024,4,Apr
501202,2024-08-05,22514,20,1,0.05,187.69,199.95,189.95,West,Consumer,2024,8,Aug
501203,2025-05-10,22900,2,2,0.1,177.67,184.73,332.51,West,Small Business,2025,5,May
501204,2024-01-06,22405,1,1,0.15,118.77,126.2,107.27,Central,Consumer,2024,1,Jan
501205,2024-06-22,23016,24,3,0.05,471.09,481.21,1371.45,West,Corporate,2024,6,Jun
501206,2024-06-23,21757,8,1,0.15,289.09,309.2,262.82,Central,Consumer,2024,6,Jun
501207,2024-02-03,21322,24,2,0.05,471.09,498.99,948.08,Central,Corporate,2024,2,Feb
501208,2025-02-17,20728,15,2,0.1,203.7,187.67,337.81,East,Consumer,2025,2,Feb
501209,2025-04-30,20048,3,1,0.0,379.36,408.78,408.78,Central,Consumer,2025,4,Apr
501210,2025-05-17,20182,9,1,0.0,308.58,300.94,300.94,West,Consumer,2025,5,May
501211,2025-06-24,20188,6,3,0.1,183.47,187.96,507.49,East,Corporate,2025,6,Jun
501212,2024-10-22,21119,19,2,0.05,495.95,499.23,948.54,Central,Corporate,2024,10,Oct
501213,2024-10-02,21638,4,2,0.05,453.41,456.01,866.42,Central,Small Business,2024,10,Oct
501214,2025-09-18,23921,18,2,0.1,376.89,368.17,662.71,South,Consumer,2025,9,Sep
501215,2024-01-29,21889,25,1,0.1,408.11,396.74,357.07,Central,Small Business,2024,1,Jan
501216,2024-07-10,23265,30,3,0.0,300.75,293.7,881.1,South,Consumer,2024,7,Jul
501217,2024-08-21,22280,21,4,0.0,301.42,309.8,1239.2,South,Consumer,2024,8,Aug
501218,2025-11-20,20835,14,4,0.0,323.49,343.68,1374.72,Central,Consumer,2025,11,Nov
501219,2024-05-16,21871,16,1,0.1,113.27,112.37,101.13,Central,Small Business,2024,5,May
501220,2025-04-18,21133,1,4,0.05,118.77,125.49,476.86,Central,Corporate,2025,4,Apr
501221,2024-09-03,22647,27,1,0.0,282.82,266.21,266.21,West,Consumer,2024,9,Sep
501222,2025-07-01,22096,2,3,0.0,177.67,188.14,564.42,West,Consumer,2025,7,Jul
501223,2024-10-06,20420,30,2,0.0,300.75,284.95,569.9,South,Consumer,2024,10,Oct
501224,2025-01-29,22656,5,4,0.05,310.91,324.23,1232.07,East,Small Business,2025,1,Jan
501225,2024-04-11,22219,28,3,0.0,297.74,299.37,898.11,Central,Consumer,2024,4,Apr
501226,2025-12-31,20282,8,1,0.05,289.09,268.9,255.45,West,Consumer,2025,12,Dec
501227,2024-03-09,22817,2,2,0.05,177.67,184.64,350.82,East,Consumer,2024,3,Mar
501228,2024-04-30,20262,21,3,0.1,301.42,323.07,872.29,Central,Small Business,2024,4,Apr
501229,2024-11-10,21648,29,1,0.1,538.73,564.37,507.93,Central,Corporate,2024,11,Nov
501230,2024-11-27,22572,21,4,0.15,301.42,290.6,988.04,West,Corporate,2024,11,Nov
501231,2024-12-06,22561,10,3,0.15,452.53,476.32,1214.62,Central,Consumer,2024,12,Dec
501232,2024-07-11,22422,26,4,0.05,173.18,186.05,706.99,North,Small Business,2024,7,Jul
501233,2024-06-13,22655,18,3,0.1,376.89,382.78,1033.51,East,Consumer,2024,6,Jun
501234,2024-07-16,22196,1,4,0.05,118.77,124.35,472.53,Central,Consumer,2024,7,Jul
501235,2024-12-21,21617,6,3,0.05,183.47,189.18,539.16,Central,Consumer,2024,12,Dec
501236,2025-08-16,21276,21,4,0.05,301.42,281.16,1068.41,South,Small Business,2025,8,Aug
501237,2024-04-01,23003,2,3,0.1,177.67,166.62,449.87,Central,Consumer,2024,4,Apr
501238,2025-02-22,21954,17,1,0.15,364.39,362.11,307.79,North,Consumer,2025,2,Feb
501239,2024-10-25,22679,10,3,0.0,452.53,438.24,1314.72,West,Corporate,2024,10,Oct
501240,2024-03-16,22655,8,4,0.0,289.09,311.85,1247.4,East,Consumer,2024,3,Mar
501241,2024-10-21,22569,16,4,0.0,113.27,106.12,424.48,East,Small Business,2024,10,Oct
501242,2025-11-10,20926,18,1,0.1,376.89,403.1,362.79,South,Consumer,2025,11,Nov
501243,2024-04-29,22413,17,3,0.05,364.39,372.96,1062.94,North,Consumer,2024,4,Apr
501244,2024-04-15,20127,5,4,0.05,310.91,329.92,1253.7,South,Consumer,2024,4,Apr
501245,2025-12-04,22603,21,2,0.1,301.42,279.63,503.33,Central,Small Business,2025,12,Dec
501246,2025-06-03,21971,1,1,0.0,118.77,115.36,115.36,Central,Consumer,2025,6,Jun
501247,2024-10-24,21752,13,4,0.1,509.47,489.87,1763.53,West,Consumer,2024,10,Oct
501248,2025-05-10,22813,15,3,0.0,203.7,217.75,653.25,Central,Consumer,2025,5,May
501249,2025-03-22,22964,17,2,0.05,364.39,393.09,746.87,Central,Small Business,2025,3,Mar
501250,2025-08-27,20788,20,4,0.0,187.69,194.83,779.32,Central,Consumer,2025,8,Aug
501251,2024-10-03,22078,26,1,0.0,173.18,174.77,174.77,Central,Consumer,2024,10,Oct
501252,2025-04-11,21451,17,1,0.05,364.39,343.67,326.49,South,Small Business,2025,4,Apr
501253,2024-05-02,22151,23,1,0.2,430.62,443.91,355.13,North,Small Business,2024,5,May
501254,2024-10-05,21282,24,1,0.0,471.09,482.88,482.88,West,Small Business,2024,10,Oct
501255,2024-04-17,21932,13,3,0.05,509.47,546.56,1557.7,Central,Consumer,2024,4,Apr
501256,2024-05-28,23308,8,4,0.15,289.09,275.58,936.97,West,Consumer,2024,5,May
501257,2025-07-14,20909,21,2,0.0,301.42,312.44,624.88,North,Consumer,2025,7,Jul
501258,2025-01-29,23907,11,3,0.15,526.43,504.21,1285.74,East,Consumer,2025,1,Jan
501259,2024-03-12,23570,5,4,0.1,310.91,335.0,1206.0,North,Small Business,2024,3,Mar
501260,2024-01-25,22018,18,2,0.0,376.89,403.58,807.16,South,Consumer,2024,1,Jan
501261,2025-12-08,23192,8,2,0.05,289.09,282.3,536.37,North,Consumer,2025,12,Dec
501262,2025-01-17,21590,12,2,0.1,119.8,118.37,213.07,West,Consumer,2025,1,Jan
501263,2024-09-23,23687,15,1,0.05,203.7,203.86,193.67,East,Consumer,2024,9,Sep
501264,2024-05-06,22502,24,1,0.1,471.09,445.21,400.69,North,Corporate,2024,5,May
501265,2024-06-17,22406,20,2,0.0,187.69,181.66,363.32,Central,Consumer,2024,6,Jun
501266,2025-04-16,23912,1,4,0.0,118.77,122.11,488.44,East,Consumer,2025,4,Apr
501267,2024-02-27,22903,4,4,0.1,453.41,447.71,1611.76,Central,Small Business,2024,2,Feb
501268,2024-10-28,22989,24,4,0.05,471.09,482.48,1833.42,South,Small Business,2024,10,Oct
501269,2025-08-06,23851,28,2,0.1,297.74,310.83,559.49,North,Consumer,2025,8,Aug
501270,2025-07-08,20283,25,1,0.2,408.11,394.21,315.37,West,Small Business,2025,7,Jul
501271,2024-10-29,20990,6,3,0.2,183.47,190.88,458.11,East,Consumer,2024,10,Oct
501272,2025-03-07,21682,22,3,0.05,356.25,370.71,1056.52,South,Small Business,2025,3,Mar
501273,2025-05-13,20037,3,1,0.05,379.36,361.25,343.19,West,Small Business,2025,5,May
501274,2024-12-30,20787,17,4,0.0,364.39,336.61,1346.44,Central,Consumer,2024,12,Dec
501275,2025-05-29,22306,10,3,0.05,452.53,478.69,1364.27,North,Consumer,2025,5,May
501276,2025-04-25,20624,8,2,0.1,289.09,305.01,549.02,South,Corporate,2025,4,Apr
501277,2024-08-25,23433,11,1,0.0,526.43,488.19,488.19,Central,Corporate,2024,8,Aug
501278,2024-06-11,22726,5,4,0.0,310.91,297.6,1190.4,West,Small Business,2024,6,Jun
501279,2024-07-08,21714,29,3,0.05,538.73,527.79,1504.2,West,Consumer,2024,7,Jul
501280,2025-11-05,22963,27,2,0.05,282.82,302.3,574.37,East,Corporate,2025,11,Nov
501281,2024-03-23,20922,28,3,0.0,297.74,275.86,827.58,West,Consumer,2024,3,Mar
501282,2024-02-21,21944,30,4,0.0,300.75,323.54,1294.16,West,Corporate,2024,2,Feb
501283,2025-06-18,23005,26,3,0.0,173.18,166.91,500.73,West,Consumer,2025,6,Jun
501284,2024-09-08,21802,5,1,0.2,310.91,307.69,246.15,Central,Consumer,2024,9,Sep
501285,2025-08-06,22252,15,2,0.05,203.7,187.5,356.25,West,Small Business,2025,8,Aug
501286,2024-02-11,21452,12,1,0.05,119.8,112.69,107.06,West,Small Business,2024,2,Feb
501287,2025-08-19,23748,1,2,0.0,118.77,113.25,226.5,West,Consumer,2025,8,Aug
501288,2025-03-04,23794,7,2,0.0,208.23,224.29,448.58,West,Small Business,2025,3,Mar
501289,2024-01-03,21538,22,4,0.0,356.25,383.81,1535.24,West,Consumer,2024,1,Jan
501290,2024-10-05,21122,7,1,0.0,208.23,200.11,200.11,North,Small Business,2024,10,Oct
501291,2024-01-21,21207,18,4,0.0,376.89,399.72,1598.88,South,Consumer,2024,1,Jan
501292,2024-02-11,20858,22,4,0.0,356.25,333.9,1335.6,South,Corporate,2024,2,Feb
501293,2024-02-20,22103,1,2,0.15,118.77,117.24,199.31,Central,Consumer,2024,2,Feb
501294,2025-05-02,23780,29,3,0.15,538.73,540.47,1378.2,South,Consumer,2025,5,May
501295,2024-12-23,23927,15,4,0.05,203.7,192.34,730.89,West,Small Business,2024,12,Dec
501296,2025-12-01,22241,12,1,0.05,119.8,121.91,115.81,East,Consumer,2025,12,Dec
501297,2025-05-17,22374,1,4,0.0,118.77,118.48,473.92,Central,Consumer,2025,5,May
501298,2024-03-19,20523,26,1,0.2,173.18,186.89,149.51,Central,Small Business,2024,3,Mar
501299,2025-10-18,21574,27,3,0.0,282.82,271.16,813.48,Central,Corporate,2025,10,Oct
501300,2024-06-10,23194,27,2,0.0,282.82,303.17,606.34,North,Corporate,2024,6,Jun
501301,2024-08-30,22030,18,2,0.05,376.89,370.28,703.53,Central,Small Business,2024,8,Aug
501302,2024-07-18,22471,21,4,0.1,301.42,322.78,1162.01,West,Consumer,2024,7,Jul
501303,2024-10-17,22534,25,1,0.0,408.11,410.41,410.41,Central,Consumer,2024,10,Oct
501304,2025-05-12,23213,24,4,0.0,471.09,468.31,1873.24,West,Small Business,2025,5,May
501305,2024-05-19,22024,15,4,0.0,203.7,189.22,756.88,South,Corporate,2024,5,May
501306,2024-10-09,22407,3,2,0.0,379.36,393.26,786.52,West,Consumer,2024,10,Oct
501307,2025-09-19,20349,13,1,0.1,509.47,482.06,433.85,Central,Consumer,2025,9,Sep
501308,2025-07-05,23455,24,2,0.05,471.09,490.15,931.28,East,Consumer,2025,7,Jul
501309,2024-08-02,22096,30,3,0.1,300.75,306.54,827.66,West,Consumer,2024,8,Aug
501310,2024-12-04,22944,5,3,0.0,310.91,328.48,985.44,South,Consumer,2024,12,Dec
501311,2025-05-09,22368,26,3,0.2,173.18,172.31,413.54,South,Consumer,2025,5,May
501312,2024-01-18,22730,22,2,0.15,356.25,362.66,616.52,Central,Consumer,2024,1,Jan
501313,2025-07-17,21782,11,4,0.05,526.43,520.48,1977.82,West,Small Business,2025,7,Jul
501314,2024-05-07,23427,29,3,0.0,538.73,542.57,1627.71,Central,Consumer,2024,5,May
501315,2024-10-18,20153,2,1,0.0,177.67,174.76,174.76,East,Consumer,2024,10,Oct
501316,2024-08-21,21117,9,1,0.05,308.58,319.68,303.7,North,Corporate,2024,8,Aug
501317,2024-03-21,20839,3,3,0.1,379.36,383.11,1034.4,East,Small Business,2024,3,Mar
501318,2025-04-08,20315,15,4,0.0,203.7,194.41,777.64,Central,Consumer,2025,4,Apr
501319,2024-08-20,21840,23,3,0.15,430.62,461.2,1176.06,Central,Corporate,2024,8,Aug
501320,2025-05-12,20174,15,1,0.0,203.7,198.43,198.43,East,Consumer,2025,5,May
501321,2024-08-22,21453,12,4,0.15,119.8,122.96,418.06,West,Consumer,2024,8,Aug
501322,2025-04-12,20759,6,2,0.05,183.47,181.52,344.89,East,Small Business,2025,4,Apr
501323,2025-12-03,21976,11,3,0.05,526.43,566.61,1614.84,East,Small Business,2025,12,Dec
501324,2024-02-15,21848,1,3,0.0,118.77,121.11,363.33,South,Consumer,2024,2,Feb
501325,2024-02-09,22678,18,2,0.05,376.89,370.12,703.23,East,Consumer,2024,2,Feb
501326,2024-09-26,20031,23,1,0.05,430.62,433.97,412.27,East,Consumer,2024,9,Sep
501327,2025-07-27,20670,22,3,0.05,356.25,382.46,1090.01,Central,Small Business,2025,7,Jul
501328,2025-04-09,22672,27,4,0.15,282.82,291.0,989.4,Central,Consumer,2025,4,Apr
501329,2025-12-11,20596,14,3,0.0,323.49,318.75,956.25,North,Consumer,2025,12,Dec
501330,2025-04-12,23811,9,2,0.1,308.58,302.0,543.6,South,Consumer,2025,4,Apr
501331,2025-09-23,23658,16,2,0.05,113.27,108.03,205.26,Central,Consumer,2025,9,Sep
501332,2025-02-27,21682,21,3,0.2,301.42,296.4,711.36,South,Small Business,2025,2,Feb
501333,2024-05-25,22948,22,4,0.0,356.25,383.06,1532.24,South,Consumer,2024,5,May
501334,2024-11-07,22185,19,4,0.15,495.95,514.02,1747.67,South,Consumer,2024,11,Nov
501335,2025-04-08,22172,6,4,0.0,183.47,189.03,756.12,South,Small Business,2025,4,Apr
501336,2024-01-07,23831,10,4,0.1,452.53,456.79,1644.44,West,Small Business,2024,1,Jan
501337,2024-10-08,23656,4,2,0.1,453.41,476.77,858.19,Central,Small Business,2024,10,Oct
501338,2025-02-12,20483,9,4,0.05,308.58,332.92,1265.1,Central,Small Business,2025,2,Feb
501339,2024-11-15,21273,12,3,0.0,119.8,127.77,383.31,Central,Consumer,2024,11,Nov
501340,2024-07-10,21589,27,4,0.2,282.82,268.45,859.04,West,Corporate,2024,7,Jul
501341,2024-11-11,21437,12,1,0.1,119.8,124.3,111.87,South,Consumer,2024,11,Nov
501342,2024-09-14,23949,12,3,0.1,119.8,120.51,325.38,Central,Corporate,2024,9,Sep
501343,2025-06-19,23180,19,4,0.1,495.95,503.22,1811.59,East,Consumer,2025,6,Jun
501344,2025-03-12,20562,30,1,0.0,300.75,302.99,302.99,West,Consumer,2025,3,Mar
501345,2025-11-01,22444,9,4,0.0,308.58,329.03,1316.12,West,Consumer,2025,11,Nov
501346,2024-12-15,23525,25,1,0.0,408.11,410.8,410.8,Central,Consumer,2024,12,Dec
501347,2025-04-18,20957,28,2,0.05,297.74,278.38,528.92,East,Consumer,2025,4,Apr
501348,2024-11-12,21629,26,3,0.05,173.18,181.71,517.87,South,Consumer,2024,11,Nov
501349,2025-06-23,22473,6,1,0.0,183.47,178.97,178.97,East,Small Business,2025,6,Jun
501350,2024-10-23,22068,7,3,0.0,208.23,193.33,579.99,West,Consumer,2024,10,Oct
501351,2025-07-22,23002,24,3,0.0,471.09,465.28,1395.84,East,Consumer,2025,7,Jul
501352,2025-07-13,23298,13,3,0.0,509.47,535.34,1606.02,North,Consumer,2025,7,Jul
501353,2024-06-12,21005,15,2,0.05,203.7,204.0,387.6,Central,Consumer,2024,6,Jun
501354,2024-12-27,23940,4,1,0.05,453.41,420.88,399.84,Central,Consumer,2024,12,Dec
501355,2025-07-25,21525,5,3,0.1,310.91,333.16,899.53,South,Consumer,2025,7,Jul
501356,2025-03-28,20107,12,2,0.1,119.8,125.79,226.42,North,Consumer,2025,3,Mar
501357,2025-04-19,20372,22,1,0.1,356.25,343.25,308.92,North,Consumer,2025,4,Apr
501358,2024-03-09,21392,30,3,0.0,300.75,311.27,933.81,North,Small Business,2024,3,Mar
501359,2025-10-16,21593,3,2,0.05,379.36,407.69,774.61,South,Small Business,2025,10,Oct
501360,2025-03-22,21168,19,2,0.15,495.95,471.33,801.26,East,Consumer,2025,3,Mar
501361,2024-02-24,21658,28,4,0.2,297.74,317.92,1017.34,East,Small Business,2024,2,Feb
501362,2024-02-11,21842,11,3,0.0,526.43,500.18,1500.54,West,Consumer,2024,2,Feb
501363,2024-06-26,20875,27,2,0.0,282.82,270.98,541.96,West,Consumer,2024,6,Jun
501364,2025-07-18,20623,9,1,0.0,308.58,306.22,306.22,North,Consumer,2025,7,Jul
501365,2025-05-11,20168,17,4,0.0,364.39,336.0,1344.0,North,Corporate,2025,5,May
501366,2024-01-08,21274,7,3,0.1,208.23,208.05,561.74,North,Small Business,2024,1,Jan
501367,2024-08-18,22486,25,2,0.0,408.11,395.81,791.62,South,Consumer,2024,8,Aug
501368,2025-06-28,22472,4,1,0.1,453.41,421.96,379.76,East,Consumer,2025,6,Jun
501369,2024-06-26,20061,18,2,0.1,376.89,375.92,676.66,West,Consumer,2024,6,Jun
501370,2025-01-21,23211,6,1,0.0,183.47,184.13,184.13,Central,Consumer,2025,1,Jan
501371,2025-07-23,23182,7,2,0.0,208.23,218.92,437.84,Central,Consumer,2025,7,Jul
501372,2025-05-31,23845,11,2,0.0,526.43,568.25,1136.5,East,Consumer,2025,5,May
501373,2025-12-06,21586,3,1,0.0,379.36,404.13,404.13,East,Corporate,2025,12,Dec
501374,2024-06-27,21039,13,1,0.0,509.47,483.46,483.46,Central,Small Business,2024,6,Jun
501375,2025-01-13,21805,10,4,0.0,452.53,478.63,1914.52,East,Corporate,2025,1,Jan
501376,2025-01-19,23899,12,2,0.05,119.8,124.47,236.49,Central,Consumer,2025,1,Jan
501377,2024-11-07,22020,6,3,0.1,183.47,192.93,520.91,East,Consumer,2024,11,Nov
501378,2025-09-09,21212,5,2,0.0,310.91,298.86,597.72,North,Consumer,2025,9,Sep
501379,2024-09-18,21006,22,2,0.0,356.25,369.43,738.86,North,Consumer,2024,9,Sep
501380,2024-06-04,23708,9,2,0.15,308.58,317.65,540.0,North,Corporate,2024,6,Jun
501381,2024-01-08,21317,18,1,0.0,376.89,377.13,377.13,West,Small Business,2024,1,Jan
501382,2024-01-19,22992,14,1,0.0,323.49,340.72,340.72,Central,Small Business,2024,1,Jan
501383,2024-03-08,21923,10,2,0.0,452.53,436.43,872.86,Central,Consumer,2024,3,Mar
501384,2025-07-04,21649,3,2,0.05,379.36,373.36,709.38,West,Consumer,2025,7,Jul
501385,2025-02-24,20662,16,4,0.1,113.27,111.46,401.26,Central,Small Business,2025,2,Feb
501386,2025-05-29,23895,2,1,0.0,177.67,179.67,179.67,South,Consumer,2025,5,May
501387,2024-06-19,21231,9,1,0.0,308.58,285.38,285.38,Central,Small Business,2024,6,Jun
501388,2024-04-19,20117,24,2,0.2,471.09,468.94,750.3,West,Consumer,2024,4,Apr
501389,2025-07-13,22768,5,4,0.05,310.91,290.69,1104.62,East,Consumer,2025,7,Jul
501390,2024-09-06,23139,6,1,0.1,183.47,171.83,154.65,East,Consumer,2024,9,Sep
501391,2025-07-21,23744,26,3,0.0,173.18,180.54,541.62,East,Consumer,2025,7,Jul
501392,2024-10-31,22695,10,3,0.0,452.53,440.06,1320.18,Central,Consumer,2024,10,Oct
501393,2024-04-05,20654,15,4,0.0,203.7,193.07,772.28,South,Consumer,2024,4,Apr
501394,2024-01-29,20362,4,1,0.0,453.41,474.25,474.25,West,Small Business,2024,1,Jan
501395,2024-03-05,20294,14,2,0.05,323.49,306.21,581.8,East,Small Business,2024,3,Mar
501396,2024-10-05,21139,6,1,0.0,183.47,180.07,180.07,Central,Small Business,2024,10,Oct
501397,2024-08-16,22781,13,2,0.0,509.47,529.36,1058.72,South,Small Business,2024,8,Aug
501398,2024-03-09,21794,26,4,0.05,173.18,186.5,708.7,East,Consumer,2024,3,Mar
501399,2024-06-14,20928,17,3,0.1,364.39,376.61,1016.85,Central,Small Business,2024,6,Jun
501400,2025-12-27,20969,28,3,0.2,297.74,306.68,736.03,Central,Small Business,2025,12,Dec
501401,2025-03-28,22522,29,3,0.0,538.73,515.87,1547.61,Central,Consumer,2025,3,Mar
501402,2025-12-18,23735,13,4,0.0,509.47,523.93,2095.72,East,Small Business,2025,12,Dec
501403,2025-01-06,21235,9,1,0.0,308.58,331.2,331.2,South,Consumer,2025,1,Jan
501404,2025-02-18,20618,7,1,0.0,208.23,193.37,193.37,North,Small Business,2025,2,Feb
501405,2024-12-30,20786,19,3,0.0,495.95,484.5,1453.5,East,Corporate,2024,12,Dec
501406,2024-12-16,22237,21,3,0.0,301.42,288.74,866.22,West,Consumer,2024,12,Dec
501407,2024-08-08,23330,24,2,0.0,471.09,442.77,885.54,North,Small Business,2024,8,Aug
501408,2025-12-07,22190,7,3,0.05,208.23,202.17,576.18,Central,Consumer,2025,12,Dec
501409,2024-02-25,23873,20,1,0.0,187.69,190.41,190.41,West,Consumer,2024,2,Feb
501410,2025-05-02,22137,21,4,0.05,301.42,295.11,1121.42,East,Small Business,2025,5,May
501411,2025-10-05,21292,15,1,0.15,203.7,210.18,178.65,West,Consumer,2025,10,Oct
501412,2024-04-06,20554,21,3,0.1,301.42,306.37,827.2,South,Consumer,2024,4,Apr
501413,2025-11-11,20250,15,2,0.05,203.7,191.23,363.34,Central,Small Business,2025,11,Nov
501414,2024-06-04,21965,24,1,0.05,471.09,445.9,423.6,North,Consumer,2024,6,Jun
501415,2025-12-06,22018,10,1,0.05,452.53,428.07,406.67,South,Consumer,2025,12,Dec
501416,2025-04-24,23683,8,1,0.0,289.09,292.86,292.86,Central,Small Business,2025,4,Apr
501417,2024-11-29,20126,19,3,0.05,495.95,531.87,1515.83,East,Corporate,2024,11,Nov
501418,2025-11-23,20837,10,1,0.05,452.53,455.68,432.9,Central,Consumer,2025,11,Nov
501419,2024-05-20,20826,16,3,0.1,113.27,118.69,320.46,Central,Corporate,2024,5,May
501420,2024-08-30,20298,8,3,0.0,289.09,290.35,871.05,East,Consumer,2024,8,Aug
501421,2025-03-09,20405,8,1,0.0,289.09,288.95,288.95,Central,Consumer,2025,3,Mar
501422,2024-03-26,23797,20,2,0.1,187.69,197.64,355.75,South,Small Business,2024,3,Mar
501423,2024-04-29,20106,9,2,0.05,308.58,296.33,563.03,West,Corporate,2024,4,Apr
501424,2025-07-08,23690,30,4,0.1,300.75,283.86,1021.9,East,Consumer,2025,7,Jul
501425,2024-04-11,22863,25,4,0.1,408.11,382.37,1376.53,South,Small Business,2024,4,Apr
501426,2024-05-30,22229,13,4,0.05,509.47,519.13,1972.69,East,Small Business,2024,5,May
501427,2025-10-14,20569,8,2,0.05,289.09,276.15,524.68,Central,Consumer,2025,10,Oct
501428,2024-03-11,23548,11,1,0.2,526.43,492.53,394.02,East,Small Business,2024,3,Mar
501429,2025-04-03,23265,14,2,0.15,323.49,344.44,585.55,South,Consumer,2025,4,Apr
501430,2025-05-19,23897,18,4,0.1,376.89,347.16,1249.78,Central,Consumer,2025,5,May
501431,2024-03-06,21061,11,2,0.05,526.43,541.7,1029.23,East,Consumer,2024,3,Mar
501432,2025-02-03,20694,11,4,0.0,526.43,549.14,2196.56,West,Corporate,2025,2,Feb
501433,2024-10-28,21962,15,1,0.0,203.7,206.04,206.04,East,Corporate,2024,10,Oct
501434,2024-11-17,20873,4,1,0.1,453.41,486.51,437.86,Central,Consumer,2024,11,Nov
501435,2024-08-24,20459,2,2,0.0,177.67,188.46,376.92,Central,Consumer,2024,8,Aug
501436,2024-02-09,22137,15,4,0.05,203.7,215.62,819.36,East,Small Business,2024,2,Feb
501437,2025-01-02,20298,22,4,0.05,356.25,378.01,1436.44,East,Consumer,2025,1,Jan
501438,2024-01-10,22817,18,3,0.1,376.89,386.5,1043.55,East,Consumer,2024,1,Jan
501439,2024-11-03,20651,3,1,0.05,379.36,355.37,337.6,Central,Small Business,2024,11,Nov
501440,2024-10-31,23246,13,2,0.1,509.47,492.35,886.23,East,Consumer,2024,10,Oct
501441,2025-03-20,22976,17,1,0.0,364.39,383.03,383.03,Central,Consumer,2025,3,Mar
501442,2025-03-16,21970,23,1,0.0,430.62,436.74,436.74,Central,Small Business,2025,3,Mar
501443,2025-07-06,23068,21,1,0.15,301.42,287.32,244.22,Central,Small Business,2025,7,Jul
501444,2025-10-02,20094,21,4,0.0,301.42,318.99,1275.96,Central,Consumer,2025,10,Oct
501445,2025-01-08,23958,1,1,0.05,118.77,121.38,115.31,Central,Consumer,2025,1,Jan
501446,2025-03-12,20288,14,1,0.0,323.49,307.92,307.92,West,Consumer,2025,3,Mar
501447,2025-01-13,23040,28,2,0.05,297.74,310.41,589.78,Central,Consumer,2025,1,Jan
501448,2024-12-22,23349,29,2,0.0,538.73,508.64,1017.28,Central,Small Business,2024,12,Dec
501449,2025-03-14,22342,24,4,0.05,471.09,461.93,1755.33,South,Consumer,2025,3,Mar
501450,2024-05-08,22252,18,4,0.05,376.89,378.67,1438.95,West,Small Business,2024,5,May
501451,2024-01-24,21238,25,4,0.15,408.11,402.89,1369.83,South,Small Business,2024,1,Jan
501452,2024-04-25,20215,11,4,0.0,526.43,561.4,2245.6,Central,Small Business,2024,4,Apr
501453,2024-05-04,22527,14,1,0.0,323.49,305.48,305.48,East,Consumer,2024,5,May
501454,2025-03-22,22781,12,3,0.0,119.8,120.95,362.85,South,Small Business,2025,3,Mar
501455,2024-03-19,21708,4,4,0.0,453.41,434.46,1737.84,Central,Consumer,2024,3,Mar
501456,2024-09-16,22522,1,2,0.15,118.77,114.12,194.0,Central,Consumer,2024,9,Sep
501457,2024-03-18,21358,10,4,0.0,452.53,480.67,1922.68,South,Corporate,2024,3,Mar
501458,2024-04-23,21703,21,3,0.0,301.42,303.87,911.61,Central,Consumer,2024,4,Apr
501459,2025-04-14,21268,22,3,0.0,356.25,346.49,1039.47,Central,Small Business,2025,4,Apr
501460,2024-10-18,23436,23,3,0.0,430.62,447.67,1343.01,South,Consumer,2024,10,Oct
501461,2025-08-16,22890,17,2,0.0,364.39,385.5,771.0,Central,Corporate,2025,8,Aug
501462,2025-06-21,21172,7,1,0.0,208.23,213.58,213.58,Central,Corporate,2025,6,Jun
501463,2024-06-29,22295,26,1,0.15,173.18,160.06,136.05,South,Consumer,2024,6,Jun
501464,2024-02-26,23028,24,4,0.15,471.09,466.76,1586.98,East,Consumer,2024,2,Feb
501465,2025-12-04,20362,7,4,0.0,208.23,214.22,856.88,West,Small Business,2025,12,Dec
501466,2024-04-07,21321,21,1,0.0,301.42,312.99,312.99,North,Consumer,2024,4,Apr
501467,2025-05-13,21988,7,1,0.0,208.23,224.77,224.77,South,Corporate,2025,5,May
501468,2025-03-03,22229,2,1,0.05,177.67,166.03,157.73,East,Small Business,2025,3,Mar
501469,2025-08-22,20892,2,3,0.05,177.67,184.34,525.37,North,Consumer,2025,8,Aug
501470,2025-02-06,23984,8,1,0.0,289.09,292.46,292.46,Central,Consumer,2025,2,Feb
501471,2024-01-06,20790,7,1,0.0,208.23,193.12,193.12,North,Corporate,2024,1,Jan
501472,2024-04-23,22452,30,3,0.15,300.75,283.33,722.49,West,Consumer,2024,4,Apr
501473,2025-08-29,20968,29,1,0.05,538.73,563.75,535.56,North,Consumer,2025,8,Aug
501474,2025-03-15,22251,1,1,0.0,118.77,110.99,110.99,West,Small Business,2025,3,Mar
501475,2025-07-16,23158,30,1,0.1,300.75,307.54,276.79,South,Small Business,2025,7,Jul
501476,2025-04-07,22285,28,4,0.0,297.74,292.68,1170.72,West,Small Business,2025,4,Apr
501477,2025-12-19,21575,29,4,0.1,538.73,575.71,2072.56,Central,Consumer,2025,12,Dec
501478,2024-03-01,22783,25,3,0.1,408.11,411.27,1110.43,South,Consumer,2024,3,Mar
501479,2024-02-29,22527,4,2,0.0,453.41,475.56,951.12,East,Consumer,2024,2,Feb
501480,2025-06-14,23209,22,4,0.0,356.25,344.31,1377.24,North,Consumer,2025,6,Jun
501481,2024-01-31,22309,23,1,0.05,430.62,403.88,383.69,South,Consumer,2024,1,Jan
501482,2024-03-23,23180,17,1,0.1,364.39,381.04,342.94,East,Consumer,2024,3,Mar
501483,2025-06-14,22323,4,2,0.05,453.41,483.49,918.63,Central,Small Business,2025,6,Jun
501484,2025-07-08,23056,8,1,0.05,289.09,283.6,269.42,South,Consumer,2025,7,Jul
501485,2025-09-09,20398,16,2,0.0,113.27,119.07,238.14,East,Consumer,2025,9,Sep
501486,2024-06-25,21354,5,4,0.0,310.91,288.93,1155.72,North,Corporate,2024,6,Jun
501487,2025-05-05,20492,30,1,0.0,300.75,293.29,293.29,Central,Consumer,2025,5,May
501488,2024-06-13,20967,2,4,0.05,177.67,164.89,626.58,West,Small Business,2024,6,Jun
501489,2025-12-27,21171,17,4,0.05,364.39,343.54,1305.45,North,Consumer,2025,12,Dec
501490,2025-05-04,21610,17,2,0.0,364.39,373.84,747.68,Central,Consumer,2025,5,May
501491,2025-07-16,21487,14,4,0.15,323.49,327.27,1112.72,West,Small Business,2025,7,Jul
501492,2025-04-29,22079,27,3,0.0,282.82,303.43,910.29,Central,Consumer,2025,4,Apr
501493,2025-12-21,22517,4,2,0.15,453.41,448.22,761.97,East,Small Business,2025,12,Dec
501494,2024-07-16,23249,5,4,0.15,310.91,316.77,1077.02,North,Consumer,2024,7,Jul
501495,2025-07-11,22689,2,4,0.05,177.67,188.17,715.05,East,Small Business,2025,7,Jul
501496,2025-12-06,22096,8,2,0.1,289.09,278.9,502.02,West,Consumer,2025,12,Dec
501497,2024-06-03,20185,2,3,0.05,177.67,186.53,531.61,West,Small Business,2024,6,Jun
501498,2024-10-10,21470,5,2,0.0,310.91,319.75,639.5,East,Consumer,2024,10,Oct
501499,2025-05-29,22047,19,3,0.0,495.95,527.63,1582.89,Central,Corporate,2025,5,May
501500,2024-10-23,22149,19,2,0.05,495.95,521.76,991.34,East,Consumer,2024,10,Oct
501501,2025-05-28,23541,23,1,0.0,430.62,438.19,438.19,West,Consumer,2025,5,May
501502,2024-05-26,20295,23,4,0.1,430.62,454.41,1635.88,South,Small Business,2024,5,May
501503,2024-02-25,23684,23,1,0.0,430.62,426.32,426.32,North,Small Business,2024,2,Feb
501504,2024-02-12,22153,26,2,0.0,173.18,165.02,330.04,South,Consumer,2024,2,Feb
501505,2024-05-18,21599,23,3,0.1,430.62,410.03,1107.08,South,Small Business,2024,5,May
501506,2025-08-21,22071,8,1,0.05,289.09,285.98,271.68,North,Small Business,2025,8,Aug
501507,2025-05-09,23041,30,2,0.05,300.75,300.33,570.63,South,Consumer,2025,5,May
501508,2024-09-01,22362,22,3,0.0,356.25,378.83,1136.49,Central,Consumer,2024,9,Sep
501509,2025-05-06,21818,4,2,0.05,453.41,480.2,912.38,Central,Consumer,2025,5,May
501510,2024-12-24,23458,14,1,0.0,323.49,322.01,322.01,West,Consumer,2024,12,Dec
501511,2024-05-08,20811,28,3,0.1,297.74,277.13,748.25,North,Corporate,2024,5,May
501512,2025-07-27,22275,30,3,0.0,300.75,304.76,914.28,Central,Consumer,2025,7,Jul
501513,2024-01-29,22574,30,1,0.1,300.75,308.11,277.3,North,Consumer,2024,1,Jan
501514,2024-03-19,22251,22,2,0.05,356.25,364.66,692.85,West,Small Business,2024,3,Mar
501515,2024-07-07,21961,18,3,0.0,376.89,364.51,1093.53,West,Small Business,2024,7,Jul
501516,2025-03-27,22720,4,3,0.15,453.41,458.91,1170.22,South,Consumer,2025,3,Mar
501517,2024-09-16,22796,18,1,0.15,376.89,401.65,341.4,West,Small Business,2024,9,Sep
501518,2024-09-22,23883,10,1,0.0,452.53,455.11,455.11,East,Corporate,2024,9,Sep
501519,2025-01-28,23442,9,2,0.0,308.58,316.1,632.2,East,Consumer,2025,1,Jan
501520,2025-09-02,22904,21,3,0.0,301.42,280.97,842.91,North,Consumer,2025,9,Sep
501521,2024-08-27,20085,8,2,0.0,289.09,288.04,576.08,Central,Consumer,2024,8,Aug
501522,2024-10-11,20782,21,4,0.05,301.42,301.93,1147.33,West,Small Business,2024,10,Oct
501523,2024-01-28,23882,13,1,0.1,509.47,483.41,435.07,West,Consumer,2024,1,Jan
501524,2025-11-28,21735,12,3,0.2,119.8,127.88,306.91,North,Corporate,2025,11,Nov
501525,2025-09-08,20097,9,4,0.05,308.58,292.99,1113.36,North,Consumer,2025,9,Sep
501526,2024-09-30,20540,9,2,0.05,308.58,319.5,607.05,Central,Consumer,2024,9,Sep
501527,2025-09-11,20162,24,2,0.2,471.09,485.93,777.49,South,Consumer,2025,9,Sep
501528,2024-01-24,20133,8,3,0.0,289.09,295.0,885.0,Central,Consumer,2024,1,Jan
501529,2024-02-23,23645,20,3,0.15,187.69,175.69,448.01,Central,Small Business,2024,2,Feb
501530,2025-02-04,23277,10,4,0.0,452.53,455.51,1822.04,West,Consumer,2025,2,Feb
501531,2025-02-10,20325,21,4,0.1,301.42,309.94,1115.78,South,Consumer,2025,2,Feb
501532,2024-04-04,21423,3,4,0.1,379.36,407.45,1466.82,South,Consumer,2024,4,Apr
501533,2025-01-09,23752,28,2,0.15,297.74,303.28,515.58,West,Consumer,2025,1,Jan
501534,2024-04-11,21066,11,1,0.0,526.43,504.04,504.04,East,Consumer,2024,4,Apr
501535,2024-11-28,23187,6,3,0.05,183.47,194.75,555.04,East,Consumer,2024,11,Nov
501536,2024-12-18,21940,5,1,0.0,310.91,317.65,317.65,South,Consumer,2024,12,Dec
501537,2024-06-01,22301,23,4,0.15,430.62,464.07,1577.84,West,Consumer,2024,6,Jun
501538,2024-07-29,20820,7,1,0.0,208.23,211.93,211.93,West,Consumer,2024,7,Jul
501539,2025-01-12,21156,9,1,0.15,308.58,331.32,281.62,East,Consumer,2025,1,Jan
501540,2025-02-01,20190,7,2,0.05,208.23,201.99,383.78,East,Consumer,2025,2,Feb
501541,2025-12-19,20403,10,3,0.1,452.53,456.82,1233.41,South,Consumer,2025,12,Dec
501542,2025-04-26,22676,6,1,0.0,183.47,178.14,178.14,West,Consumer,2025,4,Apr
501543,2025-07-02,23922,18,3,0.05,376.89,352.95,1005.91,West,Consumer,2025,7,Jul
501544,2025-10-19,20878,16,3,0.1,113.27,120.34,324.92,Central,Consumer,2025,10,Oct
501545,2024-10-04,23114,3,1,0.1,379.36,402.96,362.66,Central,Consumer,2024,10,Oct
501546,2024-07-29,20106,20,4,0.1,187.69,174.42,627.91,West,Corporate,2024,7,Jul
501547,2025-03-04,21720,28,1,0.05,297.74,307.32,291.95,Central,Consumer,2025,3,Mar
501548,2025-01-08,22953,27,1,0.0,282.82,282.94,282.94,East,Consumer,2025,1,Jan
501549,2025-04-13,21374,10,4,0.0,452.53,433.31,1733.24,West,Consumer,2025,4,Apr
501550,2025-07-10,23790,16,3,0.15,113.27,117.31,299.14,North,Consumer,2025,7,Jul
501551,2025-03-18,20283,14,3,0.05,323.49,325.27,927.02,West,Small Business,2025,3,Mar
501552,2025-03-01,20466,2,1,0.1,177.67,163.91,147.52,South,Consumer,2025,3,Mar
501553,2025-08-20,21971,17,2,0.1,364.39,363.63,654.53,Central,Consumer,2025,8,Aug
501554,2024-09-20,21862,10,1,0.15,452.53,446.14,379.22,South,Consumer,2024,9,Sep
501555,2024-05-12,20153,26,4,0.1,173.18,179.08,644.69,East,Consumer,2024,5,May
501556,2024-03-03,20835,16,2,0.0,113.27,109.53,219.06,Central,Consumer,2024,3,Mar
501557,2024-05-04,22802,11,4,0.05,526.43,545.51,2072.94,North,Corporate,2024,5,May
501558,2024-05-18,20171,22,4,0.05,356.25,333.72,1268.14,South,Consumer,2024,5,May
501559,2024-11-19,21879,6,2,0.1,183.47,197.37,355.27,East,Corporate,2024,11,Nov
501560,2024-01-27,21571,7,2,0.15,208.23,198.36,337.21,West,Corporate,2024,1,Jan
501561,2025-07-19,20160,18,4,0.15,376.89,392.14,1333.28,West,Small Business,2025,7,Jul
501562,2025-03-25,23208,23,3,0.0,430.62,424.68,1274.04,West,Consumer,2025,3,Mar
501563,2024-07-07,20520,25,3,0.1,408.11,403.6,1089.72,North,Small Business,2024,7,Jul
501564,2025-01-04,21239,23,4,0.0,430.62,463.09,1852.36,East,Consumer,2025,1,Jan
501565,2024-03-04,21129,21,2,0.05,301.42,304.64,578.82,Central,Consumer,2024,3,Mar
501566,2024-08-06,20383,23,3,0.0,430.62,449.11,1347.33,West,Consumer,2024,8,Aug
501567,2024-12-18,22687,24,4,0.0,471.09,493.28,1973.12,South,Consumer,2024,12,Dec
501568,2025-11-25,22411,20,2,0.0,187.69,196.12,392.24,West,Small Business,2025,11,Nov
501569,2025-04-21,20949,16,3,0.05,113.27,105.9,301.82,West,Consumer,2025,4,Apr
501570,2025-01-01,23363,7,2,0.0,208.23,209.69,419.38,Central,Consumer,2025,1,Jan
501571,2025-12-28,20352,23,4,0.15,430.62,456.54,1552.24,West,Consumer,2025,12,Dec
501572,2025-12-24,21382,18,2,0.0,376.89,386.64,773.28,Central,Small Business,2025,12,Dec
501573,2025-01-25,20260,6,2,0.15,183.47,176.49,300.03,West,Consumer,2025,1,Jan
501574,2024-09-25,21795,9,1,0.05,308.58,305.07,289.82,South,Corporate,2024,9,Sep
501575,2024-09-21,20650,30,4,0.05,300.75,291.32,1107.02,Central,Consumer,2024,9,Sep
501576,2025-03-30,20677,28,1,0.0,297.74,289.88,289.88,East,Small Business,2025,3,Mar
501577,2025-07-29,23944,3,1,0.0,379.36,375.93,375.93,South,Consumer,2025,7,Jul
501578,2024-08-14,23966,2,3,0.05,177.67,169.45,482.93,North,Consumer,2024,8,Aug
501579,2025-09-12,20245,26,1,0.05,173.18,176.79,167.95,East,Corporate,2025,9,Sep
501580,2025-11-12,23864,21,3,0.0,301.42,294.25,882.75,South,Small Business,2025,11,Nov
501581,2025-02-17,21357,16,4,0.1,113.27,104.54,376.34,Central,Small Business,2025,2,Feb
501582,2024-07-06,23206,27,1,0.05,282.82,269.13,255.67,West,Consumer,2024,7,Jul
501583,2024-08-05,20408,15,1,0.0,203.7,219.56,219.56,East,Small Business,2024,8,Aug
501584,2024-05-23,20290,11,2,0.15,526.43,552.83,939.81,South,Consumer,2024,5,May
501585,2024-07-12,22126,6,4,0.1,183.47,183.23,659.63,Central,Consumer,2024,7,Jul
501586,2025-04-10,21203,8,1,0.05,289.09,304.66,289.43,Central,Consumer,2025,4,Apr
501587,2024-02-07,21393,9,4,0.1,308.58,299.39,1077.8,East,Consumer,2024,2,Feb
501588,2024-08-25,20787,4,2,0.1,453.41,442.97,797.35,Central,Consumer,2024,8,Aug
501589,2025-09-11,21389,13,3,0.05,509.47,511.17,1456.83,Central,Consumer,2025,9,Sep
501590,2025-09-29,20469,16,3,0.2,113.27,108.1,259.44,North,Consumer,2025,9,Sep
501591,2024-02-24,21426,22,2,0.05,356.25,374.41,711.38,Central,Consumer,2024,2,Feb
501592,2024-03-29,21684,6,1,0.0,183.47,182.57,182.57,Central,Consumer,2024,3,Mar
501593,2024-06-20,20640,30,2,0.05,300.75,281.4,534.66,Central,Small Business,2024,6,Jun
501594,2024-02-14,21670,18,3,0.1,376.89,360.73,973.97,Central,Consumer,2024,2,Feb
501595,2025-02-18,22845,6,1,0.05,183.47,185.43,176.16,North,Consumer,2025,2,Feb
501596,2024-01-21,23837,18,1,0.15,376.89,383.17,325.69,Central,Consumer,2024,1,Jan
501597,2024-06-28,20678,16,3,0.1,113.27,118.06,318.76,South,Corporate,2024,6,Jun
501598,2024-08-09,22908,4,1,0.05,453.41,446.32,424.0,South,Consumer,2024,8,Aug
501599,2025-10-02,22495,16,2,0.0,113.27,116.53,233.06,South,Consumer,2025,10,Oct
501600,2025-08-12,20316,21,4,0.0,301.42,288.32,1153.28,South,Small Business,2025,8,Aug
501601,2025-06-29,20710,1,1,0.2,118.77,120.91,96.73,West,Consumer,2025,6,Jun
501602,2025-11-05,20206,28,3,0.0,297.74,292.34,877.02,West,Consumer,2025,11,Nov
501603,2025-12-19,21069,29,1,0.0,538.73,563.0,563.0,Central,Consumer,2025,12,Dec
501604,2025-10-22,23800,28,1,0.05,297.74,316.65,300.82,North,Small Business,2025,10,Oct
501605,2025-11-20,21489,30,2,0.05,300.75,312.36,593.48,South,Consumer,2025,11,Nov
501606,2025-11-11,23215,5,1,0.2,310.91,317.17,253.74,West,Consumer,2025,11,Nov
501607,2024-06-08,22341,6,3,0.0,183.47,172.54,517.62,Central,Consumer,2024,6,Jun
501608,2024-08-06,20158,25,4,0.15,408.11,417.91,1420.89,West,Consumer,2024,8,Aug
501609,2024-12-13,20615,4,1,0.0,453.41,456.41,456.41,Central,Corporate,2024,12,Dec
501610,2025-02-07,23432,23,1,0.05,430.62,398.18,378.27,Central,Consumer,2025,2,Feb
501611,2024-11-28,22125,4,3,0.15,453.41,426.2,1086.81,Central,Small Business,2024,11,Nov
501612,2024-09-13,21964,29,3,0.1,538.73,525.27,1418.23,East,Small Business,2024,9,Sep
501613,2024-11-16,21649,17,1,0.2,364.39,363.35,290.68,West,Consumer,2024,11,Nov
501614,2025-05-30,22978,8,3,0.05,289.09,308.58,879.45,East,Consumer,2025,5,May
501615,2025-06-27,20811,7,2,0.1,208.23,198.12,356.62,North,Corporate,2025,6,Jun
501616,2025-10-26,22334,18,4,0.2,376.89,349.72,1119.1,Central,Consumer,2025,10,Oct
501617,2025-08-10,22177,6,3,0.0,183.47,190.38,571.14,Central,Consumer,2025,8,Aug
501618,2024-04-30,22731,17,2,0.0,364.39,377.63,755.26,Central,Small Business,2024,4,Apr
501619,2024-05-27,23974,23,3,0.05,430.62,449.93,1282.3,East,Consumer,2024,5,May
501620,2024-12-18,21305,25,3,0.1,408.11,425.55,1148.99,Central,Small Business,2024,12,Dec
501621,2025-09-23,23725,30,2,0.0,300.75,305.79,611.58,Central,Consumer,2025,9,Sep
501622,2024-11-24,22079,3,1,0.1,379.36,379.49,341.54,Central,Consumer,2024,11,Nov
501623,2024-04-03,20890,26,3,0.1,173.18,162.78,439.51,South,Consumer,2024,4,Apr
501624,2025-10-25,20790,16,4,0.05,113.27,119.72,454.94,North,Corporate,2025,10,Oct
501625,2025-03-08,23236,25,3,0.0,408.11,423.29,1269.87,East,Small Business,2025,3,Mar
501626,2025-10-09,21587,14,2,0.1,323.49,339.89,611.8,East,Corporate,2025,10,Oct
501627,2024-09-20,22455,15,4,0.15,203.7,219.98,747.93,Central,Consumer,2024,9,Sep
501628,2025-09-21,20375,30,1,0.0,300.75,323.5,323.5,Central,Consumer,2025,9,Sep
501629,2024-02-10,23209,14,2,0.0,323.49,310.86,621.72,North,Consumer,2024,2,Feb
501630,2025-06-29,22646,25,1,0.15,408.11,431.33,366.63,Central,Consumer,2025,6,Jun
501631,2025-12-20,20778,25,3,0.0,408.11,421.84,1265.52,East,Consumer,2025,12,Dec
501632,2025-11-01,20239,29,2,0.15,538.73,573.1,974.27,East,Small Business,2025,11,Nov
501633,2024-12-03,22126,5,4,0.05,310.91,334.18,1269.88,Central,Consumer,2024,12,Dec
501634,2025-12-29,21186,21,1,0.1,301.42,295.1,265.59,South,Consumer,2025,12,Dec
501635,2025-12-21,22328,21,3,0.0,301.42,300.47,901.41,South,Consumer,2025,12,Dec
501636,2024-04-05,20406,8,3,0.0,289.09,272.66,817.98,Central,Consumer,2024,4,Apr
501637,2024-12-23,22908,16,2,0.0,113.27,104.34,208.68,South,Consumer,2024,12,Dec
501638,2025-10-28,22663,20,3,0.05,187.69,197.72,563.5,North,Consumer,2025,10,Oct
501639,2025-09-30,23842,10,1,0.1,452.53,480.8,432.72,North,Consumer,2025,9,Sep
501640,2025-02-07,21874,26,1,0.0,173.18,162.79,162.79,West,Consumer,2025,2,Feb
501641,2024-06-25,21840,19,4,0.1,495.95,467.7,1683.72,Central,Corporate,2024,6,Jun
501642,2024-07-15,21459,9,2,0.0,308.58,291.02,582.04,East,Consumer,2024,7,Jul
501643,2024-03-08,22465,24,1,0.0,471.09,457.92,457.92,South,Consumer,2024,3,Mar
501644,2025-02-20,21898,18,2,0.0,376.89,402.61,805.22,Central,Consumer,2025,2,Feb
501645,2024-01-20,23220,29,2,0.1,538.73,532.65,958.77,Central,Small Business,2024,1,Jan
501646,2024-12-28,20645,4,1,0.0,453.41,462.72,462.72,South,Small Business,2024,12,Dec
501647,2024-05-08,20547,19,1,0.0,495.95,479.25,479.25,Central,Small Business,2024,5,May
501648,2025-01-30,23565,5,3,0.0,310.91,288.98,866.94,Central,Consumer,2025,1,Jan
501649,2024-02-11,23899,25,4,0.15,408.11,404.59,1375.61,Central,Consumer,2024,2,Feb
501650,2024-09-29,21387,12,3,0.1,119.8,119.05,321.44,East,Consumer,2024,9,Sep
501651,2024-09-09,22603,11,3,0.1,526.43,520.42,1405.13,Central,Small Business,2024,9,Sep
501652,2025-04-17,22684,16,3,0.2,113.27,108.39,260.14,Central,Corporate,2025,4,Apr
501653,2025-05-12,22129,6,1,0.05,183.47,180.07,171.07,East,Consumer,2025,5,May
501654,2025-05-10,23783,13,1,0.05,509.47,471.27,447.71,North,Small Business,2025,5,May
501655,2024-12-25,23630,18,3,0.0,376.89,395.87,1187.61,West,Corporate,2024,12,Dec
501656,2024-02-15,20499,2,3,0.05,177.67,178.74,509.41,South,Small Business,2024,2,Feb
501657,2025-10-21,21852,20,2,0.1,187.69,198.14,356.65,Central,Consumer,2025,10,Oct
501658,2025-07-17,22708,25,3,0.0,408.11,430.33,1290.99,North,Consumer,2025,7,Jul
501659,2025-05-02,23374,24,2,0.0,471.09,485.2,970.4,Central,Consumer,2025,5,May
501660,2025-02-02,20032,9,1,0.0,308.58,304.94,304.94,North,Consumer,2025,2,Feb
501661,2025-02-18,21731,22,1,0.0,356.25,339.11,339.11,Central,Consumer,2025,2,Feb
501662,2025-09-30,23795,28,1,0.1,297.74,295.19,265.67,Central,Consumer,2025,9,Sep
501663,2024-08-15,21882,10,2,0.15,452.53,457.81,778.28,Central,Consumer,2024,8,Aug
501664,2025-04-20,21355,8,2,0.0,289.09,286.37,572.74,Central,Consumer,2025,4,Apr
501665,2025-12-27,20302,30,4,0.0,300.75,313.87,1255.48,East,Corporate,2025,12,Dec
501666,2025-12-27,21163,20,3,0.1,187.69,199.66,539.08,West,Consumer,2025,12,Dec
501667,2025-07-05,22412,3,1,0.1,379.36,402.31,362.08,West,Small Business,2025,7,Jul
501668,2025-06-26,21228,14,2,0.1,323.49,321.26,578.27,West,Consumer,2025,6,Jun
501669,2024-03-25,20792,28,4,0.05,297.74,315.82,1200.12,West,Consumer,2024,3,Mar
501670,2024-11-19,23960,1,4,0.0,118.77,118.49,473.96,South,Small Business,2024,11,Nov
501671,2025-09-03,20166,26,4,0.1,173.18,168.95,608.22,West,Consumer,2025,9,Sep
501672,2024-06-23,21186,19,3,0.05,495.95,523.24,1491.23,South,Consumer,2024,6,Jun
501673,2024-09-06,22266,19,3,0.0,495.95,511.04,1533.12,Central,Corporate,2024,9,Sep
501674,2025-04-07,23646,1,3,0.0,118.77,117.44,352.32,West,Corporate,2025,4,Apr
501675,2025-12-07,22938,23,3,0.05,430.62,418.11,1191.61,Central,Consumer,2025,12,Dec
501676,2024-12-29,23596,2,1,0.0,177.67,166.9,166.9,East,Corporate,2024,12,Dec
501677,2025-08-10,21770,11,2,0.0,526.43,506.25,1012.5,Central,Small Business,2025,8,Aug
501678,2024-11-11,23421,20,2,0.0,187.69,174.69,349.38,East,Consumer,2024,11,Nov
501679,2025-04-23,21269,29,3,0.0,538.73,530.03,1590.09,East,Consumer,2025,4,Apr
501680,2025-08-28,20635,15,1,0.0,203.7,199.58,199.58,South,Small Business,2025,8,Aug
501681,2025-10-05,23581,21,4,0.1,301.42,298.77,1075.57,Central,Consumer,2025,10,Oct
501682,2025-11-01,22639,27,1,0.15,282.82,287.37,244.26,South,Consumer,2025,11,Nov
501683,2025-09-24,20266,27,4,0.0,282.82,290.9,1163.6,West,Small Business,2025,9,Sep
501684,2024-11-30,21520,14,2,0.1,323.49,321.49,578.68,Central,Consumer,2024,11,Nov
501685,2024-03-16,20752,26,3,0.05,173.18,181.99,518.67,Central,Consumer,2024,3,Mar
501686,2024-01-23,21892,30,3,0.1,300.75,289.03,780.38,West,Small Business,2024,1,Jan
501687,2025-12-27,22678,13,2,0.0,509.47,470.39,940.78,East,Consumer,2025,12,Dec
501688,2025-10-04,20617,1,3,0.0,118.77,114.04,342.12,East,Consumer,2025,10,Oct
501689,2024-08-03,23654,5,1,0.1,310.91,288.9,260.01,Central,Small Business,2024,8,Aug
501690,2024-02-01,23909,28,4,0.1,297.74,308.72,1111.39,Central,Small Business,2024,2,Feb
501691,2025-03-02,22652,22,2,0.15,356.25,352.67,599.54,Central,Corporate,2025,3,Mar
501692,2024-11-24,21063,7,3,0.0,208.23,207.98,623.94,East,Small Business,2024,11,Nov
501693,2024-12-26,20897,22,1,0.05,356.25,328.94,312.49,West,Small Business,2024,12,Dec
501694,2024-08-30,23435,6,1,0.0,183.47,175.6,175.6,Central,Consumer,2024,8,Aug
501695,2024-01-05,21741,27,2,0.15,282.82,273.06,464.2,Central,Consumer,2024,1,Jan
501696,2024-09-20,20241,15,3,0.05,203.7,204.31,582.28,North,Corporate,2024,9,Sep
501697,2024-10-25,21624,26,4,0.0,173.18,170.75,683.0,East,Consumer,2024,10,Oct
501698,2025-04-12,23170,20,1,0.0,187.69,186.07,186.07,Central,Small Business,2025,4,Apr
501699,2024-06-20,22556,7,4,0.05,208.23,198.62,754.76,Central,Consumer,2024,6,Jun
501700,2025-09-17,23188,19,4,0.05,495.95,482.62,1833.96,West,Small Business,2025,9,Sep
501701,2025-08-22,22668,21,4,0.1,301.42,293.39,1056.2,West,Consumer,2025,8,Aug
501702,2025-06-10,21044,11,1,0.2,526.43,521.15,416.92,Central,Consumer,2025,6,Jun
501703,2024-10-02,22259,17,1,0.05,364.39,387.31,367.94,West,Small Business,2024,10,Oct
501704,2024-11-14,22270,19,3,0.05,495.95,525.78,1498.47,West,Consumer,2024,11,Nov
501705,2025-11-19,23933,2,2,0.05,177.67,191.08,363.05,East,Consumer,2025,11,Nov
501706,2025-07-17,21191,14,4,0.1,323.49,344.06,1238.62,South,Corporate,2025,7,Jul
501707,2025-02-21,21304,23,4,0.0,430.62,435.71,1742.84,South,Consumer,2025,2,Feb
501708,2025-04-17,20843,7,2,0.05,208.23,206.06,391.51,East,Consumer,2025,4,Apr
501709,2025-12-13,21532,5,3,0.0,310.91,296.57,889.71,West,Consumer,2025,12,Dec
501710,2024-12-24,22473,2,2,0.05,177.67,184.19,349.96,East,Small Business,2024,12,Dec
501711,2024-09-20,21732,21,4,0.05,301.42,310.76,1180.89,Central,Small Business,2024,9,Sep
501712,2024-09-01,22902,20,3,0.05,187.69,184.84,526.79,South,Consumer,2024,9,Sep
501713,2025-09-29,20245,1,2,0.05,118.77,128.14,243.47,East,Corporate,2025,9,Sep
501714,2024-12-22,22851,18,2,0.0,376.89,348.48,696.96,Central,Consumer,2024,12,Dec
501715,2024-09-28,23610,12,1,0.2,119.8,123.08,98.46,Central,Consumer,2024,9,Sep
501716,2025-07-28,23354,16,4,0.05,113.27,108.18,411.08,South,Small Business,2025,7,Jul
501717,2025-09-12,21836,20,3,0.0,187.69,197.71,593.13,West,Consumer,2025,9,Sep
501718,2025-05-16,22861,14,1,0.1,323.49,330.28,297.25,South,Consumer,2025,5,May
501719,2025-09-29,23104,12,2,0.0,119.8,124.48,248.96,East,Consumer,2025,9,Sep
501720,2025-08-13,21530,16,1,0.0,113.27,108.94,108.94,South,Small Business,2025,8,Aug
501721,2025-05-05,21510,29,3,0.1,538.73,545.73,1473.47,East,Consumer,2025,5,May
501722,2025-12-20,23917,4,4,0.05,453.41,463.6,1761.68,South,Consumer,2025,12,Dec
501723,2024-10-01,23292,11,3,0.0,526.43,544.83,1634.49,North,Small Business,2024,10,Oct
501724,2025-12-10,23824,21,2,0.05,301.42,309.83,588.68,Central,Corporate,2025,12,Dec
501725,2024-09-02,23472,15,2,0.0,203.7,195.88,391.76,North,Consumer,2024,9,Sep
501726,2025-11-02,21808,26,4,0.1,173.18,177.93,640.55,Central,Consumer,2025,11,Nov
501727,2025-05-21,21598,9,4,0.05,308.58,327.73,1245.37,Central,Corporate,2025,5,May
501728,2025-07-05,23885,4,3,0.0,453.41,487.48,1462.44,South,Small Business,2025,7,Jul
501729,2025-12-24,21987,7,2,0.15,208.23,203.69,346.27,West,Small Business,2025,12,Dec
501730,2025-12-27,23933,24,4,0.0,471.09,464.26,1857.04,East,Consumer,2025,12,Dec
501731,2025-10-31,22491,19,1,0.0,495.95,482.22,482.22,Central,Consumer,2025,10,Oct
501732,2024-12-13,22975,13,2,0.0,509.47,532.16,1064.32,West,Consumer,2024,12,Dec
501733,2024-12-12,22846,7,2,0.05,208.23,206.11,391.61,South,Corporate,2024,12,Dec
501734,2024-04-14,23231,24,4,0.0,471.09,436.84,1747.36,North,Small Business,2024,4,Apr
501735,2024-10-05,20584,10,4,0.0,452.53,469.81,1879.24,South,Small Business,2024,10,Oct
501736,2025-08-13,20457,16,2,0.1,113.27,120.21,216.38,West,Small Business,2025,8,Aug
501737,2025-03-07,21179,25,4,0.2,408.11,420.6,1345.92,Central,Consumer,2025,3,Mar
501738,2024-05-06,21082,7,3,0.05,208.23,192.96,549.94,East,Small Business,2024,5,May
501739,2024-08-14,21976,12,4,0.05,119.8,113.01,429.44,East,Small Business,2024,8,Aug
501740,2025-01-10,20490,13,3,0.1,509.47,489.7,1322.19,West,Consumer,2025,1,Jan
501741,2024-08-01,22147,3,2,0.1,379.36,373.83,672.89,North,Consumer,2024,8,Aug
501742,2025-10-21,20613,4,1,0.1,453.41,479.69,431.72,West,Consumer,2025,10,Oct
501743,2025-08-21,22922,8,4,0.1,289.09,301.19,1084.28,East,Consumer,2025,8,Aug
501744,2025-07-27,23109,1,4,0.2,118.77,117.8,376.96,South,Consumer,2025,7,Jul
501745,2025-08-21,23883,13,2,0.15,509.47,518.96,882.23,East,Corporate,2025,8,Aug
501746,2024-08-18,20819,1,1,0.05,118.77,124.63,118.4,Central,Corporate,2024,8,Aug
501747,2024-04-19,20330,19,3,0.0,495.95,515.86,1547.58,East,Consumer,2024,4,Apr
501748,2024-06-19,21512,29,4,0.2,538.73,558.71,1787.87,South,Consumer,2024,6,Jun
501749,2024-04-18,22914,16,3,0.0,113.27,105.99,317.97,East,Consumer,2024,4,Apr
501750,2025-03-20,21746,30,2,0.0,300.75,312.3,624.6,South,Small Business,2025,3,Mar
501751,2024-06-23,20830,16,4,0.0,113.27,120.43,481.72,South,Corporate,2024,6,Jun
501752,2025-07-06,20274,2,3,0.2,177.67,164.53,394.87,Central,Corporate,2025,7,Jul
501753,2025-08-15,20649,13,4,0.15,509.47,492.21,1673.51,Central,Small Business,2025,8,Aug
501754,2025-07-12,23446,6,2,0.0,183.47,195.87,391.74,North,Consumer,2025,7,Jul
501755,2024-08-11,23281,15,3,0.0,203.7,199.91,599.73,Central,Consumer,2024,8,Aug
501756,2025-07-13,23383,15,3,0.0,203.7,199.55,598.65,Central,Small Business,2025,7,Jul
501757,2024-05-14,22051,22,1,0.2,356.25,361.61,289.29,South,Corporate,2024,5,May
501758,2024-01-03,20077,20,3,0.0,187.69,188.35,565.05,West,Consumer,2024,1,Jan
501759,2025-05-11,22702,6,1,0.0,183.47,193.09,193.09,Central,Consumer,2025,5,May
501760,2025-05-27,22369,6,2,0.1,183.47,169.62,305.32,Central,Small Business,2025,5,May
501761,2025-08-05,22537,5,2,0.0,310.91,320.28,640.56,Central,Small Business,2025,8,Aug
501762,2025-04-25,22395,7,4,0.0,208.23,204.91,819.64,South,Small Business,2025,4,Apr
501763,2024-12-24,20988,30,3,0.05,300.75,298.58,850.95,Central,Corporate,2024,12,Dec
501764,2024-10-20,22501,16,4,0.05,113.27,113.15,429.97,South,Consumer,2024,10,Oct
501765,2025-05-31,23809,7,1,0.0,208.23,218.24,218.24,East,Consumer,2025,5,May
501766,2025-12-30,21035,2,4,0.0,177.67,179.46,717.84,Central,Consumer,2025,12,Dec
501767,2024-11-03,21005,16,1,0.0,113.27,108.68,108.68,Central,Consumer,2024,11,Nov
501768,2024-11-24,20677,17,4,0.15,364.39,353.97,1203.5,East,Small Business,2024,11,Nov
501769,2024-06-27,22547,19,1,0.15,495.95,522.91,444.47,Central,Corporate,2024,6,Jun
501770,2024-02-21,20347,27,1,0.0,282.82,278.1,278.1,West,Consumer,2024,2,Feb
501771,2025-06-09,22404,12,1,0.1,119.8,124.23,111.81,North,Consumer,2025,6,Jun
501772,2024-02-13,22886,30,4,0.15,300.75,306.82,1043.19,East,Consumer,2024,2,Feb
501773,2024-02-15,21192,15,1,0.1,203.7,196.76,177.08,West,Consumer,2024,2,Feb
501774,2024-11-07,21970,17,3,0.15,364.39,346.17,882.73,Central,Small Business,2024,11,Nov
501775,2025-04-23,20982,29,2,0.2,538.73,555.02,888.03,South,Corporate,2025,4,Apr
501776,2025-03-26,22452,12,1,0.0,119.8,120.16,120.16,West,Consumer,2025,3,Mar
501777,2025-12-22,20728,2,1,0.0,177.67,184.56,184.56,East,Consumer,2025,12,Dec
501778,2025-12-31,22231,24,3,0.0,471.09,488.0,1464.0,Central,Consumer,2025,12,Dec
501779,2024-09-28,22274,19,2,0.1,495.95,484.2,871.56,West,Consumer,2024,9,Sep
501780,2024-11-14,22632,28,3,0.0,297.74,321.44,964.32,West,Consumer,2024,11,Nov
501781,2024-08-16,23610,28,3,0.05,297.74,317.97,906.21,Central,Consumer,2024,8,Aug
501782,2025-02-23,22822,15,2,0.0,203.7,202.03,404.06,East,Consumer,2025,2,Feb
501783,2025-03-17,21098,22,2,0.0,356.25,347.84,695.68,East,Small Business,2025,3,Mar
501784,2025-09-08,20847,26,1,0.05,173.18,171.43,162.86,South,Consumer,2025,9,Sep
501785,2024-09-10,21731,23,2,0.15,430.62,405.77,689.81,Central,Consumer,2024,9,Sep
501786,2025-06-02,22752,13,3,0.1,509.47,517.59,1397.49,South,Small Business,2025,6,Jun
501787,2024-03-31,21574,13,4,0.2,509.47,544.66,1742.91,Central,Corporate,2024,3,Mar
501788,2025-10-27,21105,14,1,0.0,323.49,307.67,307.67,South,Consumer,2025,10,Oct
501789,2024-03-17,22795,22,2,0.05,356.25,368.45,700.06,North,Small Business,2024,3,Mar
501790,2025-04-12,20111,18,2,0.1,376.89,383.29,689.92,South,Small Business,2025,4,Apr
501791,2024-04-14,23349,4,3,0.05,453.41,429.38,1223.73,Central,Small Business,2024,4,Apr
501792,2025-11-16,23276,13,4,0.0,509.47,509.63,2038.52,Central,Consumer,2025,11,Nov
501793,2025-09-16,20359,11,4,0.0,526.43,567.03,2268.12,Central,Small Business,2025,9,Sep
501794,2025-04-13,23007,8,3,0.05,289.09,280.03,798.09,Central,Small Business,2025,4,Apr
501795,2024-11-02,22199,28,1,0.15,297.74,319.37,271.46,North,Consumer,2024,11,Nov
501796,2024-04-03,23011,27,1,0.1,282.82,282.82,254.54,Central,Consumer,2024,4,Apr
501797,2025-12-07,23060,19,1,0.05,495.95,528.77,502.33,North,Small Business,2025,12,Dec
501798,2024-09-08,21503,29,3,0.05,538.73,577.93,1647.1,Central,Consumer,2024,9,Sep
501799,2024-03-25,23265,6,1,0.0,183.47,179.36,179.36,South,Consumer,2024,3,Mar
501800,2024-12-04,23095,17,2,0.1,364.39,377.76,679.97,East,Consumer,2024,12,Dec
501801,2024-02-14,22795,21,2,0.05,301.42,308.93,586.97,North,Small Business,2024,2,Feb
501802,2025-08-08,21160,24,3,0.0,471.09,476.29,1428.87,East,Small Business,2025,8,Aug
501803,2024-11-05,20890,12,3,0.2,119.8,114.7,275.28,South,Consumer,2024,11,Nov
501804,2024-08-05,21193,7,2,0.0,208.23,210.67,421.34,South,Small Business,2024,8,Aug
501805,2024-07-07,21273,13,2,0.0,509.47,477.05,954.1,Central,Consumer,2024,7,Jul
501806,2024-12-26,21464,21,1,0.05,301.42,312.9,297.25,West,Small Business,2024,12,Dec
501807,2024-03-02,23071,29,1,0.15,538.73,576.29,489.85,West,Consumer,2024,3,Mar
501808,2024-06-12,22895,10,2,0.0,452.53,437.82,875.64,South,Small Business,2024,6,Jun
501809,2024-08-31,21356,11,2,0.05,526.43,520.01,988.02,Central,Consumer,2024,8,Aug
501810,2024-09-30,20994,6,4,0.0,183.47,177.18,708.72,South,Consumer,2024,9,Sep
501811,2024-01-11,22921,11,2,0.0,526.43,518.54,1037.08,Central,Small Business,2024,1,Jan
501812,2024-07-23,20298,15,1,0.0,203.7,199.45,199.45,East,Consumer,2024,7,Jul
501813,2024-10-05,22266,17,3,0.1,364.39,392.36,1059.37,Central,Corporate,2024,10,Oct
501814,2025-11-17,21037,1,3,0.0,118.77,109.67,329.01,Central,Consumer,2025,11,Nov
501815,2025-10-12,22371,5,2,0.05,310.91,319.89,607.79,Central,Small Business,2025,10,Oct
501816,2025-10-23,21837,9,4,0.1,308.58,321.87,1158.73,Central,Consumer,2025,10,Oct
501817,2024-05-12,20282,15,1,0.05,203.7,192.67,183.04,West,Consumer,2024,5,May
501818,2025-06-17,21276,7,2,0.0,208.23,209.21,418.42,South,Small Business,2025,6,Jun
501819,2024-01-04,22013,4,4,0.2,453.41,440.85,1410.72,West,Consumer,2024,1,Jan
501820,2024-03-30,22879,15,1,0.0,203.7,194.31,194.31,Central,Corporate,2024,3,Mar
501821,2024-01-20,23686,30,1,0.0,300.75,294.85,294.85,North,Consumer,2024,1,Jan
501822,2025-11-19,20310,15,4,0.1,203.7,192.23,692.03,South,Consumer,2025,11,Nov
501823,2024-08-08,22798,28,3,0.0,297.74,310.72,932.16,West,Consumer,2024,8,Aug
501824,2024-04-24,22624,21,2,0.05,301.42,278.04,528.28,West,Corporate,2024,4,Apr
501825,2024-03-24,20026,24,1,0.0,471.09,490.91,490.91,Central,Corporate,2024,3,Mar
501826,2024-02-09,21256,4,1,0.0,453.41,422.84,422.84,East,Consumer,2024,2,Feb
501827,2024-03-15,20557,24,1,0.05,471.09,466.78,443.44,South,Consumer,2024,3,Mar
501828,2024-02-02,20736,14,2,0.05,323.49,311.15,591.18,South,Corporate,2024,2,Feb
501829,2025-03-09,21325,25,1,0.05,408.11,417.13,396.27,Central,Consumer,2025,3,Mar
501830,2024-07-23,20933,2,3,0.15,177.67,190.87,486.72,Central,Consumer,2024,7,Jul
501831,2025-12-02,22438,9,4,0.2,308.58,293.91,940.51,Central,Corporate,2025,12,Dec
501832,2024-04-27,20795,25,2,0.0,408.11,417.86,835.72,East,Consumer,2024,4,Apr
501833,2024-05-18,20588,2,4,0.15,177.67,177.49,603.47,East,Consumer,2024,5,May
501834,2024-05-04,23444,27,3,0.05,282.82,295.48,842.12,Central,Consumer,2024,5,May
501835,2024-09-06,22097,6,4,0.05,183.47,184.96,702.85,North,Consumer,2024,9,Sep
501836,2024-07-26,21182,30,2,0.1,300.75,299.35,538.83,South,Consumer,2024,7,Jul
501837,2025-12-03,23291,26,3,0.1,173.18,181.89,491.1,West,Corporate,2025,12,Dec
501838,2025-10-06,23252,16,3,0.1,113.27,121.53,328.13,West,Small Business,2025,10,Oct
501839,2024-03-06,20037,2,4,0.0,177.67,190.46,761.84,West,Small Business,2024,3,Mar
501840,2025-10-23,21161,26,4,0.0,173.18,162.32,649.28,Central,Consumer,2025,10,Oct
501841,2025-12-20,22160,2,1,0.1,177.67,189.36,170.42,North,Consumer,2025,12,Dec
501842,2025-10-24,20015,14,4,0.05,323.49,330.56,1256.13,Central,Consumer,2025,10,Oct
501843,2025-10-27,22702,23,1,0.15,430.62,460.75,391.64,Central,Consumer,2025,10,Oct
501844,2025-07-25,20028,7,3,0.1,208.23,215.33,581.39,Central,Consumer,2025,7,Jul
501845,2024-07-16,23938,2,3,0.05,177.67,169.06,481.82,North,Consumer,2024,7,Jul
501846,2025-04-27,21471,26,2,0.0,173.18,179.96,359.92,Central,Consumer,2025,4,Apr
501847,2024-06-24,22137,26,4,0.05,173.18,163.28,620.46,East,Small Business,2024,6,Jun
501848,2025-03-06,23417,2,4,0.0,177.67,177.07,708.28,South,Consumer,2025,3,Mar
501849,2024-01-06,22211,4,1,0.0,453.41,428.94,428.94,East,Small Business,2024,1,Jan
501850,2025-12-27,22367,18,2,0.1,376.89,389.62,701.32,East,Small Business,2025,12,Dec
501851,2024-01-02,23828,1,4,0.0,118.77,116.56,466.24,North,Consumer,2024,1,Jan
501852,2024-08-16,22719,29,4,0.0,538.73,581.29,2325.16,Central,Consumer,2024,8,Aug
501853,2024-03-17,21632,13,1,0.0,509.47,527.03,527.03,South,Consumer,2024,3,Mar
501854,2025-06-20,21659,9,1,0.0,308.58,330.57,330.57,Central,Consumer,2025,6,Jun
501855,2025-04-02,22594,7,4,0.0,208.23,224.33,897.32,South,Consumer,2025,4,Apr
501856,2024-02-17,21102,8,2,0.0,289.09,304.73,609.46,West,Small Business,2024,2,Feb
501857,2025-03-03,20007,23,4,0.05,430.62,441.22,1676.64,West,Consumer,2025,3,Mar
501858,2024-03-05,22572,4,3,0.15,453.41,461.21,1176.09,West,Corporate,2024,3,Mar
501859,2025-05-04,22646,18,2,0.2,376.89,378.26,605.22,Central,Consumer,2025,5,May
501860,2025-03-03,22318,16,3,0.0,113.27,109.04,327.12,West,Consumer,2025,3,Mar
501861,2024-02-08,21242,7,3,0.0,208.23,216.97,650.91,Central,Consumer,2024,2,Feb
501862,2025-09-18,20140,20,4,0.0,187.69,181.63,726.52,South,Consumer,2025,9,Sep
501863,2024-02-25,20766,11,2,0.05,526.43,510.9,970.71,East,Consumer,2024,2,Feb
501864,2025-10-21,22213,16,2,0.05,113.27,116.81,221.94,North,Consumer,2025,10,Oct
501865,2025-05-29,20129,7,3,0.1,208.23,209.9,566.73,Central,Consumer,2025,5,May
501866,2024-01-21,22523,11,2,0.0,526.43,552.5,1105.0,Central,Consumer,2024,1,Jan
501867,2024-09-09,20744,23,3,0.15,430.62,423.98,1081.15,Central,Consumer,2024,9,Sep
501868,2024-07-26,21474,13,1,0.05,509.47,518.77,492.83,Central,Small Business,2024,7,Jul
501869,2025-10-24,23948,19,4,0.15,495.95,476.59,1620.41,South,Consumer,2025,10,Oct
501870,2025-09-17,21368,26,3,0.0,173.18,179.2,537.6,Central,Consumer,2025,9,Sep
501871,2024-09-30,21613,20,3,0.0,187.69,187.68,563.04,East,Consumer,2024,9,Sep
501872,2025-02-06,23150,29,4,0.0,538.73,497.34,1989.36,North,Consumer,2025,2,Feb
501873,2024-05-30,20269,9,2,0.05,308.58,322.75,613.22,East,Consumer,2024,5,May
501874,2024-05-01,21484,10,1,0.0,452.53,428.23,428.23,West,Small Business,2024,5,May
501875,2024-07-09,21937,8,3,0.15,289.09,277.59,707.85,South,Small Business,2024,7,Jul
501876,2024-11-29,21146,20,3,0.1,187.69,195.85,528.79,West,Small Business,2024,11,Nov
501877,2024-01-10,23934,23,1,0.15,430.62,411.64,349.89,Central,Consumer,2024,1,Jan
501878,2025-07-30,23139,25,2,0.1,408.11,397.1,714.78,East,Consumer,2025,7,Jul
501879,2025-07-16,20231,10,3,0.0,452.53,437.51,1312.53,Central,Small Business,2025,7,Jul
501880,2025-07-22,23940,20,3,0.05,187.69,177.96,507.19,Central,Consumer,2025,7,Jul
501881,2025-06-19,20802,8,4,0.1,289.09,278.95,1004.22,East,Consumer,2025,6,Jun
501882,2025-09-19,20740,27,1,0.1,282.82,272.37,245.13,Central,Corporate,2025,9,Sep
501883,2024-03-31,22995,3,3,0.1,379.36,403.97,1090.72,South,Small Business,2024,3,Mar
501884,2024-01-16,21514,20,2,0.0,187.69,189.59,379.18,South,Consumer,2024,1,Jan
501885,2024-11-04,20157,9,1,0.0,308.58,290.67,290.67,North,Small Business,2024,11,Nov
501886,2024-08-13,20011,8,4,0.0,289.09,304.06,1216.24,Central,Consumer,2024,8,Aug
501887,2025-08-05,22802,1,3,0.0,118.77,118.61,355.83,North,Corporate,2025,8,Aug
501888,2024-08-09,21943,19,4,0.1,495.95,505.33,1819.19,East,Corporate,2024,8,Aug
501889,2024-11-29,21881,8,2,0.0,289.09,279.38,558.76,Central,Small Business,2024,11,Nov
501890,2024-07-08,21132,17,3,0.0,364.39,367.96,1103.88,Central,Consumer,2024,7,Jul
501891,2025-09-01,20858,10,1,0.2,452.53,463.23,370.58,South,Corporate,2025,9,Sep
501892,2024-11-15,23303,11,1,0.0,526.43,513.37,513.37,South,Consumer,2024,11,Nov
501893,2025-04-25,21736,6,2,0.0,183.47,194.04,388.08,Central,Consumer,2025,4,Apr
501894,2024-10-29,23664,3,3,0.0,379.36,398.03,1194.09,Central,Consumer,2024,10,Oct
501895,2025-06-10,22330,27,1,0.15,282.82,293.92,249.83,Central,Consumer,2025,6,Jun
501896,2024-10-19,20465,25,3,0.0,408.11,385.54,1156.62,North,Small Business,2024,10,Oct
501897,2025-10-23,21706,21,4,0.0,301.42,294.71,1178.84,East,Consumer,2025,10,Oct
501898,2024-11-14,23456,24,2,0.1,471.09,434.88,782.78,East,Consumer,2024,11,Nov
501899,2024-09-05,20297,27,1,0.05,282.82,278.08,264.18,South,Corporate,2024,9,Sep
501900,2024-08-16,20860,1,2,0.15,118.77,116.73,198.44,Central,Consumer,2024,8,Aug
501901,2025-08-04,22013,12,3,0.1,119.8,113.56,306.61,West,Consumer,2025,8,Aug
501902,2025-12-18,21232,22,1,0.0,356.25,360.78,360.78,East,Corporate,2025,12,Dec
501903,2025-02-07,22446,2,3,0.0,177.67,171.57,514.71,West,Small Business,2025,2,Feb
501904,2025-02-21,23543,20,3,0.05,187.69,202.27,576.47,Central,Corporate,2025,2,Feb
501905,2025-11-17,22823,19,3,0.05,495.95,479.52,1366.63,South,Consumer,2025,11,Nov
501906,2024-12-04,21461,11,3,0.05,526.43,512.31,1460.08,Central,Consumer,2024,12,Dec
501907,2025-09-13,23276,27,4,0.05,282.82,265.98,1010.72,Central,Consumer,2025,9,Sep
501908,2024-06-24,20068,24,3,0.2,471.09,488.97,1173.53,Central,Consumer,2024,6,Jun
501909,2024-03-31,23006,21,1,0.0,301.42,306.05,306.05,East,Small Business,2024,3,Mar
501910,2024-07-05,20208,25,3,0.0,408.11,392.64,1177.92,West,Consumer,2024,7,Jul
501911,2024-03-22,20729,4,2,0.1,453.41,440.01,792.02,East,Small Business,2024,3,Mar
501912,2025-07-09,21351,26,3,0.15,173.18,164.93,420.57,South,Small Business,2025,7,Jul
501913,2024-04-12,20541,18,3,0.0,376.89,358.32,1074.96,Central,Small Business,2024,4,Apr
501914,2024-10-30,23538,3,2,0.15,379.36,364.44,619.55,Central,Consumer,2024,10,Oct
501915,2025-07-02,22557,17,1,0.15,364.39,386.26,328.32,North,Consumer,2025,7,Jul
501916,2024-08-26,20355,12,2,0.0,119.8,110.54,221.08,North,Small Business,2024,8,Aug
501917,2025-10-01,22850,18,1,0.0,376.89,354.64,354.64,East,Small Business,2025,10,Oct
501918,2024-05-15,20783,1,2,0.1,118.77,111.86,201.35,West,Corporate,2024,5,May
501919,2025-06-14,22976,1,1,0.1,118.77,121.31,109.18,Central,Consumer,2025,6,Jun
501920,2025-12-27,23870,22,3,0.1,356.25,378.06,1020.76,East,Consumer,2025,12,Dec
501921,2024-08-16,20251,25,3,0.0,408.11,394.86,1184.58,North,Consumer,2024,8,Aug
501922,2024-09-21,21646,13,2,0.1,509.47,501.94,903.49,Central,Consumer,2024,9,Sep
501923,2025-06-12,22537,11,3,0.15,526.43,498.52,1271.23,Central,Small Business,2025,6,Jun
501924,2024-05-20,23491,23,2,0.0,430.62,411.6,823.2,North,Consumer,2024,5,May
501925,2025-04-05,22623,10,3,0.0,452.53,450.09,1350.27,West,Corporate,2025,4,Apr
501926,2025-06-23,21534,24,3,0.05,471.09,499.39,1423.26,West,Consumer,2025,6,Jun
501927,2025-11-27,20200,18,4,0.0,376.89,395.31,1581.24,Central,Consumer,2025,11,Nov
501928,2025-10-22,22074,2,3,0.0,177.67,180.85,542.55,West,Consumer,2025,10,Oct
501929,2024-06-26,21768,21,3,0.0,301.42,304.01,912.03,West,Consumer,2024,6,Jun
501930,2025-07-07,23788,29,2,0.0,538.73,551.51,1103.02,Central,Consumer,2025,7,Jul
501931,2025-07-29,22012,23,1,0.05,430.62,424.38,403.16,North,Small Business,2025,7,Jul
501932,2024-09-29,23826,15,4,0.0,203.7,199.89,799.56,East,Small Business,2024,9,Sep
501933,2025-10-11,22251,19,3,0.05,495.95,500.85,1427.42,West,Small Business,2025,10,Oct
501934,2025-06-19,20663,30,2,0.1,300.75,279.41,502.94,South,Consumer,2025,6,Jun
501935,2024-11-04,20331,17,3,0.05,364.39,388.03,1105.89,North,Small Business,2024,11,Nov
501936,2024-08-21,22708,5,2,0.15,310.91,314.7,534.99,North,Consumer,2024,8,Aug
501937,2024-03-31,20753,6,4,0.0,183.47,185.41,741.64,West,Consumer,2024,3,Mar
501938,2024-12-22,21697,11,2,0.2,526.43,519.92,831.87,East,Small Business,2024,12,Dec
501939,2024-03-05,22764,26,4,0.0,173.18,183.51,734.04,West,Small Business,2024,3,Mar
501940,2024-03-15,20600,14,3,0.05,323.49,302.27,861.47,Central,Consumer,2024,3,Mar
501941,2025-05-06,20458,22,3,0.05,356.25,358.03,1020.39,Central,Small Business,2025,5,May
501942,2024-07-27,20104,29,1,0.0,538.73,523.49,523.49,Central,Corporate,2024,7,Jul
501943,2025-02-21,21276,21,4,0.0,301.42,288.16,1152.64,South,Small Business,2025,2,Feb
501944,2025-01-06,22032,4,2,0.0,453.41,477.06,954.12,East,Consumer,2025,1,Jan
501945,2025-02-18,21605,29,1,0.1,538.73,560.51,504.46,East,Consumer,2025,2,Feb
501946,2024-02-23,20375,17,1,0.0,364.39,374.83,374.83,Central,Consumer,2024,2,Feb
501947,2025-02-14,22251,14,2,0.05,323.49,306.33,582.03,West,Small Business,2025,2,Feb
501948,2025-06-20,23754,4,4,0.0,453.41,468.86,1875.44,Central,Consumer,2025,6,Jun
501949,2025-08-07,20917,14,2,0.05,323.49,315.14,598.77,Central,Small Business,2025,8,Aug
501950,2024-10-28,21000,7,2,0.0,208.23,212.58,425.16,West,Consumer,2024,10,Oct
501951,2024-11-29,20189,12,2,0.0,119.8,120.38,240.76,East,Consumer,2024,11,Nov
501952,2025-01-22,21760,19,1,0.05,495.95,478.85,454.91,West,Consumer,2025,1,Jan
501953,2025-04-13,20628,5,2,0.1,310.91,306.48,551.66,South,Consumer,2025,4,Apr
501954,2024-12-01,22906,9,2,0.15,308.58,303.87,516.58,North,Small Business,2024,12,Dec
501955,2025-04-18,22293,17,2,0.15,364.39,365.12,620.7,West,Consumer,2025,4,Apr
501956,2025-06-03,22031,9,2,0.0,308.58,324.11,648.22,East,Corporate,2025,6,Jun
501957,2025-06-21,20355,16,4,0.0,113.27,113.04,452.16,North,Small Business,2025,6,Jun
501958,2025-04-10,21510,21,4,0.0,301.42,322.76,1291.04,East,Consumer,2025,4,Apr
501959,2025-12-07,22240,9,4,0.2,308.58,305.98,979.14,South,Consumer,2025,12,Dec
501960,2025-05-30,22519,25,3,0.2,408.11,428.63,1028.71,South,Consumer,2025,5,May
501961,2025-11-29,23885,9,1,0.2,308.58,305.0,244.0,South,Small Business,2025,11,Nov
501962,2024-06-18,20791,2,2,0.1,177.67,179.94,323.89,Central,Small Business,2024,6,Jun
501963,2025-04-21,23589,27,3,0.05,282.82,273.92,780.67,South,Consumer,2025,4,Apr
501964,2025-04-03,21964,7,4,0.1,208.23,223.18,803.45,East,Small Business,2025,4,Apr
501965,2024-09-20,21753,13,3,0.15,509.47,504.44,1286.32,Central,Small Business,2024,9,Sep
501966,2025-01-15,23853,16,3,0.0,113.27,108.66,325.98,Central,Consumer,2025,1,Jan
501967,2024-10-25,21123,23,4,0.0,430.62,435.62,1742.48,South,Consumer,2024,10,Oct
501968,2024-02-24,23140,28,1,0.2,297.74,305.96,244.77,South,Small Business,2024,2,Feb
501969,2024-10-05,22229,13,4,0.05,509.47,529.77,2013.13,East,Small Business,2024,10,Oct
501970,2024-02-10,21339,12,2,0.2,119.8,112.28,179.65,Central,Corporate,2024,2,Feb
501971,2025-10-06,21011,7,4,0.05,208.23,196.42,746.4,Central,Corporate,2025,10,Oct
501972,2025-02-28,23651,9,3,0.2,308.58,297.06,712.94,West,Small Business,2025,2,Feb
501973,2025-03-14,23135,17,4,0.05,364.39,366.11,1391.22,North,Small Business,2025,3,Mar
501974,2025-03-02,23500,3,4,0.1,379.36,372.82,1342.15,Central,Small Business,2025,3,Mar
501975,2024-09-26,23066,26,2,0.05,173.18,186.68,354.69,South,Consumer,2024,9,Sep
501976,2025-07-18,21086,7,3,0.15,208.23,222.5,567.38,Central,Consumer,2025,7,Jul
501977,2024-10-23,23569,18,2,0.0,376.89,354.39,708.78,South,Consumer,2024,10,Oct
501978,2025-07-13,23737,15,3,0.05,203.7,188.56,537.4,South,Consumer,2025,7,Jul
501979,2024-12-15,23099,6,3,0.0,183.47,192.06,576.18,South,Small Business,2024,12,Dec
501980,2024-11-29,21942,9,1,0.1,308.58,321.23,289.11,West,Small Business,2024,11,Nov
501981,2024-07-17,22068,16,3,0.0,113.27,117.54,352.62,West,Consumer,2024,7,Jul
501982,2024-11-09,23732,18,2,0.0,376.89,394.73,789.46,Central,Consumer,2024,11,Nov
501983,2024-06-22,21351,6,4,0.0,183.47,192.48,769.92,South,Small Business,2024,6,Jun
501984,2024-10-11,22199,10,1,0.15,452.53,447.36,380.26,North,Consumer,2024,10,Oct
501985,2024-09-19,23638,15,2,0.05,203.7,198.28,376.73,South,Small Business,2024,9,Sep
501986,2025-11-20,20387,8,2,0.0,289.09,308.87,617.74,Central,Small Business,2025,11,Nov
501987,2024-10-08,22285,5,2,0.05,310.91,327.37,622.0,West,Small Business,2024,10,Oct
501988,2025-05-18,20557,20,4,0.15,187.69,175.31,596.05,South,Consumer,2025,5,May
501989,2024-09-06,23405,6,3,0.1,183.47,179.2,483.84,Central,Small Business,2024,9,Sep
501990,2024-09-12,21992,22,4,0.05,356.25,327.96,1246.25,Central,Consumer,2024,9,Sep
501991,2024-09-25,22235,5,3,0.05,310.91,301.99,860.67,Central,Corporate,2024,9,Sep
501992,2025-05-29,20100,28,1,0.05,297.74,307.46,292.09,South,Consumer,2025,5,May
501993,2024-05-28,20123,16,1,0.05,113.27,108.8,103.36,West,Small Business,2024,5,May
501994,2025-01-29,23074,17,2,0.0,364.39,342.01,684.02,Central,Corporate,2025,1,Jan
501995,2025-01-03,23842,13,4,0.05,509.47,481.04,1827.95,North,Consumer,2025,1,Jan
501996,2025-02-24,21231,29,4,0.0,538.73,506.64,2026.56,Central,Small Business,2025,2,Feb
501997,2024-03-08,22411,3,1,0.0,379.36,367.97,367.97,West,Small Business,2024,3,Mar
501998,2025-10-30,20126,7,1,0.05,208.23,211.87,201.28,East,Corporate,2025,10,Oct
501999,2024-07-14,20449,22,2,0.0,356.25,328.07,656.14,South,Small Business,2024,7,Jul
502000,2025-03-19,22595,16,1,0.1,113.27,118.56,106.7,Central,Small Business,2025,3,Mar
502001,2024-08-25,20963,17,1,0.1,364.39,337.47,303.72,Central,Consumer,2024,8,Aug
502002,2025-10-24,22423,14,1,0.15,323.49,343.4,291.89,West,Small Business,2025,10,Oct
502003,2025-12-11,22876,16,2,0.05,113.27,120.36,228.68,East,Consumer,2025,12,Dec
502004,2025-01-22,20507,21,3,0.15,301.42,297.16,757.76,Central,Consumer,2025,1,Jan
502005,2025-10-10,22720,16,2,0.1,113.27,111.57,200.83,South,Consumer,2025,10,Oct
502006,2025-07-14,20726,7,4,0.15,208.23,203.84,693.06,Central,Consumer,2025,7,Jul
502007,2025-12-06,21733,25,4,0.05,408.11,402.74,1530.41,Central,Corporate,2025,12,Dec
502008,2025-01-21,22974,4,4,0.1,453.41,435.54,1567.94,Central,Consumer,2025,1,Jan
502009,2025-04-11,21867,28,3,0.0,297.74,303.34,910.02,Central,Consumer,2025,4,Apr
502010,2025-02-17,20605,14,1,0.1,323.49,339.33,305.4,North,Consumer,2025,2,Feb
502011,2025-06-09,22973,15,4,0.1,203.7,194.48,700.13,South,Small Business,2025,6,Jun
502012,2024-11-10,20026,21,4,0.05,301.42,300.41,1141.56,Central,Corporate,2024,11,Nov
502013,2024-10-31,23939,26,4,0.0,173.18,182.2,728.8,East,Consumer,2024,10,Oct
502014,2025-04-25,23999,22,1,0.05,356.25,349.77,332.28,Central,Corporate,2025,4,Apr
502015,2025-10-18,23459,5,3,0.2,310.91,305.91,734.18,East,Small Business,2025,10,Oct
502016,2024-02-19,21161,21,3,0.2,301.42,307.93,739.03,Central,Consumer,2024,2,Feb
502017,2025-11-19,20165,23,1,0.2,430.62,423.43,338.74,East,Consumer,2025,11,Nov
502018,2025-05-14,23565,20,4,0.2,187.69,195.51,625.63,Central,Consumer,2025,5,May
502019,2024-01-17,22817,12,1,0.1,119.8,125.54,112.99,East,Consumer,2024,1,Jan
502020,2025-01-16,21657,5,2,0.05,310.91,298.16,566.5,South,Corporate,2025,1,Jan
502021,2025-11-02,20928,3,1,0.15,379.36,397.33,337.73,Central,Small Business,2025,11,Nov
502022,2025-06-13,23852,24,2,0.05,471.09,453.56,861.76,Central,Consumer,2025,6,Jun
502023,2025-02-12,21596,27,2,0.0,282.82,284.19,568.38,East,Consumer,2025,2,Feb
502024,2024-01-08,21720,17,3,0.15,364.39,382.57,975.55,Central,Consumer,2024,1,Jan
502025,2024-11-21,23180,27,3,0.0,282.82,301.14,903.42,East,Consumer,2024,11,Nov
502026,2024-08-01,22998,3,4,0.0,379.36,384.22,1536.88,South,Consumer,2024,8,Aug
502027,2025-08-26,21598,28,1,0.15,297.74,278.89,237.06,Central,Corporate,2025,8,Aug
502028,2025-02-18,23863,8,3,0.1,289.09,294.56,795.31,West,Corporate,2025,2,Feb
502029,2024-07-13,21863,12,3,0.0,119.8,123.45,370.35,South,Consumer,2024,7,Jul
502030,2024-12-05,21130,8,4,0.05,289.09,304.63,1157.59,Central,Corporate,2024,12,Dec
502031,2025-05-11,20781,12,3,0.0,119.8,110.45,331.35,South,Small Business,2025,5,May
502032,2024-03-20,20119,4,3,0.1,453.41,455.64,1230.23,Central,Consumer,2024,3,Mar
502033,2024-12-25,20318,15,1,0.0,203.7,201.65,201.65,West,Small Business,2024,12,Dec
502034,2024-02-09,21795,5,2,0.05,310.91,324.04,615.68,South,Corporate,2024,2,Feb
502035,2024-05-11,23918,6,1,0.0,183.47,176.44,176.44,Central,Corporate,2024,5,May
502036,2024-10-22,23046,27,4,0.1,282.82,303.29,1091.84,South,Small Business,2024,10,Oct
502037,2025-03-10,20724,4,1,0.2,453.41,454.85,363.88,West,Corporate,2025,3,Mar
502038,2024-10-31,22257,14,4,0.0,323.49,310.84,1243.36,East,Consumer,2024,10,Oct
502039,2025-11-10,21596,16,4,0.05,113.27,108.41,411.96,East,Consumer,2025,11,Nov
502040,2024-10-04,23342,13,3,0.05,509.47,515.19,1468.29,West,Consumer,2024,10,Oct
502041,2025-04-05,21018,15,1,0.0,203.7,196.97,196.97,Central,Consumer,2025,4,Apr
502042,2025-11-17,21067,25,1,0.0,408.11,395.61,395.61,South,Consumer,2025,11,Nov
502043,2025-04-23,22757,11,2,0.0,526.43,557.54,1115.08,North,Consumer,2025,4,Apr
502044,2024-05-30,20272,11,1,0.05,526.43,505.45,480.18,South,Consumer,2024,5,May
502045,2024-01-09,21124,6,4,0.0,183.47,171.69,686.76,East,Consumer,2024,1,Jan
502046,2025-06-07,20884,10,1,0.0,452.53,428.1,428.1,South,Corporate,2025,6,Jun
502047,2024-06-01,21706,27,4,0.05,282.82,296.98,1128.52,East,Consumer,2024,6,Jun
502048,2024-05-12,20915,7,2,0.05,208.23,212.17,403.12,East,Consumer,2024,5,May
502049,2025-09-02,23328,6,2,0.2,183.47,194.79,311.66,South,Small Business,2025,9,Sep
502050,2024-02-02,21342,3,1,0.05,379.36,409.19,388.73,East,Small Business,2024,2,Feb
502051,2024-08-18,21427,30,2,0.0,300.75,313.05,626.1,South,Corporate,2024,8,Aug
502052,2025-03-30,21248,6,3,0.0,183.47,180.71,542.13,Central,Corporate,2025,3,Mar
502053,2025-10-30,21699,7,4,0.1,208.23,205.58,740.09,South,Small Business,2025,10,Oct
502054,2025-09-08,20937,25,2,0.0,408.11,388.55,777.1,Central,Small Business,2025,9,Sep
502055,2025-04-26,22933,27,3,0.15,282.82,293.11,747.43,Central,Small Business,2025,4,Apr
502056,2024-08-29,20488,17,1,0.0,364.39,335.74,335.74,Central,Consumer,2024,8,Aug
502057,2024-06-16,20345,9,2,0.0,308.58,332.6,665.2,North,Corporate,2024,6,Jun
502058,2025-01-31,22088,18,4,0.05,376.89,406.28,1543.86,South,Small Business,2025,1,Jan
502059,2025-03-19,21943,25,1,0.05,408.11,416.5,395.67,East,Corporate,2025,3,Mar
502060,2025-04-05,22846,12,3,0.05,119.8,121.27,345.62,South,Corporate,2025,4,Apr
502061,2025-12-20,20382,24,1,0.0,471.09,454.74,454.74,East,Consumer,2025,12,Dec
502062,2025-05-03,23634,15,2,0.1,203.7,205.02,369.04,South,Consumer,2025,5,May
502063,2024-04-30,22339,21,2,0.0,301.42,298.03,596.06,Central,Consumer,2024,4,Apr
502064,2025-03-17,21104,20,2,0.2,187.69,173.54,277.66,South,Consumer,2025,3,Mar
502065,2025-08-20,23058,14,3,0.05,323.49,336.34,958.57,East,Consumer,2025,8,Aug
502066,2025-10-17,22643,13,1,0.0,509.47,476.05,476.05,Central,Consumer,2025,10,Oct
502067,2024-10-01,23638,25,2,0.05,408.11,386.47,734.29,South,Small Business,2024,10,Oct
502068,2024-05-13,22111,10,3,0.0,452.53,444.73,1334.19,Central,Small Business,2024,5,May
502069,2024-10-06,22763,20,2,0.0,187.69,196.97,393.94,Central,Small Business,2024,10,Oct
502070,2025-06-26,23536,8,4,0.0,289.09,311.15,1244.6,West,Consumer,2025,6,Jun
502071,2024-05-22,23304,20,4,0.1,187.69,192.17,691.81,Central,Consumer,2024,5,May
502072,2025-11-23,22781,7,3,0.1,208.23,214.76,579.85,South,Small Business,2025,11,Nov
502073,2025-08-24,21520,16,1,0.05,113.27,109.72,104.23,Central,Consumer,2025,8,Aug
502074,2024-09-12,20732,18,1,0.05,376.89,348.15,330.74,Central,Consumer,2024,9,Sep
502075,2024-11-19,20129,5,3,0.05,310.91,304.51,867.85,Central,Consumer,2024,11,Nov
502076,2025-07-22,21066,3,3,0.0,379.36,406.65,1219.95,East,Consumer,2025,7,Jul
502077,2025-03-25,21881,8,1,0.05,289.09,279.26,265.3,Central,Small Business,2025,3,Mar
502078,2025-03-24,22498,5,1,0.05,310.91,333.49,316.82,West,Small Business,2025,3,Mar
502079,2024-05-10,20767,10,4,0.1,452.53,467.44,1682.78,South,Consumer,2024,5,May
502080,2024-07-20,23005,18,4,0.0,376.89,349.01,1396.04,West,Consumer,2024,7,Jul
502081,2024-05-17,23471,11,1,0.0,526.43,549.5,549.5,Central,Small Business,2024,5,May
502082,2024-10-22,20315,25,3,0.05,408.11,403.43,1149.78,Central,Consumer,2024,10,Oct
502083,2025-03-15,23434,15,3,0.0,203.7,189.99,569.97,West,Consumer,2025,3,Mar
502084,2025-10-02,22586,8,3,0.05,289.09,309.29,881.48,Central,Small Business,2025,10,Oct
502085,2025-12-14,20285,1,2,0.05,118.77,125.82,239.06,South,Small Business,2025,12,Dec
502086,2024-12-17,20682,1,4,0.0,118.77,125.88,503.52,West,Corporate,2024,12,Dec
502087,2024-11-01,22991,29,3,0.0,538.73,562.36,1687.08,North,Consumer,2024,11,Nov
502088,2024-08-02,23772,21,4,0.05,301.42,309.01,1174.24,West,Corporate,2024,8,Aug
502089,2025-09-16,22962,26,2,0.1,173.18,178.11,320.6,North,Consumer,2025,9,Sep
502090,2025-12-29,23856,2,3,0.05,177.67,184.42,525.6,South,Consumer,2025,12,Dec
502091,2024-10-21,21456,7,4,0.0,208.23,207.34,829.36,Central,Small Business,2024,10,Oct
502092,2024-08-08,23437,10,2,0.1,452.53,464.55,836.19,South,Consumer,2024,8,Aug
502093,2025-12-29,23444,4,2,0.0,453.41,434.23,868.46,Central,Consumer,2025,12,Dec
502094,2024-01-31,23443,14,4,0.05,323.49,298.65,1134.87,North,Consumer,2024,1,Jan
502095,2024-12-05,20060,28,2,0.15,297.74,306.14,520.44,East,Small Business,2024,12,Dec
502096,2024-05-25,23845,23,1,0.05,430.62,438.77,416.83,East,Consumer,2024,5,May
502097,2025-03-09,22090,9,3,0.15,308.58,306.42,781.37,East,Consumer,2025,3,Mar
502098,2025-12-07,21145,24,2,0.0,471.09,503.6,1007.2,South,Consumer,2025,12,Dec
502099,2024-02-24,23013,7,1,0.1,208.23,214.07,192.66,East,Consumer,2024,2,Feb
502100,2024-08-15,22091,13,2,0.05,509.47,485.29,922.05,South,Consumer,2024,8,Aug
502101,2024-02-01,21517,23,3,0.15,430.62,404.31,1030.99,East,Consumer,2024,2,Feb
502102,2025-09-21,20536,27,4,0.1,282.82,282.56,1017.22,South,Corporate,2025,9,Sep
502103,2024-04-02,23219,22,2,0.0,356.25,354.5,709.0,North,Small Business,2024,4,Apr
502104,2025-09-29,21825,12,1,0.05,119.8,113.75,108.06,North,Small Business,2025,9,Sep
502105,2024-09-08,22449,9,2,0.15,308.58,296.0,503.2,South,Consumer,2024,9,Sep
502106,2024-01-16,20419,15,3,0.1,203.7,219.67,593.11,Central,Small Business,2024,1,Jan
502107,2024-12-28,21085,25,3,0.15,408.11,382.93,976.47,Central,Small Business,2024,12,Dec
502108,2025-06-20,22767,12,3,0.0,119.8,128.76,386.28,Central,Small Business,2025,6,Jun
502109,2024-06-13,21175,14,1,0.1,323.49,305.03,274.53,North,Consumer,2024,6,Jun
502110,2025-02-01,20303,19,4,0.0,495.95,510.88,2043.52,West,Small Business,2025,2,Feb
502111,2024-10-08,21150,18,2,0.15,376.89,382.0,649.4,West,Consumer,2024,10,Oct
502112,2025-04-01,23439,13,4,0.05,509.47,470.16,1786.61,Central,Consumer,2025,4,Apr
502113,2024-05-23,23833,8,3,0.0,289.09,292.99,878.97,South,Consumer,2024,5,May
502114,2024-11-15,23407,28,2,0.0,297.74,298.29,596.58,North,Consumer,2024,11,Nov
502115,2025-10-25,21498,30,4,0.05,300.75,318.49,1210.26,Central,Small Business,2025,10,Oct
502116,2024-04-01,23863,26,1,0.05,173.18,173.47,164.8,West,Corporate,2024,4,Apr
502117,2024-07-10,23359,6,4,0.1,183.47,181.14,652.1,East,Small Business,2024,7,Jul
502118,2024-04-11,20109,12,4,0.05,119.8,115.03,437.11,North,Consumer,2024,4,Apr
502119,2024-10-29,21425,12,2,0.1,119.8,110.92,199.66,Central,Consumer,2024,10,Oct
502120,2024-01-20,23275,1,1,0.1,118.77,116.31,104.68,South,Consumer,2024,1,Jan
502121,2024-01-21,20725,16,2,0.05,113.27,110.53,210.01,Central,Consumer,2024,1,Jan
502122,2024-07-10,21172,17,4,0.0,364.39,375.83,1503.32,Central,Corporate,2024,7,Jul
502123,2025-06-30,23872,22,1,0.05,356.25,347.21,329.85,East,Consumer,2025,6,Jun
502124,2025-04-24,20784,8,3,0.05,289.09,266.16,758.56,South,Consumer,2025,4,Apr
502125,2025-02-27,22941,14,1,0.0,323.49,322.55,322.55,West,Consumer,2025,2,Feb
502126,2024-07-24,23003,10,1,0.05,452.53,455.48,432.71,Central,Consumer,2024,7,Jul
502127,2025-11-07,21066,5,2,0.1,310.91,313.02,563.44,East,Consumer,2025,11,Nov
502128,2024-10-04,20481,14,1,0.05,323.49,305.01,289.76,Central,Consumer,2024,10,Oct
502129,2025-03-10,20414,7,3,0.0,208.23,207.79,623.37,Central,Small Business,2025,3,Mar
502130,2025-03-06,23504,25,1,0.0,408.11,378.65,378.65,Central,Consumer,2025,3,Mar
502131,2025-10-30,20959,15,4,0.05,203.7,207.75,789.45,Central,Consumer,2025,10,Oct
502132,2025-04-09,23502,23,2,0.0,430.62,437.64,875.28,East,Consumer,2025,4,Apr
502133,2024-11-20,22019,7,4,0.05,208.23,213.18,810.08,Central,Corporate,2024,11,Nov
502134,2025-09-21,22224,17,2,0.0,364.39,352.02,704.04,Central,Corporate,2025,9,Sep
502135,2025-04-20,22650,10,2,0.0,452.53,438.07,876.14,South,Consumer,2025,4,Apr
502136,2024-09-20,21691,22,1,0.1,356.25,334.59,301.13,West,Consumer,2024,9,Sep
502137,2024-01-25,23804,27,3,0.0,282.82,283.96,851.88,Central,Consumer,2024,1,Jan
502138,2025-06-16,23558,10,4,0.0,452.53,426.87,1707.48,East,Small Business,2025,6,Jun
502139,2025-07-30,22652,14,4,0.2,323.49,332.82,1065.02,Central,Corporate,2025,7,Jul
502140,2024-09-09,22850,15,3,0.0,203.7,193.26,579.78,East,Small Business,2024,9,Sep
502141,2025-03-15,22866,7,1,0.1,208.23,222.73,200.46,South,Corporate,2025,3,Mar
502142,2025-06-03,20129,3,1,0.0,379.36,349.59,349.59,Central,Consumer,2025,6,Jun
502143,2025-07-17,21095,23,1,0.0,430.62,403.19,403.19,East,Consumer,2025,7,Jul
502144,2025-11-11,21649,2,1,0.1,177.67,166.31,149.68,West,Consumer,2025,11,Nov
502145,2025-03-11,20554,1,2,0.15,118.77,120.24,204.41,South,Consumer,2025,3,Mar
502146,2024-09-02,21720,5,3,0.05,310.91,291.26,830.09,Central,Consumer,2024,9,Sep
502147,2024-11-27,22606,14,4,0.0,323.49,339.89,1359.56,North,Consumer,2024,11,Nov
502148,2024-12-28,23425,23,3,0.15,430.62,423.31,1079.44,North,Corporate,2024,12,Dec
502149,2024-05-14,22999,28,2,0.15,297.74,297.8,506.26,Central,Small Business,2024,5,May
502150,2024-06-30,23532,28,3,0.05,297.74,283.84,808.94,Central,Small Business,2024,6,Jun
502151,2024-05-28,22690,29,1,0.0,538.73,578.07,578.07,Central,Consumer,2024,5,May
502152,2025-01-17,22175,19,3,0.2,495.95,523.91,1257.38,Central,Consumer,2025,1,Jan
502153,2024-11-09,22416,15,4,0.05,203.7,189.6,720.48,Central,Corporate,2024,11,Nov
502154,2025-01-13,20450,2,3,0.15,177.67,173.45,442.3,Central,Consumer,2025,1,Jan
502155,2024-02-26,23233,14,4,0.0,323.49,299.93,1199.72,North,Small Business,2024,2,Feb
502156,2025-08-16,22437,19,4,0.15,495.95,511.04,1737.54,East,Consumer,2025,8,Aug
502157,2025-10-07,22899,22,1,0.1,356.25,332.11,298.9,Central,Small Business,2025,10,Oct
502158,2025-07-25,21842,9,1,0.05,308.58,284.42,270.2,West,Consumer,2025,7,Jul
502159,2025-05-23,23162,10,3,0.0,452.53,445.82,1337.46,South,Consumer,2025,5,May
502160,2024-10-29,21692,27,3,0.0,282.82,262.77,788.31,North,Consumer,2024,10,Oct
502161,2024-03-27,23414,26,1,0.15,173.18,173.72,147.66,Central,Consumer,2024,3,Mar
502162,2024-05-05,23938,22,1,0.1,356.25,353.66,318.29,North,Consumer,2024,5,May
502163,2024-08-24,20683,12,1,0.0,119.8,117.82,117.82,South,Small Business,2024,8,Aug
502164,2024-07-04,23984,11,1,0.05,526.43,556.41,528.59,Central,Consumer,2024,7,Jul
502165,2024-08-23,23179,16,1,0.15,113.27,108.8,92.48,Central,Corporate,2024,8,Aug
502166,2025-01-01,21639,14,4,0.0,323.49,330.85,1323.4,West,Corporate,2025,1,Jan
502167,2024-11-09,22159,24,2,0.0,471.09,451.07,902.14,Central,Consumer,2024,11,Nov
502168,2025-12-10,23739,22,4,0.15,356.25,348.58,1185.17,East,Consumer,2025,12,Dec
502169,2024-03-19,22054,6,2,0.05,183.47,184.93,351.37,South,Consumer,2024,3,Mar
502170,2025-05-11,20979,28,2,0.05,297.74,300.63,571.2,West,Consumer,2025,5,May
502171,2024-06-09,22471,14,3,0.15,323.49,323.72,825.49,West,Consumer,2024,6,Jun
502172,2024-07-14,20774,9,3,0.0,308.58,325.86,977.58,Central,Corporate,2024,7,Jul
502173,2024-11-21,21556,13,1,0.1,509.47,511.2,460.08,North,Consumer,2024,11,Nov
502174,2025-12-26,22627,24,3,0.15,471.09,473.44,1207.27,Central,Consumer,2025,12,Dec
502175,2025-12-01,22342,11,2,0.05,526.43,541.91,1029.63,South,Consumer,2025,12,Dec
502176,2025-09-02,22002,21,4,0.05,301.42,305.86,1162.27,North,Corporate,2025,9,Sep
502177,2024-02-08,20562,19,1,0.05,495.95,529.46,502.99,West,Consumer,2024,2,Feb
502178,2024-11-19,22984,8,3,0.0,289.09,308.22,924.66,South,Consumer,2024,11,Nov
502179,2025-08-16,21000,18,1,0.0,376.89,397.23,397.23,West,Consumer,2025,8,Aug
502180,2025-05-15,20440,8,3,0.0,289.09,309.3,927.9,Central,Consumer,2025,5,May
502181,2024-09-21,21112,24,1,0.0,471.09,441.82,441.82,East,Consumer,2024,9,Sep
502182,2024-03-25,21930,7,2,0.0,208.23,196.69,393.38,South,Small Business,2024,3,Mar
502183,2024-12-15,20259,10,3,0.15,452.53,436.38,1112.77,Central,Consumer,2024,12,Dec
502184,2025-12-19,22728,6,2,0.05,183.47,191.67,364.17,Central,Consumer,2025,12,Dec
502185,2024-08-01,22768,10,2,0.15,452.53,473.92,805.66,East,Consumer,2024,8,Aug
502186,2024-04-27,22005,10,4,0.05,452.53,441.04,1675.95,West,Consumer,2024,4,Apr
502187,2025-08-18,21862,12,1,0.05,119.8,118.42,112.5,South,Consumer,2025,8,Aug
502188,2025-09-15,21146,4,1,0.05,453.41,437.76,415.87,West,Small Business,2025,9,Sep
502189,2025-08-05,21884,21,1,0.15,301.42,301.13,255.96,Central,Small Business,2025,8,Aug
502190,2024-12-14,22004,8,3,0.0,289.09,267.81,803.43,West,Corporate,2024,12,Dec
502191,2024-12-08,22372,12,3,0.0,119.8,116.98,350.94,West,Small Business,2024,12,Dec
502192,2025-07-01,22341,11,1,0.1,526.43,558.46,502.61,Central,Consumer,2025,7,Jul
502193,2024-02-23,21001,30,1,0.1,300.75,295.15,265.64,South,Small Business,2024,2,Feb
502194,2024-08-28,22202,17,1,0.0,364.39,359.53,359.53,Central,Small Business,2024,8,Aug
502195,2024-03-02,21525,26,3,0.05,173.18,176.86,504.05,South,Consumer,2024,3,Mar
502196,2025-01-06,22264,14,1,0.0,323.49,343.39,343.39,North,Consumer,2025,1,Jan
502197,2025-11-03,22676,24,4,0.15,471.09,502.84,1709.66,West,Consumer,2025,11,Nov
502198,2025-03-11,21772,10,2,0.1,452.53,435.2,783.36,East,Consumer,2025,3,Mar
502199,2024-02-01,21369,17,3,0.05,364.39,339.96,968.89,Central,Small Business,2024,2,Feb
502200,2024-10-28,21325,4,3,0.05,453.41,472.23,1345.86,Central,Consumer,2024,10,Oct
502201,2025-03-06,23499,9,4,0.15,308.58,301.33,1024.52,Central,Consumer,2025,3,Mar
502202,2024-12-06,20282,17,1,0.0,364.39,340.78,340.78,West,Consumer,2024,12,Dec
502203,2024-12-01,23285,12,2,0.05,119.8,126.76,240.84,Central,Consumer,2024,12,Dec
502204,2025-12-14,20186,26,3,0.0,173.18,180.38,541.14,West,Small Business,2025,12,Dec
502205,2024-05-26,22546,16,4,0.2,113.27,105.51,337.63,East,Consumer,2024,5,May
502206,2024-11-27,22136,19,4,0.0,495.95,518.09,2072.36,West,Small Business,2024,11,Nov
502207,2024-09-30,22867,5,2,0.0,310.91,320.52,641.04,Central,Consumer,2024,9,Sep
502208,2024-04-27,23436,18,3,0.0,376.89,356.56,1069.68,South,Consumer,2024,4,Apr
502209,2025-12-26,23312,3,1,0.0,379.36,377.68,377.68,East,Consumer,2025,12,Dec
502210,2024-12-21,23143,12,1,0.2,119.8,119.82,95.86,West,Consumer,2024,12,Dec
502211,2024-12-28,22371,3,4,0.1,379.36,366.74,1320.26,Central,Small Business,2024,12,Dec
502212,2025-10-23,22146,16,1,0.15,113.27,114.27,97.13,South,Consumer,2025,10,Oct
502213,2024-07-21,22761,20,2,0.0,187.69,196.07,392.14,East,Consumer,2024,7,Jul
502214,2024-07-03,22558,21,1,0.0,301.42,300.38,300.38,Central,Consumer,2024,7,Jul
502215,2025-09-27,22090,28,3,0.1,297.74,293.36,792.07,East,Consumer,2025,9,Sep
502216,2024-08-11,23906,9,3,0.1,308.58,320.03,864.08,Central,Consumer,2024,8,Aug
502217,2024-11-10,21238,23,2,0.2,430.62,450.66,721.06,South,Small Business,2024,11,Nov
502218,2024-07-15,23869,29,4,0.0,538.73,498.76,1995.04,South,Consumer,2024,7,Jul
502219,2024-07-18,22881,17,2,0.05,364.39,359.97,683.94,West,Small Business,2024,7,Jul
502220,2024-09-28,23980,1,4,0.05,118.77,116.87,444.11,Central,Consumer,2024,9,Sep
502221,2024-07-09,20989,24,2,0.1,471.09,492.82,887.08,West,Small Business,2024,7,Jul
502222,2024-12-11,20066,11,1,0.2,526.43,565.26,452.21,Central,Consumer,2024,12,Dec
502223,2025-08-16,21506,3,4,0.15,379.36,375.85,1277.89,South,Consumer,2025,8,Aug
502224,2024-09-01,22545,30,4,0.1,300.75,277.78,1000.01,West,Consumer,2024,9,Sep
502225,2024-07-19,23776,13,4,0.0,509.47,500.81,2003.24,Central,Small Business,2024,7,Jul
502226,2024-05-16,22981,25,3,0.0,408.11,417.73,1253.19,Central,Consumer,2024,5,May
502227,2024-11-08,20966,10,2,0.1,452.53,459.95,827.91,Central,Small Business,2024,11,Nov
502228,2024-09-05,20413,2,4,0.0,177.67,177.61,710.44,South,Corporate,2024,9,Sep
502229,2024-10-18,22231,16,3,0.1,113.27,118.09,318.84,Central,Consumer,2024,10,Oct
502230,2024-10-30,21453,11,2,0.15,526.43,527.56,896.85,West,Consumer,2024,10,Oct
502231,2025-02-18,21463,21,3,0.05,301.42,312.93,891.85,North,Small Business,2025,2,Feb
502232,2024-12-23,20661,21,2,0.05,301.42,279.36,530.78,Central,Consumer,2024,12,Dec
502233,2024-05-22,22221,27,3,0.1,282.82,264.53,714.23,Central,Corporate,2024,5,May
502234,2025-04-24,21539,17,4,0.05,364.39,361.83,1374.95,Central,Consumer,2025,4,Apr
502235,2025-02-17,20618,22,1,0.05,356.25,377.87,358.98,North,Small Business,2025,2,Feb
502236,2025-06-24,21765,29,2,0.1,538.73,580.12,1044.22,East,Consumer,2025,6,Jun
502237,2025-08-03,20397,29,2,0.0,538.73,548.57,1097.14,Central,Small Business,2025,8,Aug
502238,2025-08-26,20714,24,1,0.1,471.09,490.74,441.67,South,Consumer,2025,8,Aug
502239,2025-06-11,22491,19,4,0.0,495.95,485.34,1941.36,Central,Consumer,2025,6,Jun
502240,2024-07-02,21985,20,4,0.1,187.69,196.18,706.25,East,Consumer,2024,7,Jul
502241,2024-03-24,20383,26,1,0.05,173.18,182.42,173.3,West,Consumer,2024,3,Mar
502242,2025-03-25,20751,19,4,0.0,495.95,489.69,1958.76,Central,Consumer,2025,3,Mar
502243,2024-05-12,20178,19,3,0.05,495.95,480.0,1368.0,North,Consumer,2024,5,May
502244,2024-05-14,23690,30,1,0.0,300.75,314.99,314.99,East,Consumer,2024,5,May
502245,2025-04-29,21728,24,4,0.0,471.09,435.03,1740.12,East,Small Business,2025,4,Apr
502246,2025-03-29,20678,16,1,0.0,113.27,115.18,115.18,South,Corporate,2025,3,Mar
502247,2024-05-07,21371,17,2,0.0,364.39,382.51,765.02,East,Small Business,2024,5,May
502248,2025-11-02,22051,1,4,0.05,118.77,127.52,484.58,South,Corporate,2025,11,Nov
502249,2024-03-07,20219,15,3,0.0,203.7,208.85,626.55,North,Consumer,2024,3,Mar
502250,2025-09-28,21378,23,1,0.0,430.62,411.51,411.51,South,Corporate,2025,9,Sep
502251,2025-08-15,21854,10,2,0.1,452.53,478.72,861.7,Central,Small Business,2025,8,Aug
502252,2025-03-20,21691,16,2,0.1,113.27,113.85,204.93,West,Consumer,2025,3,Mar
502253,2024-09-05,23948,15,1,0.15,203.7,216.49,184.02,South,Consumer,2024,9,Sep
502254,2024-07-21,21558,26,2,0.0,173.18,159.69,319.38,Central,Small Business,2024,7,Jul
502255,2025-02-07,20728,10,3,0.0,452.53,464.31,1392.93,East,Consumer,2025,2,Feb
502256,2024-04-11,23915,14,2,0.0,323.49,329.62,659.24,Central,Small Business,2024,4,Apr
502257,2025-07-26,23885,7,3,0.0,208.23,196.39,589.17,South,Small Business,2025,7,Jul
502258,2024-11-21,22655,5,1,0.05,310.91,329.29,312.83,East,Consumer,2024,11,Nov
502259,2025-01-26,23278,18,2,0.1,376.89,367.55,661.59,South,Consumer,2025,1,Jan
502260,2024-10-18,20195,20,1,0.0,187.69,175.57,175.57,Central,Consumer,2024,10,Oct
502261,2024-04-01,22384,18,3,0.1,376.89,401.72,1084.64,Central,Consumer,2024,4,Apr
502262,2025-05-08,23341,28,2,0.0,297.74,310.58,621.16,East,Corporate,2025,5,May
502263,2025-05-11,20004,22,1,0.1,356.25,335.31,301.78,South,Consumer,2025,5,May
502264,2024-03-18,22182,3,3,0.0,379.36,388.94,1166.82,Central,Consumer,2024,3,Mar
502265,2024-09-04,20622,18,2,0.05,376.89,361.4,686.66,Central,Consumer,2024,9,Sep
502266,2024-02-03,20467,6,1,0.15,183.47,178.25,151.51,East,Consumer,2024,2,Feb
502267,2024-09-03,22628,3,2,0.1,379.36,370.92,667.66,Central,Small Business,2024,9,Sep
502268,2025-06-14,21887,7,1,0.0,208.23,212.29,212.29,Central,Consumer,2025,6,Jun
502269,2025-02-20,21716,24,2,0.0,471.09,488.23,976.46,Central,Consumer,2025,2,Feb
502270,2025-03-15,20534,5,3,0.0,310.91,332.34,997.02,West,Consumer,2025,3,Mar
502271,2025-03-10,21317,30,1,0.05,300.75,318.79,302.85,West,Small Business,2025,3,Mar
502272,2024-09-15,22231,17,1,0.0,364.39,387.1,387.1,Central,Consumer,2024,9,Sep
502273,2024-10-21,21674,11,1,0.0,526.43,559.23,559.23,North,Consumer,2024,10,Oct
502274,2025-06-28,21483,3,1,0.15,379.36,370.55,314.97,Central,Consumer,2025,6,Jun
502275,2025-06-08,23860,10,4,0.15,452.53,448.37,1524.46,North,Consumer,2025,6,Jun
502276,2024-11-20,20268,30,1,0.0,300.75,285.11,285.11,Central,Corporate,2024,11,Nov
502277,2025-06-26,21665,13,1,0.05,509.47,514.63,488.9,South,Consumer,2025,6,Jun
502278,2025-08-01,22615,6,4,0.05,183.47,180.42,685.6,Central,Small Business,2025,8,Aug
502279,2024-10-22,22335,29,1,0.0,538.73,579.36,579.36,West,Consumer,2024,10,Oct
502280,2025-09-04,20934,2,2,0.1,177.67,164.65,296.37,East,Consumer,2025,9,Sep
502281,2024-04-22,22269,15,3,0.0,203.7,203.22,609.66,Central,Consumer,2024,4,Apr
502282,2025-06-29,23066,11,3,0.0,526.43,553.54,1660.62,South,Consumer,2025,6,Jun
502283,2025-02-08,22048,13,1,0.0,509.47,522.2,522.2,East,Consumer,2025,2,Feb
502284,2025-11-13,23616,15,3,0.0,203.7,215.57,646.71,West,Small Business,2025,11,Nov
502285,2024-05-24,22723,14,4,0.05,323.49,347.42,1320.2,Central,Consumer,2024,5,May
502286,2024-02-22,20972,25,2,0.2,408.11,425.79,681.26,Central,Corporate,2024,2,Feb
502287,2024-02-06,22595,3,2,0.0,379.36,374.52,749.04,Central,Small Business,2024,2,Feb
502288,2024-04-02,21224,19,4,0.0,495.95,471.37,1885.48,West,Consumer,2024,4,Apr
502289,2025-01-27,21013,19,2,0.05,495.95,480.16,912.3,West,Small Business,2025,1,Jan
502290,2025-08-01,20187,30,4,0.05,300.75,276.97,1052.49,South,Consumer,2025,8,Aug
502291,2025-08-27,23001,28,4,0.0,297.74,275.19,1100.76,Central,Consumer,2025,8,Aug
502292,2025-06-17,21927,12,2,0.0,119.8,122.82,245.64,East,Consumer,2025,6,Jun
502293,2024-07-30,23286,17,3,0.15,364.39,386.51,985.6,East,Consumer,2024,7,Jul
502294,2024-11-07,23362,3,4,0.05,379.36,370.48,1407.82,East,Consumer,2024,11,Nov
502295,2024-02-04,21092,25,3,0.15,408.11,410.44,1046.62,South,Consumer,2024,2,Feb
502296,2025-01-24,20441,28,1,0.05,297.74,320.81,304.77,Central,Small Business,2025,1,Jan
502297,2025-07-11,22911,27,4,0.05,282.82,298.09,1132.74,Central,Consumer,2025,7,Jul
502298,2024-05-28,20671,18,4,0.05,376.89,399.54,1518.25,South,Consumer,2024,5,May
502299,2025-01-07,22727,27,3,0.05,282.82,268.82,766.14,South,Small Business,2025,1,Jan
502300,2024-09-06,22979,16,3,0.0,113.27,116.36,349.08,South,Consumer,2024,9,Sep
502301,2025-10-17,22809,5,3,0.0,310.91,308.45,925.35,Central,Consumer,2025,10,Oct
502302,2024-02-26,22553,14,3,0.15,323.49,300.2,765.51,Central,Corporate,2024,2,Feb
502303,2025-06-12,20887,2,3,0.2,177.67,183.99,441.58,South,Small Business,2025,6,Jun
502304,2024-01-26,20798,6,4,0.05,183.47,176.28,669.86,West,Small Business,2024,1,Jan
502305,2024-11-26,22634,15,2,0.05,203.7,207.44,394.14,East,Consumer,2024,11,Nov
502306,2025-04-26,20685,12,4,0.1,119.8,118.4,426.24,East,Consumer,2025,4,Apr
502307,2024-11-28,21897,1,1,0.15,118.77,111.86,95.08,Central,Small Business,2024,11,Nov
502308,2025-03-09,20282,10,1,0.0,452.53,460.04,460.04,West,Consumer,2025,3,Mar
502309,2025-04-30,21012,14,1,0.1,323.49,338.01,304.21,Central,Consumer,2025,4,Apr
502310,2025-05-27,20071,11,1,0.05,526.43,508.53,483.1,South,Consumer,2025,5,May
502311,2024-01-13,21172,14,2,0.0,323.49,328.25,656.5,Central,Corporate,2024,1,Jan
502312,2024-10-08,21691,9,2,0.15,308.58,317.34,539.48,West,Consumer,2024,10,Oct
502313,2024-12-31,20391,12,1,0.1,119.8,119.7,107.73,North,Small Business,2024,12,Dec
502314,2025-08-11,20432,16,2,0.0,113.27,119.28,238.56,West,Small Business,2025,8,Aug
502315,2025-03-31,23016,6,3,0.0,183.47,192.14,576.42,West,Corporate,2025,3,Mar
502316,2024-10-02,21169,23,3,0.05,430.62,410.33,1169.44,West,Consumer,2024,10,Oct
502317,2025-08-13,21763,8,2,0.15,289.09,278.47,473.4,Central,Consumer,2025,8,Aug
502318,2024-08-13,23496,29,4,0.15,538.73,556.81,1893.15,Central,Consumer,2024,8,Aug
502319,2025-08-31,20207,11,2,0.2,526.43,507.04,811.26,Central,Corporate,2025,8,Aug
502320,2025-03-13,20198,4,4,0.0,453.41,470.88,1883.52,Central,Consumer,2025,3,Mar
502321,2025-07-28,21449,17,4,0.1,364.39,368.18,1325.45,South,Small Business,2025,7,Jul
502322,2025-02-02,23188,27,2,0.1,282.82,262.67,472.81,West,Small Business,2025,2,Feb
502323,2025-07-25,23869,17,3,0.1,364.39,339.34,916.22,South,Consumer,2025,7,Jul
502324,2025-06-12,21527,11,2,0.0,526.43,487.44,974.88,Central,Consumer,2025,6,Jun
502325,2025-01-15,21186,26,3,0.05,173.18,170.22,485.13,South,Consumer,2025,1,Jan
502326,2024-11-30,21648,16,4,0.1,113.27,112.65,405.54,Central,Corporate,2024,11,Nov
502327,2024-11-28,22141,14,3,0.0,323.49,337.63,1012.89,North,Consumer,2024,11,Nov
502328,2025-11-23,23891,4,3,0.05,453.41,480.85,1370.42,North,Small Business,2025,11,Nov
502329,2025-03-14,20916,20,1,0.1,187.69,201.27,181.14,Central,Small Business,2025,3,Mar
502330,2024-12-24,22274,5,1,0.05,310.91,310.89,295.35,West,Consumer,2024,12,Dec
502331,2024-08-30,23541,23,1,0.15,430.62,447.58,380.44,West,Consumer,2024,8,Aug
502332,2024-01-12,20147,25,3,0.1,408.11,421.6,1138.32,Central,Consumer,2024,1,Jan
502333,2024-05-05,22525,18,3,0.15,376.89,364.92,930.55,Central,Corporate,2024,5,May
502334,2025-02-26,23176,16,4,0.1,113.27,112.02,403.27,Central,Small Business,2025,2,Feb
502335,2024-02-04,21395,28,2,0.1,297.74,312.77,562.99,Central,Consumer,2024,2,Feb
502336,2025-07-10,22219,8,1,0.2,289.09,282.01,225.61,Central,Consumer,2025,7,Jul
502337,2024-09-18,23336,3,3,0.0,379.36,358.97,1076.91,Central,Small Business,2024,9,Sep
502338,2024-12-31,23109,28,3,0.2,297.74,281.61,675.86,South,Consumer,2024,12,Dec
502339,2025-02-20,22524,8,1,0.0,289.09,296.69,296.69,East,Consumer,2025,2,Feb
502340,2024-08-12,20605,26,1,0.0,173.18,175.9,175.9,North,Consumer,2024,8,Aug
502341,2025-03-16,20811,5,3,0.15,310.91,294.12,750.01,North,Corporate,2025,3,Mar
502342,2025-02-06,21051,12,2,0.15,119.8,118.95,202.22,North,Consumer,2025,2,Feb
502343,2024-08-28,22776,25,2,0.0,408.11,426.44,852.88,South,Small Business,2024,8,Aug
502344,2025-05-08,23643,7,1,0.0,208.23,217.12,217.12,West,Small Business,2025,5,May
502345,2024-07-20,22060,7,4,0.0,208.23,204.9,819.6,East,Small Business,2024,7,Jul
502346,2025-04-02,21720,11,4,0.0,526.43,547.56,2190.24,Central,Consumer,2025,4,Apr
502347,2024-01-16,23868,21,2,0.0,301.42,311.33,622.66,East,Consumer,2024,1,Jan
502348,2024-10-24,22043,21,3,0.0,301.42,319.8,959.4,Central,Corporate,2024,10,Oct
502349,2024-11-07,22749,22,1,0.0,356.25,363.75,363.75,West,Consumer,2024,11,Nov
502350,2024-10-06,22573,10,4,0.0,452.53,447.58,1790.32,West,Small Business,2024,10,Oct
502351,2025-10-01,23439,23,4,0.1,430.62,413.59,1488.92,Central,Consumer,2025,10,Oct
502352,2025-08-15,22114,15,4,0.15,203.7,216.56,736.3,Central,Corporate,2025,8,Aug
502353,2025-06-05,21463,12,2,0.0,119.8,120.26,240.52,North,Small Business,2025,6,Jun
502354,2024-07-10,23003,29,2,0.15,538.73,560.01,952.02,Central,Consumer,2024,7,Jul
502355,2024-10-18,20225,30,2,0.0,300.75,286.03,572.06,West,Small Business,2024,10,Oct
502356,2024-10-08,20893,29,3,0.0,538.73,542.37,1627.11,North,Consumer,2024,10,Oct
502357,2025-06-14,20448,17,1,0.05,364.39,347.94,330.54,Central,Consumer,2025,6,Jun
502358,2025-04-29,23684,14,3,0.15,323.49,322.58,822.58,North,Small Business,2025,4,Apr
502359,2024-04-14,23512,4,2,0.15,453.41,424.81,722.18,East,Consumer,2024,4,Apr
502360,2024-10-30,20215,27,1,0.1,282.82,283.73,255.36,Central,Small Business,2024,10,Oct
502361,2025-03-08,20967,9,2,0.05,308.58,305.1,579.69,West,Small Business,2025,3,Mar
502362,2024-10-17,21999,12,1,0.15,119.8,122.9,104.46,Central,Consumer,2024,10,Oct
502363,2024-02-15,23863,11,1,0.0,526.43,502.36,502.36,West,Corporate,2024,2,Feb
502364,2024-04-01,23991,15,4,0.0,203.7,210.23,840.92,South,Small Business,2024,4,Apr
502365,2025-12-16,22390,12,2,0.1,119.8,128.0,230.4,Central,Small Business,2025,12,Dec
502366,2025-01-10,22636,7,3,0.0,208.23,214.29,642.87,East,Small Business,2025,1,Jan
502367,2024-04-13,21305,11,1,0.2,526.43,533.07,426.46,Central,Small Business,2024,4,Apr
502368,2025-12-24,21929,8,4,0.05,289.09,288.42,1096.0,Central,Consumer,2025,12,Dec
502369,2025-11-18,23728,23,2,0.0,430.62,444.3,888.6,South,Consumer,2025,11,Nov
502370,2025-09-17,23811,21,3,0.2,301.42,325.0,780.0,South,Consumer,2025,9,Sep
502371,2025-02-05,22174,1,1,0.0,118.77,122.16,122.16,South,Corporate,2025,2,Feb
502372,2025-07-27,20312,24,2,0.0,471.09,442.97,885.94,South,Small Business,2025,7,Jul
502373,2025-12-22,21284,19,4,0.0,495.95,460.15,1840.6,North,Small Business,2025,12,Dec
502374,2024-12-20,21690,18,2,0.15,376.89,352.15,598.66,East,Corporate,2024,12,Dec
502375,2025-12-26,21223,15,1,0.1,203.7,187.52,168.77,East,Small Business,2025,12,Dec
502376,2025-08-24,23615,20,2,0.1,187.69,195.25,351.45,South,Small Business,2025,8,Aug
502377,2025-04-04,22098,2,1,0.0,177.67,174.64,174.64,West,Small Business,2025,4,Apr
502378,2025-10-29,22721,10,1,0.05,452.53,433.22,411.56,Central,Consumer,2025,10,Oct
502379,2024-10-19,23191,18,3,0.1,376.89,384.31,1037.64,North,Small Business,2024,10,Oct
502380,2024-06-08,21474,28,2,0.2,297.74,316.28,506.05,Central,Small Business,2024,6,Jun
502381,2025-11-29,23284,7,1,0.05,208.23,192.96,183.31,Central,Consumer,2025,11,Nov
502382,2024-12-28,23911,21,2,0.0,301.42,287.67,575.34,West,Small Business,2024,12,Dec
502383,2025-05-15,21367,28,3,0.0,297.74,283.58,850.74,Central,Small Business,2025,5,May
502384,2025-09-18,23037,27,4,0.0,282.82,262.62,1050.48,South,Consumer,2025,9,Sep
502385,2024-04-23,22251,23,1,0.0,430.62,404.63,404.63,West,Small Business,2024,4,Apr
502386,2025-08-23,23910,24,4,0.0,471.09,458.19,1832.76,Central,Consumer,2025,8,Aug
502387,2025-05-25,22760,20,4,0.05,187.69,187.92,714.1,East,Small Business,2025,5,May
502388,2025-10-07,22335,15,1,0.0,203.7,196.31,196.31,West,Consumer,2025,10,Oct
502389,2024-06-04,23297,27,3,0.0,282.82,303.36,910.08,East,Corporate,2024,6,Jun
502390,2025-12-01,20033,21,3,0.0,301.42,283.37,850.11,East,Consumer,2025,12,Dec
502391,2024-04-04,23527,28,4,0.05,297.74,311.54,1183.85,Central,Small Business,2024,4,Apr
502392,2024-07-28,23888,5,4,0.0,310.91,316.04,1264.16,Central,Small Business,2024,7,Jul
502393,2025-01-12,23161,3,3,0.05,379.36,351.55,1001.92,South,Consumer,2025,1,Jan
502394,2025-03-03,23297,11,1,0.05,526.43,494.91,470.16,East,Corporate,2025,3,Mar
502395,2025-09-27,21420,5,3,0.0,310.91,306.24,918.72,West,Consumer,2025,9,Sep
502396,2024-04-26,22202,18,4,0.15,376.89,389.65,1324.81,Central,Small Business,2024,4,Apr
502397,2025-11-15,20629,27,3,0.2,282.82,300.29,720.7,West,Consumer,2025,11,Nov
502398,2025-01-19,20644,6,1,0.15,183.47,170.89,145.26,North,Consumer,2025,1,Jan
502399,2025-05-08,21859,26,4,0.15,173.18,177.96,605.06,West,Consumer,2025,5,May
502400,2024-02-23,23524,25,2,0.0,408.11,401.71,803.42,South,Consumer,2024,2,Feb
502401,2024-05-05,22336,2,4,0.0,177.67,189.07,756.28,Central,Small Business,2024,5,May
502402,2024-11-02,22550,12,3,0.0,119.8,121.1,363.3,Central,Consumer,2024,11,Nov
502403,2025-01-31,23845,15,2,0.0,203.7,206.74,413.48,East,Consumer,2025,1,Jan
502404,2025-01-15,20013,28,4,0.05,297.74,314.97,1196.89,East,Consumer,2025,1,Jan
502405,2024-04-26,20198,16,2,0.1,113.27,109.02,196.24,Central,Consumer,2024,4,Apr
502406,2025-05-23,21976,25,1,0.15,408.11,414.76,352.55,East,Small Business,2025,5,May
502407,2024-06-15,20699,13,4,0.0,509.47,486.87,1947.48,Central,Consumer,2024,6,Jun
502408,2024-06-06,23930,9,4,0.0,308.58,325.29,1301.16,Central,Consumer,2024,6,Jun
502409,2024-03-14,21250,24,1,0.1,471.09,501.36,451.22,West,Corporate,2024,3,Mar
502410,2025-10-03,22344,1,2,0.1,118.77,116.74,210.13,West,Consumer,2025,10,Oct
502411,2025-05-14,20005,15,3,0.15,203.7,217.86,555.54,West,Small Business,2025,5,May
502412,2024-01-21,22843,3,2,0.0,379.36,408.0,816.0,Central,Small Business,2024,1,Jan
502413,2024-04-05,23926,2,1,0.0,177.67,169.38,169.38,Central,Consumer,2024,4,Apr
502414,2025-03-25,22633,3,1,0.1,379.36,385.96,347.36,East,Consumer,2025,3,Mar
502415,2025-04-18,21849,5,4,0.1,310.91,299.38,1077.77,Central,Consumer,2025,4,Apr
502416,2025-10-29,22075,9,2,0.1,308.58,295.95,532.71,North,Consumer,2025,10,Oct
502417,2025-12-01,21760,29,1,0.15,538.73,530.75,451.14,West,Consumer,2025,12,Dec
502418,2025-09-24,22769,1,2,0.2,118.77,115.81,185.3,Central,Corporate,2025,9,Sep
502419,2025-09-10,20558,28,2,0.05,297.74,296.3,562.97,Central,Consumer,2025,9,Sep
502420,2025-01-18,20784,14,4,0.1,323.49,303.61,1093.0,South,Consumer,2025,1,Jan
502421,2025-11-23,22266,25,1,0.0,408.11,401.84,401.84,Central,Corporate,2025,11,Nov
502422,2024-04-14,21352,18,2,0.15,376.89,349.92,594.86,Central,Consumer,2024,4,Apr
502423,2025-03-12,23487,22,4,0.1,356.25,369.94,1331.78,East,Corporate,2025,3,Mar
502424,2024-03-12,23558,24,2,0.05,471.09,458.72,871.57,East,Small Business,2024,3,Mar
502425,2025-07-16,23764,21,2,0.0,301.42,296.14,592.28,Central,Small Business,2025,7,Jul
502426,2025-06-04,21080,27,1,0.1,282.82,272.84,245.56,Central,Corporate,2025,6,Jun
502427,2025-12-23,21215,29,4,0.1,538.73,514.17,1851.01,Central,Consumer,2025,12,Dec
502428,2024-04-01,21667,1,3,0.05,118.77,115.88,330.26,East,Consumer,2024,4,Apr
502429,2025-06-04,23149,7,3,0.05,208.23,192.81,549.51,South,Consumer,2025,6,Jun
502430,2024-02-13,20414,30,2,0.0,300.75,308.51,617.02,Central,Small Business,2024,2,Feb
502431,2024-03-03,22833,24,1,0.05,471.09,474.71,450.97,West,Consumer,2024,3,Mar
502432,2024-11-23,23722,18,4,0.0,376.89,368.14,1472.56,Central,Small Business,2024,11,Nov
502433,2025-11-29,23522,15,2,0.0,203.7,196.84,393.68,North,Consumer,2025,11,Nov
502434,2024-05-15,21078,20,1,0.0,187.69,196.86,196.86,East,Consumer,2024,5,May
502435,2024-08-15,21622,22,2,0.15,356.25,339.27,576.76,West,Small Business,2024,8,Aug
502436,2025-08-12,22324,7,3,0.05,208.23,192.04,547.31,Central,Small Business,2025,8,Aug
502437,2025-12-23,21240,26,2,0.05,173.18,163.56,310.76,East,Consumer,2025,12,Dec
502438,2025-01-31,21596,15,1,0.05,203.7,204.63,194.4,East,Consumer,2025,1,Jan
502439,2024-09-03,21435,23,1,0.0,430.62,456.54,456.54,Central,Consumer,2024,9,Sep
502440,2025-09-17,21387,11,1,0.0,526.43,538.97,538.97,East,Consumer,2025,9,Sep
502441,2025-01-05,21433,26,4,0.2,173.18,161.31,516.19,South,Consumer,2025,1,Jan
502442,2024-10-11,20673,13,4,0.0,509.47,532.03,2128.12,South,Consumer,2024,10,Oct
502443,2024-06-17,21872,14,3,0.05,323.49,311.13,886.72,North,Consumer,2024,6,Jun
502444,2025-11-04,23985,12,3,0.0,119.8,119.39,358.17,Central,Consumer,2025,11,Nov
502445,2024-11-20,21006,16,4,0.05,113.27,115.65,439.47,North,Consumer,2024,11,Nov
502446,2025-12-15,21157,5,3,0.15,310.91,311.06,793.2,South,Consumer,2025,12,Dec
502447,2024-05-21,20935,6,3,0.1,183.47,178.64,482.33,East,Consumer,2024,5,May
502448,2025-02-07,21586,10,1,0.1,452.53,422.44,380.2,East,Corporate,2025,2,Feb
502449,2024-11-07,20252,21,1,0.15,301.42,281.01,238.86,Central,Consumer,2024,11,Nov
502450,2024-05-16,20771,23,1,0.15,430.62,448.3,381.06,North,Small Business,2024,5,May
502451,2025-12-18,21147,20,4,0.1,187.69,177.98,640.73,South,Consumer,2025,12,Dec
502452,2024-02-09,22511,9,2,0.1,308.58,328.55,591.39,East,Consumer,2024,2,Feb
502453,2024-01-14,21380,5,1,0.2,310.91,290.45,232.36,East,Consumer,2024,1,Jan
502454,2025-11-02,20345,23,2,0.0,430.62,414.92,829.84,North,Corporate,2025,11,Nov
502455,2024-07-04,22134,20,1,0.05,187.69,188.64,179.21,Central,Consumer,2024,7,Jul
502456,2025-01-07,22652,14,1,0.0,323.49,321.93,321.93,Central,Corporate,2025,1,Jan
502457,2024-03-15,22543,14,1,0.0,323.49,331.84,331.84,North,Corporate,2024,3,Mar
502458,2024-05-27,22013,30,2,0.0,300.75,314.89,629.78,West,Consumer,2024,5,May
502459,2025-09-02,20873,19,1,0.05,495.95,507.34,481.97,Central,Consumer,2025,9,Sep
502460,2024-09-30,22590,11,2,0.1,526.43,501.73,903.11,West,Consumer,2024,9,Sep
502461,2025-09-07,23379,10,4,0.0,452.53,423.79,1695.16,North,Small Business,2025,9,Sep
502462,2025-11-11,20019,29,4,0.0,538.73,573.27,2293.08,South,Consumer,2025,11,Nov
502463,2025-12-12,22906,15,1,0.05,203.7,201.56,191.48,North,Small Business,2025,12,Dec
502464,2025-12-03,22694,2,3,0.0,177.67,183.4,550.2,North,Consumer,2025,12,Dec
502465,2024-10-31,21168,6,1,0.0,183.47,188.05,188.05,East,Consumer,2024,10,Oct
502466,2024-05-30,20183,3,3,0.0,379.36,377.26,1131.78,Central,Small Business,2024,5,May
502467,2025-07-07,22097,4,2,0.05,453.41,445.05,845.6,North,Consumer,2025,7,Jul
502468,2025-01-04,23670,8,2,0.0,289.09,296.35,592.7,East,Consumer,2025,1,Jan
502469,2024-04-20,23073,12,2,0.0,119.8,113.05,226.1,West,Small Business,2024,4,Apr
502470,2025-08-12,23174,27,1,0.0,282.82,290.34,290.34,Central,Consumer,2025,8,Aug
502471,2025-09-22,21604,24,1,0.05,471.09,486.15,461.84,Central,Small Business,2025,9,Sep
502472,2025-06-12,20496,22,2,0.0,356.25,356.07,712.14,Central,Consumer,2025,6,Jun
502473,2024-12-11,22225,29,2,0.05,538.73,559.13,1062.35,South,Consumer,2024,12,Dec
502474,2025-04-24,22226,9,3,0.0,308.58,297.78,893.34,West,Consumer,2025,4,Apr
502475,2024-04-12,22247,30,2,0.05,300.75,316.03,600.46,Central,Consumer,2024,4,Apr
502476,2025-08-28,23828,1,4,0.15,118.77,112.73,383.28,North,Consumer,2025,8,Aug
502477,2025-10-18,23065,1,2,0.05,118.77,119.99,227.98,Central,Consumer,2025,10,Oct
502478,2025-08-18,20971,25,4,0.15,408.11,422.05,1434.97,West,Small Business,2025,8,Aug
502479,2024-11-20,23101,14,2,0.15,323.49,328.15,557.85,Central,Consumer,2024,11,Nov
502480,2025-03-18,20291,26,3,0.05,173.18,159.49,454.55,Central,Consumer,2025,3,Mar
502481,2024-01-14,21536,4,3,0.0,453.41,431.95,1295.85,West,Consumer,2024,1,Jan
502482,2024-12-24,21691,8,4,0.0,289.09,272.66,1090.64,West,Consumer,2024,12,Dec
502483,2025-03-07,21566,26,4,0.0,173.18,162.72,650.88,South,Consumer,2025,3,Mar
502484,2025-08-21,20553,1,3,0.0,118.77,123.32,369.96,South,Small Business,2025,8,Aug
502485,2025-10-18,21088,28,3,0.0,297.74,312.14,936.42,South,Corporate,2025,10,Oct
502486,2025-07-12,23111,30,1,0.1,300.75,300.67,270.6,Central,Consumer,2025,7,Jul
502487,2024-04-30,20079,9,2,0.1,308.58,322.93,581.27,East,Consumer,2024,4,Apr
502488,2024-05-23,23649,12,3,0.05,119.8,119.44,340.4,Central,Consumer,2024,5,May
502489,2025-10-04,23309,7,4,0.0,208.23,192.82,771.28,West,Consumer,2025,10,Oct
502490,2025-01-03,21799,7,3,0.0,208.23,220.22,660.66,Central,Consumer,2025,1,Jan
502491,2025-08-12,20797,25,3,0.0,408.11,420.9,1262.7,Central,Consumer,2025,8,Aug
502492,2025-03-08,23992,30,1,0.0,300.75,280.06,280.06,Central,Small Business,2025,3,Mar
502493,2024-02-02,23834,21,2,0.15,301.42,316.88,538.7,Central,Consumer,2024,2,Feb
502494,2025-12-06,20761,23,4,0.1,430.62,460.69,1658.48,Central,Corporate,2025,12,Dec
502495,2025-10-02,23225,1,2,0.0,118.77,120.42,240.84,South,Consumer,2025,10,Oct
502496,2024-12-15,23672,6,3,0.05,183.47,186.98,532.89,North,Small Business,2024,12,Dec
502497,2024-07-16,23336,8,1,0.05,289.09,299.86,284.87,Central,Small Business,2024,7,Jul
502498,2024-07-18,21294,14,3,0.05,323.49,316.26,901.34,East,Consumer,2024,7,Jul
502499,2025-08-14,22475,8,2,0.05,289.09,279.67,531.37,East,Corporate,2025,8,Aug
502500,2024-05-20,23608,13,3,0.0,509.47,484.55,1453.65,North,Consumer,2024,5,May
502501,2025-03-06,22442,16,1,0.0,113.27,104.46,104.46,West,Consumer,2025,3,Mar
502502,2025-11-12,23618,12,3,0.2,119.8,114.66,275.18,South,Corporate,2025,11,Nov
502503,2025-01-15,20760,22,3,0.1,356.25,353.74,955.1,South,Consumer,2025,1,Jan
502504,2025-02-05,21396,21,3,0.0,301.42,300.14,900.42,Central,Consumer,2025,2,Feb
502505,2024-11-19,23864,12,4,0.05,119.8,128.77,489.33,South,Small Business,2024,11,Nov
502506,2024-07-02,20082,4,1,0.0,453.41,468.12,468.12,Central,Consumer,2024,7,Jul
502507,2024-07-09,23359,30,4,0.1,300.75,302.48,1088.93,East,Small Business,2024,7,Jul
502508,2024-11-04,21211,14,4,0.0,323.49,308.81,1235.24,North,Small Business,2024,11,Nov
502509,2024-12-01,20581,12,2,0.15,119.8,115.26,195.94,Central,Consumer,2024,12,Dec
502510,2024-01-22,21746,17,2,0.0,364.39,344.64,689.28,South,Small Business,2024,1,Jan
502511,2025-09-06,21630,22,4,0.1,356.25,339.49,1222.16,East,Corporate,2025,9,Sep
502512,2024-01-03,23936,19,3,0.0,495.95,481.47,1444.41,Central,Consumer,2024,1,Jan
502513,2024-06-18,21444,26,2,0.05,173.18,176.86,336.03,Central,Consumer,2024,6,Jun
502514,2024-09-07,22759,5,3,0.05,310.91,312.47,890.54,Central,Corporate,2024,9,Sep
502515,2025-11-15,21280,21,2,0.05,301.42,294.33,559.23,West,Consumer,2025,11,Nov
502516,2025-06-01,22540,25,4,0.0,408.11,428.83,1715.32,Central,Consumer,2025,6,Jun
502517,2024-04-28,23135,22,3,0.0,356.25,364.95,1094.85,North,Small Business,2024,4,Apr
502518,2025-06-19,22581,17,1,0.2,364.39,347.43,277.94,Central,Consumer,2025,6,Jun
502519,2024-12-30,22554,10,3,0.0,452.53,440.12,1320.36,Central,Small Business,2024,12,Dec
502520,2024-01-04,21586,29,2,0.05,538.73,546.0,1037.4,East,Corporate,2024,1,Jan
502521,2024-10-29,22905,23,2,0.15,430.62,455.2,773.84,South,Corporate,2024,10,Oct
502522,2025-05-14,22759,12,1,0.0,119.8,111.53,111.53,Central,Corporate,2025,5,May
502523,2024-12-23,21251,30,2,0.05,300.75,313.51,595.67,West,Consumer,2024,12,Dec
502524,2025-07-08,21119,28,2,0.1,297.74,285.55,513.99,Central,Corporate,2025,7,Jul
502525,2025-12-25,20204,13,4,0.05,509.47,514.87,1956.51,South,Consumer,2025,12,Dec
502526,2024-06-18,23010,3,3,0.0,379.36,365.84,1097.52,North,Corporate,2024,6,Jun
502527,2025-03-02,20066,7,3,0.15,208.23,193.96,494.6,Central,Consumer,2025,3,Mar
502528,2024-04-21,22608,30,2,0.1,300.75,278.35,501.03,Central,Consumer,2024,4,Apr
502529,2024-10-21,21656,29,2,0.0,538.73,540.25,1080.5,South,Consumer,2024,10,Oct
502530,2025-05-31,22986,24,3,0.0,471.09,496.22,1488.66,Central,Small Business,2025,5,May
502531,2024-12-13,20362,5,3,0.05,310.91,320.82,914.34,West,Small Business,2024,12,Dec
502532,2025-02-18,20606,14,3,0.2,323.49,346.69,832.06,East,Small Business,2025,2,Feb
502533,2024-12-16,23095,19,3,0.2,495.95,497.46,1193.9,East,Consumer,2024,12,Dec
502534,2024-10-17,22210,3,3,0.15,379.36,378.78,965.89,Central,Small Business,2024,10,Oct
502535,2025-06-26,23674,18,2,0.05,376.89,351.84,668.5,South,Consumer,2025,6,Jun
502536,2025-02-27,20767,25,4,0.05,408.11,418.94,1591.97,South,Consumer,2025,2,Feb
502537,2024-07-18,20090,25,1,0.05,408.11,420.86,399.82,North,Consumer,2024,7,Jul
502538,2025-08-15,21248,13,1,0.0,509.47,496.41,496.41,Central,Corporate,2025,8,Aug
502539,2025-06-29,20769,22,3,0.05,356.25,333.61,950.79,South,Consumer,2025,6,Jun
502540,2024-03-09,23168,19,3,0.0,495.95,493.6,1480.8,Central,Corporate,2024,3,Mar
502541,2025-04-12,22319,13,4,0.15,509.47,472.39,1606.13,South,Consumer,2025,4,Apr
502542,2025-01-09,21670,14,4,0.1,323.49,348.52,1254.67,Central,Consumer,2025,1,Jan
502543,2025-04-02,23849,24,4,0.0,471.09,496.68,1986.72,Central,Corporate,2025,4,Apr
502544,2024-07-21,20200,7,4,0.0,208.23,217.61,870.44,Central,Consumer,2024,7,Jul
502545,2024-03-01,23173,26,4,0.1,173.18,174.77,629.17,South,Consumer,2024,3,Mar
502546,2024-07-27,23569,3,2,0.15,379.36,353.55,601.04,South,Consumer,2024,7,Jul
502547,2025-01-13,20017,7,2,0.05,208.23,217.28,412.83,North,Consumer,2025,1,Jan
502548,2025-07-19,20430,30,2,0.15,300.75,281.02,477.73,North,Consumer,2025,7,Jul
502549,2024-08-28,20721,20,2,0.0,187.69,191.59,383.18,Central,Consumer,2024,8,Aug
502550,2025-04-19,21990,8,1,0.0,289.09,296.17,296.17,Central,Small Business,2025,4,Apr
502551,2025-05-18,21673,3,1,0.15,379.36,372.07,316.26,North,Consumer,2025,5,May
502552,2025-10-10,21902,14,2,0.0,323.49,309.12,618.24,Central,Consumer,2025,10,Oct
502553,2025-07-13,23118,27,3,0.0,282.82,281.33,843.99,West,Corporate,2025,7,Jul
502554,2024-09-24,21597,18,2,0.0,376.89,399.1,798.2,West,Consumer,2024,9,Sep
502555,2024-11-22,23990,2,3,0.05,177.67,169.65,483.5,South,Consumer,2024,11,Nov
502556,2025-01-04,20021,24,3,0.0,471.09,442.53,1327.59,Central,Consumer,2025,1,Jan
502557,2024-08-23,20720,15,1,0.0,203.7,219.01,219.01,East,Consumer,2024,8,Aug
502558,2024-04-15,21017,9,1,0.0,308.58,292.48,292.48,Central,Corporate,2024,4,Apr
502559,2025-02-13,20431,16,1,0.05,113.27,108.83,103.39,South,Corporate,2025,2,Feb
502560,2025-09-15,20623,24,1,0.15,471.09,498.29,423.55,North,Consumer,2025,9,Sep
502561,2024-12-10,20405,23,1,0.2,430.62,431.81,345.45,Central,Consumer,2024,12,Dec
502562,2025-03-28,20655,4,4,0.05,453.41,460.5,1749.9,West,Consumer,2025,3,Mar
502563,2025-04-11,21607,7,4,0.0,208.23,213.7,854.8,South,Consumer,2025,4,Apr
502564,2025-10-27,20506,25,4,0.1,408.11,394.99,1421.96,Central,Consumer,2025,10,Oct
502565,2025-02-26,21941,10,1,0.0,452.53,428.13,428.13,South,Small Business,2025,2,Feb
502566,2025-04-07,23297,28,1,0.0,297.74,294.25,294.25,East,Corporate,2025,4,Apr
502567,2025-10-29,21980,4,4,0.15,453.41,488.54,1661.04,West,Consumer,2025,10,Oct
502568,2024-04-08,20404,28,3,0.0,297.74,283.66,850.98,Central,Small Business,2024,4,Apr
502569,2024-04-21,22101,15,2,0.0,203.7,219.45,438.9,West,Consumer,2024,4,Apr
502570,2025-02-15,21333,2,4,0.0,177.67,174.91,699.64,North,Consumer,2025,2,Feb
502571,2025-09-22,23341,4,1,0.0,453.41,442.59,442.59,East,Corporate,2025,9,Sep
502572,2025-11-25,22320,15,2,0.1,203.7,190.92,343.66,Central,Small Business,2025,11,Nov
502573,2024-10-27,21025,3,3,0.2,379.36,352.72,846.53,North,Small Business,2024,10,Oct
502574,2024-05-02,20164,27,3,0.05,282.82,263.16,750.01,Central,Small Business,2024,5,May
502575,2025-05-28,21731,1,3,0.15,118.77,124.28,316.91,Central,Consumer,2025,5,May
502576,2024-08-27,22101,24,2,0.1,471.09,501.48,902.66,West,Consumer,2024,8,Aug
502577,2024-05-19,20258,27,4,0.0,282.82,293.3,1173.2,Central,Small Business,2024,5,May
502578,2025-04-17,21856,27,2,0.15,282.82,293.06,498.2,Central,Consumer,2025,4,Apr
502579,2025-08-21,22985,6,3,0.1,183.47,180.18,486.49,West,Consumer,2025,8,Aug
502580,2025-02-20,23433,22,2,0.0,356.25,342.58,685.16,Central,Corporate,2025,2,Feb
502581,2024-08-31,22884,22,3,0.05,356.25,351.76,1002.52,East,Consumer,2024,8,Aug
502582,2024-05-13,20465,26,3,0.0,173.18,169.73,509.19,North,Small Business,2024,5,May
502583,2025-11-09,21087,23,3,0.0,430.62,400.07,1200.21,West,Small Business,2025,11,Nov
502584,2024-04-27,20234,2,3,0.0,177.67,169.72,509.16,North,Consumer,2024,4,Apr
502585,2025-04-19,22202,20,3,0.1,187.69,174.87,472.15,Central,Small Business,2025,4,Apr
502586,2024-04-17,20589,6,2,0.0,183.47,184.62,369.24,Central,Consumer,2024,4,Apr
502587,2024-12-29,20337,3,4,0.05,379.36,395.26,1501.99,North,Consumer,2024,12,Dec
502588,2025-01-26,21906,22,2,0.05,356.25,356.64,677.62,East,Small Business,2025,1,Jan
502589,2025-08-28,22737,13,1,0.05,509.47,515.58,489.8,Central,Consumer,2025,8,Aug
502590,2025-10-28,20420,25,4,0.1,408.11,431.52,1553.47,South,Consumer,2025,10,Oct
502591,2025-10-03,20766,22,1,0.0,356.25,370.34,370.34,East,Consumer,2025,10,Oct
502592,2025-01-01,22463,6,4,0.2,183.47,190.61,609.95,North,Consumer,2025,1,Jan
502593,2025-01-12,22173,11,1,0.05,526.43,535.88,509.09,West,Consumer,2025,1,Jan
502594,2024-10-26,23174,25,1,0.1,408.11,402.94,362.65,Central,Consumer,2024,10,Oct
502595,2024-06-04,20272,17,4,0.15,364.39,338.26,1150.08,South,Consumer,2024,6,Jun
502596,2024-06-02,22223,7,3,0.0,208.23,223.24,669.72,South,Consumer,2024,6,Jun
502597,2024-04-24,21913,22,3,0.2,356.25,359.05,861.72,East,Consumer,2024,4,Apr
502598,2025-10-09,21434,20,3,0.05,187.69,175.86,501.2,East,Consumer,2025,10,Oct
502599,2025-06-16,22617,27,4,0.0,282.82,265.19,1060.76,South,Small Business,2025,6,Jun
502600,2025-12-22,21787,16,3,0.05,113.27,117.0,333.45,Central,Consumer,2025,12,Dec
502601,2024-08-26,23771,25,1,0.0,408.11,380.17,380.17,Central,Consumer,2024,8,Aug
502602,2025-06-03,20970,24,3,0.1,471.09,437.37,1180.9,Central,Corporate,2025,6,Jun
502603,2024-01-26,23134,7,3,0.1,208.23,212.64,574.13,North,Small Business,2024,1,Jan
502604,2025-01-11,23409,13,2,0.0,509.47,521.7,1043.4,East,Consumer,2025,1,Jan
502605,2024-10-20,23759,15,2,0.1,203.7,204.66,368.39,South,Consumer,2024,10,Oct
502606,2025-10-29,21295,7,4,0.0,208.23,211.12,844.48,East,Consumer,2025,10,Oct
502607,2024-11-21,21526,18,1,0.0,376.89,398.26,398.26,East,Small Business,2024,11,Nov
502608,2025-01-18,23435,25,3,0.05,408.11,394.54,1124.44,Central,Consumer,2025,1,Jan
502609,2025-09-28,22829,3,4,0.0,379.36,358.15,1432.6,West,Consumer,2025,9,Sep
502610,2024-09-09,23864,28,3,0.1,297.74,312.13,842.75,South,Small Business,2024,9,Sep
502611,2025-10-29,21358,25,1,0.0,408.11,397.46,397.46,South,Corporate,2025,10,Oct
502612,2024-05-16,21023,19,4,0.1,495.95,467.59,1683.32,North,Consumer,2024,5,May
502613,2025-09-07,22690,27,3,0.0,282.82,295.35,886.05,Central,Consumer,2025,9,Sep
502614,2024-04-10,23432,26,2,0.05,173.18,176.79,335.9,Central,Consumer,2024,4,Apr
502615,2025-02-11,23696,29,1,0.05,538.73,567.34,538.97,Central,Corporate,2025,2,Feb
502616,2024-11-24,23346,1,1,0.0,118.77,118.42,118.42,Central,Corporate,2024,11,Nov
502617,2024-03-28,23900,28,2,0.05,297.74,299.69,569.41,North,Consumer,2024,3,Mar
502618,2024-10-11,22446,17,1,0.1,364.39,366.51,329.86,West,Small Business,2024,10,Oct
502619,2024-03-26,20012,25,1,0.15,408.11,438.96,373.12,Central,Corporate,2024,3,Mar
502620,2024-05-31,23336,12,3,0.1,119.8,116.87,315.55,Central,Small Business,2024,5,May
502621,2025-06-20,21144,14,4,0.1,323.49,301.29,1084.64,Central,Consumer,2025,6,Jun
502622,2025-01-06,21703,22,2,0.15,356.25,335.43,570.23,Central,Consumer,2025,1,Jan
502623,2025-05-05,22897,13,4,0.15,509.47,482.87,1641.76,North,Consumer,2025,5,May
502624,2025-06-16,22412,10,4,0.05,452.53,418.01,1588.44,West,Small Business,2025,6,Jun
502625,2025-05-31,22601,4,1,0.0,453.41,420.0,420.0,East,Small Business,2025,5,May
502626,2025-03-26,21623,1,1,0.05,118.77,111.29,105.73,South,Consumer,2025,3,Mar
502627,2025-01-25,21076,27,2,0.0,282.82,298.51,597.02,South,Consumer,2025,1,Jan
502628,2025-07-19,23996,15,1,0.2,203.7,195.14,156.11,Central,Consumer,2025,7,Jul
502629,2025-10-03,22723,9,1,0.1,308.58,326.35,293.72,Central,Consumer,2025,10,Oct
502630,2025-08-14,22128,18,4,0.05,376.89,356.18,1353.48,South,Consumer,2025,8,Aug
502631,2024-11-12,21242,30,1,0.0,300.75,321.53,321.53,Central,Consumer,2024,11,Nov
502632,2024-04-09,20949,21,4,0.0,301.42,320.96,1283.84,West,Consumer,2024,4,Apr
502633,2024-08-31,22573,16,1,0.0,113.27,120.53,120.53,West,Small Business,2024,8,Aug
502634,2025-12-26,22681,25,4,0.05,408.11,414.27,1574.23,Central,Small Business,2025,12,Dec
502635,2025-05-19,23151,1,1,0.05,118.77,115.63,109.85,Central,Consumer,2025,5,May
502636,2024-04-29,23033,30,2,0.05,300.75,307.89,584.99,Central,Consumer,2024,4,Apr
502637,2024-09-25,22099,22,1,0.0,356.25,340.82,340.82,East,Consumer,2024,9,Sep
502638,2025-06-23,23446,23,4,0.05,430.62,403.87,1534.71,North,Consumer,2025,6,Jun
502639,2025-11-11,22440,8,1,0.15,289.09,305.68,259.83,North,Small Business,2025,11,Nov
502640,2025-02-20,20051,10,1,0.0,452.53,426.77,426.77,East,Consumer,2025,2,Feb
502641,2025-10-03,20449,19,4,0.0,495.95,478.09,1912.36,South,Small Business,2025,10,Oct
502642,2025-01-13,22990,29,3,0.05,538.73,570.35,1625.5,North,Consumer,2025,1,Jan
502643,2025-08-02,23541,8,4,0.0,289.09,303.64,1214.56,West,Consumer,2025,8,Aug
502644,2025-10-21,22123,21,1,0.05,301.42,307.29,291.93,South,Consumer,2025,10,Oct
502645,2025-03-05,23808,10,3,0.0,452.53,441.86,1325.58,Central,Consumer,2025,3,Mar
502646,2025-07-31,22906,27,2,0.2,282.82,262.55,420.08,North,Small Business,2025,7,Jul
502647,2024-05-23,23210,18,1,0.1,376.89,395.09,355.58,West,Consumer,2024,5,May
502648,2024-02-11,22110,13,2,0.0,509.47,476.96,953.92,West,Consumer,2024,2,Feb
502649,2024-12-24,22756,30,3,0.15,300.75,298.19,760.38,South,Corporate,2024,12,Dec
502650,2025-04-03,21319,5,1,0.1,310.91,334.95,301.46,West,Consumer,2025,4,Apr
502651,2024-08-16,23668,13,4,0.0,509.47,518.88,2075.52,Central,Consumer,2024,8,Aug
502652,2024-12-27,20141,21,3,0.15,301.42,278.89,711.17,West,Consumer,2024,12,Dec
502653,2024-11-17,20093,13,4,0.0,509.47,469.31,1877.24,South,Consumer,2024,11,Nov
502654,2024-10-29,21282,5,2,0.2,310.91,324.43,519.09,West,Small Business,2024,10,Oct
502655,2025-07-09,20840,9,2,0.0,308.58,304.09,608.18,West,Small Business,2025,7,Jul
502656,2024-01-25,22624,27,3,0.0,282.82,274.06,822.18,West,Corporate,2024,1,Jan
502657,2024-05-27,22884,6,1,0.05,183.47,183.89,174.7,East,Consumer,2024,5,May
502658,2025-10-03,20039,20,2,0.05,187.69,182.83,347.38,Central,Small Business,2025,10,Oct
502659,2025-10-18,20857,5,1,0.0,310.91,323.51,323.51,Central,Consumer,2025,10,Oct
502660,2024-08-27,23686,14,1,0.15,323.49,332.92,282.98,North,Consumer,2024,8,Aug
502661,2024-12-06,22574,13,4,0.0,509.47,492.66,1970.64,North,Consumer,2024,12,Dec
502662,2025-12-31,21598,4,4,0.0,453.41,485.34,1941.36,Central,Corporate,2025,12,Dec
502663,2024-11-26,21529,24,4,0.0,471.09,506.97,2027.88,Central,Consumer,2024,11,Nov
502664,2025-08-18,20252,9,4,0.0,308.58,312.07,1248.28,Central,Consumer,2025,8,Aug
502665,2024-03-22,21728,18,3,0.0,376.89,363.08,1089.24,East,Small Business,2024,3,Mar
502666,2025-08-09,23528,9,3,0.0,308.58,310.55,931.65,West,Consumer,2025,8,Aug
502667,2025-01-07,22173,13,1,0.0,509.47,528.66,528.66,West,Consumer,2025,1,Jan
502668,2025-03-09,20723,2,3,0.0,177.67,186.14,558.42,South,Small Business,2025,3,Mar
502669,2024-08-25,23920,8,2,0.05,289.09,305.16,579.8,Central,Consumer,2024,8,Aug
502670,2025-08-29,20234,5,2,0.0,310.91,324.17,648.34,North,Consumer,2025,8,Aug
502671,2024-08-06,20068,20,4,0.15,187.69,196.37,667.66,Central,Consumer,2024,8,Aug
502672,2024-07-02,20314,19,3,0.0,495.95,485.39,1456.17,South,Consumer,2024,7,Jul
502673,2024-10-27,20402,7,3,0.05,208.23,203.5,579.98,Central,Small Business,2024,10,Oct
502674,2025-03-09,22113,2,4,0.1,177.67,178.07,641.05,Central,Consumer,2025,3,Mar
502675,2024-01-27,23302,11,1,0.1,526.43,555.68,500.11,Central,Corporate,2024,1,Jan
502676,2025-03-02,21144,15,4,0.0,203.7,202.83,811.32,Central,Consumer,2025,3,Mar
502677,2024-07-17,22674,2,4,0.0,177.67,179.65,718.6,Central,Consumer,2024,7,Jul
502678,2024-11-10,23368,18,2,0.1,376.89,366.44,659.59,West,Consumer,2024,11,Nov
502679,2024-06-11,22474,14,2,0.15,323.49,306.51,521.07,North,Small Business,2024,6,Jun
502680,2025-02-18,22183,8,1,0.1,289.09,307.38,276.64,North,Consumer,2025,2,Feb
502681,2024-02-28,20213,13,2,0.0,509.47,489.43,978.86,West,Corporate,2024,2,Feb
502682,2025-07-06,21113,30,3,0.05,300.75,302.11,861.01,Central,Consumer,2025,7,Jul
502683,2024-06-26,23607,29,3,0.1,538.73,579.92,1565.78,South,Consumer,2024,6,Jun
502684,2024-05-16,22338,14,2,0.05,323.49,324.04,615.68,East,Small Business,2024,5,May
502685,2024-01-15,21826,27,2,0.15,282.82,279.07,474.42,Central,Small Business,2024,1,Jan
502686,2025-12-14,23777,23,2,0.0,430.62,416.06,832.12,North,Consumer,2025,12,Dec
502687,2025-06-04,22655,9,1,0.15,308.58,298.27,253.53,East,Consumer,2025,6,Jun
502688,2024-12-08,23450,7,4,0.1,208.23,219.25,789.3,Central,Consumer,2024,12,Dec
502689,2024-08-14,20501,3,2,0.15,379.36,377.3,641.41,Central,Consumer,2024,8,Aug
502690,2025-05-21,20546,2,3,0.2,177.67,171.1,410.64,North,Small Business,2025,5,May
502691,2024-12-05,23537,14,4,0.0,323.49,338.14,1352.56,West,Small Business,2024,12,Dec
502692,2025-10-24,23488,3,3,0.1,379.36,387.52,1046.3,Central,Small Business,2025,10,Oct
502693,2025-06-24,21280,22,2,0.0,356.25,359.46,718.92,West,Consumer,2025,6,Jun
502694,2025-12-09,21465,9,2,0.0,308.58,298.77,597.54,Central,Consumer,2025,12,Dec
502695,2025-09-25,20991,7,4,0.05,208.23,192.64,732.03,Central,Consumer,2025,9,Sep
502696,2025-03-04,21538,10,2,0.05,452.53,452.01,858.82,West,Consumer,2025,3,Mar
502697,2024-01-20,20087,16,1,0.0,113.27,115.95,115.95,South,Corporate,2024,1,Jan
502698,2025-12-02,22017,6,4,0.2,183.47,177.96,569.47,North,Consumer,2025,12,Dec
502699,2024-06-29,23008,10,3,0.15,452.53,454.58,1159.18,Central,Corporate,2024,6,Jun
502700,2025-02-24,23073,11,2,0.2,526.43,545.43,872.69,West,Small Business,2025,2,Feb
502701,2025-07-12,22061,29,1,0.0,538.73,514.62,514.62,Central,Consumer,2025,7,Jul
502702,2024-07-05,21691,4,4,0.05,453.41,439.92,1671.7,West,Consumer,2024,7,Jul
502703,2025-07-17,20508,5,1,0.15,310.91,327.03,277.98,Central,Consumer,2025,7,Jul
502704,2025-02-07,22645,27,1,0.05,282.82,278.55,264.62,East,Consumer,2025,2,Feb
502705,2025-11-05,21825,22,1,0.1,356.25,370.78,333.7,North,Small Business,2025,11,Nov
502706,2024-03-27,20681,10,4,0.0,452.53,475.0,1900.0,East,Small Business,2024,3,Mar
502707,2024-07-23,21980,3,4,0.05,379.36,354.08,1345.5,West,Consumer,2024,7,Jul
502708,2025-06-14,21181,22,2,0.15,356.25,366.17,622.49,South,Small Business,2025,6,Jun
502709,2025-10-11,20336,19,3,0.1,495.95,482.93,1303.91,West,Consumer,2025,10,Oct
502710,2024-06-20,23792,28,2,0.0,297.74,313.82,627.64,West,Small Business,2024,6,Jun
502711,2025-06-11,23407,2,2,0.1,177.67,168.57,303.43,North,Consumer,2025,6,Jun
502712,2024-10-30,21681,29,4,0.0,538.73,571.85,2287.4,South,Consumer,2024,10,Oct
502713,2025-09-27,23633,17,4,0.05,364.39,342.05,1299.79,South,Consumer,2025,9,Sep
502714,2024-10-02,22906,17,1,0.0,364.39,383.95,383.95,North,Small Business,2024,10,Oct
502715,2025-11-27,21636,24,3,0.15,471.09,453.98,1157.65,Central,Consumer,2025,11,Nov
502716,2024-06-21,20319,10,1,0.15,452.53,420.65,357.55,South,Consumer,2024,6,Jun
502717,2025-12-27,23947,17,1,0.15,364.39,348.34,296.09,East,Consumer,2025,12,Dec
502718,2025-06-10,20122,28,1,0.05,297.74,285.57,271.29,Central,Consumer,2025,6,Jun
502719,2024-06-08,23705,17,2,0.05,364.39,358.12,680.43,South,Consumer,2024,6,Jun
502720,2024-08-21,20211,30,1,0.0,300.75,294.61,294.61,North,Corporate,2024,8,Aug
502721,2024-02-19,23287,3,1,0.05,379.36,367.2,348.84,East,Consumer,2024,2,Feb
502722,2025-11-19,22806,23,4,0.2,430.62,459.06,1468.99,Central,Small Business,2025,11,Nov
502723,2024-04-22,23079,29,2,0.15,538.73,558.56,949.55,South,Corporate,2024,4,Apr
502724,2024-01-05,20227,18,1,0.0,376.89,363.03,363.03,East,Small Business,2024,1,Jan
502725,2025-03-05,23644,1,2,0.0,118.77,115.07,230.14,East,Small Business,2025,3,Mar
502726,2024-11-27,22409,5,4,0.0,310.91,325.93,1303.72,North,Corporate,2024,11,Nov
502727,2025-05-06,23435,9,3,0.1,308.58,284.11,767.1,Central,Consumer,2025,5,May
502728,2024-12-05,21003,19,4,0.05,495.95,515.26,1957.99,Central,Consumer,2024,12,Dec
502729,2024-06-02,21959,25,1,0.0,408.11,408.64,408.64,Central,Small Business,2024,6,Jun
502730,2025-03-03,20562,8,1,0.05,289.09,306.13,290.82,West,Consumer,2025,3,Mar
502731,2025-09-17,22737,5,2,0.0,310.91,334.25,668.5,Central,Consumer,2025,9,Sep
502732,2024-03-28,22771,6,2,0.05,183.47,170.9,324.71,North,Corporate,2024,3,Mar
502733,2024-07-18,20480,8,4,0.0,289.09,283.15,1132.6,North,Consumer,2024,7,Jul
502734,2025-09-21,22176,13,4,0.1,509.47,496.96,1789.06,North,Consumer,2025,9,Sep
502735,2025-11-03,22423,24,4,0.05,471.09,497.05,1888.79,West,Small Business,2025,11,Nov
502736,2024-06-11,23565,12,3,0.05,119.8,123.11,350.86,Central,Consumer,2024,6,Jun
502737,2025-08-14,20421,24,3,0.0,471.09,499.3,1497.9,South,Consumer,2025,8,Aug
502738,2024-10-06,22909,16,4,0.15,113.27,109.84,373.46,Central,Corporate,2024,10,Oct
502739,2025-06-08,22471,21,4,0.0,301.42,284.08,1136.32,West,Consumer,2025,6,Jun
502740,2025-02-16,21291,12,4,0.0,119.8,123.24,492.96,Central,Consumer,2025,2,Feb
502741,2024-10-29,20773,25,2,0.0,408.11,391.97,783.94,East,Corporate,2024,10,Oct
502742,2024-01-04,20507,2,1,0.0,177.67,187.3,187.3,Central,Consumer,2024,1,Jan
502743,2024-09-21,20404,12,3,0.05,119.8,124.39,354.51,Central,Small Business,2024,9,Sep
502744,2025-03-31,22549,15,3,0.0,203.7,200.91,602.73,East,Consumer,2025,3,Mar
502745,2025-07-14,22862,25,1,0.0,408.11,387.56,387.56,North,Consumer,2025,7,Jul
502746,2024-05-28,21390,10,1,0.1,452.53,440.75,396.68,North,Consumer,2024,5,May
502747,2024-05-23,23710,7,4,0.1,208.23,210.18,756.65,North,Consumer,2024,5,May
502748,2025-07-09,20663,18,4,0.0,376.89,374.95,1499.8,South,Consumer,2025,7,Jul
502749,2024-06-30,20572,16,4,0.1,113.27,114.9,413.64,East,Consumer,2024,6,Jun
502750,2024-07-29,22293,13,2,0.0,509.47,545.61,1091.22,West,Consumer,2024,7,Jul
502751,2024-10-30,22927,17,1,0.1,364.39,389.65,350.68,Central,Consumer,2024,10,Oct
502752,2025-03-15,22647,13,2,0.0,509.47,515.34,1030.68,West,Consumer,2025,3,Mar
502753,2024-08-28,23929,5,4,0.15,310.91,299.91,1019.69,Central,Consumer,2024,8,Aug
502754,2024-12-31,21143,26,1,0.15,173.18,162.98,138.53,West,Corporate,2024,12,Dec
502755,2025-12-03,21493,5,2,0.0,310.91,288.58,577.16,West,Consumer,2025,12,Dec
502756,2025-10-06,22887,23,3,0.05,430.62,408.08,1163.03,Central,Small Business,2025,10,Oct
502757,2024-12-05,21007,6,4,0.05,183.47,183.6,697.68,North,Consumer,2024,12,Dec
502758,2024-09-17,20273,24,4,0.05,471.09,439.58,1670.4,West,Consumer,2024,9,Sep
502759,2024-10-15,22912,7,1,0.05,208.23,194.32,184.6,Central,Consumer,2024,10,Oct
502760,2025-01-02,22919,20,1,0.05,187.69,191.45,181.88,North,Consumer,2025,1,Jan
502761,2024-10-19,20820,30,3,0.0,300.75,285.67,857.01,West,Consumer,2024,10,Oct
502762,2025-01-26,20423,27,4,0.05,282.82,278.5,1058.3,West,Consumer,2025,1,Jan
502763,2025-02-13,20346,7,2,0.0,208.23,200.57,401.14,South,Consumer,2025,2,Feb
502764,2024-03-21,22763,19,1,0.15,495.95,492.24,418.4,Central,Small Business,2024,3,Mar
502765,2025-03-11,20250,10,4,0.15,452.53,475.45,1616.53,Central,Small Business,2025,3,Mar
502766,2025-01-31,21741,1,4,0.1,118.77,125.06,450.22,Central,Consumer,2025,1,Jan
502767,2025-11-06,20078,29,2,0.05,538.73,496.35,943.06,Central,Consumer,2025,11,Nov
502768,2024-12-23,20608,16,1,0.05,113.27,109.0,103.55,Central,Small Business,2024,12,Dec
502769,2024-11-04,23516,14,1,0.0,323.49,329.87,329.87,East,Consumer,2024,11,Nov
502770,2024-05-04,20085,18,1,0.0,376.89,376.52,376.52,Central,Consumer,2024,5,May
502771,2024-04-05,23613,6,1,0.05,183.47,197.09,187.24,North,Consumer,2024,4,Apr
502772,2025-03-30,23382,27,1,0.0,282.82,276.94,276.94,South,Consumer,2025,3,Mar
502773,2024-10-26,22640,13,2,0.0,509.47,519.29,1038.58,North,Consumer,2024,10,Oct
502774,2025-01-08,23519,16,1,0.05,113.27,111.95,106.35,North,Small Business,2025,1,Jan
502775,2024-07-17,23171,29,1,0.05,538.73,542.98,515.83,West,Small Business,2024,7,Jul
502776,2024-04-13,21481,8,4,0.05,289.09,271.46,1031.55,South,Consumer,2024,4,Apr
502777,2025-12-08,21826,27,3,0.0,282.82,282.56,847.68,Central,Small Business,2025,12,Dec
502778,2025-04-04,22638,14,3,0.0,323.49,315.59,946.77,South,Corporate,2025,4,Apr
502779,2025-02-07,23263,4,2,0.1,453.41,432.21,777.98,South,Consumer,2025,2,Feb
502780,2024-12-09,23479,13,4,0.1,509.47,503.71,1813.36,North,Corporate,2024,12,Dec
502781,2024-01-30,21151,14,4,0.1,323.49,336.05,1209.78,Central,Small Business,2024,1,Jan
502782,2025-10-23,20359,17,1,0.1,364.39,393.46,354.11,Central,Small Business,2025,10,Oct
502783,2025-03-26,22034,17,1,0.0,364.39,385.12,385.12,South,Consumer,2025,3,Mar
502784,2025-01-28,22024,8,1,0.0,289.09,310.98,310.98,South,Corporate,2025,1,Jan
502785,2025-12-11,23520,27,3,0.05,282.82,273.5,779.47,Central,Corporate,2025,12,Dec
502786,2024-06-27,21700,10,1,0.2,452.53,466.7,373.36,Central,Consumer,2024,6,Jun
502787,2024-05-26,21271,21,2,0.0,301.42,315.47,630.94,West,Consumer,2024,5,May
502788,2025-06-25,20863,29,4,0.05,538.73,516.55,1962.89,Central,Small Business,2025,6,Jun
502789,2025-10-16,20302,5,3,0.0,310.91,317.41,952.23,East,Corporate,2025,10,Oct
502790,2024-11-05,21004,15,2,0.0,203.7,192.12,384.24,Central,Small Business,2024,11,Nov
502791,2024-04-28,21482,4,4,0.1,453.41,485.86,1749.1,Central,Small Business,2024,4,Apr
502792,2025-09-02,23672,26,3,0.1,173.18,185.59,501.09,North,Small Business,2025,9,Sep
502793,2024-04-27,23047,25,4,0.05,408.11,385.67,1465.55,East,Small Business,2024,4,Apr
502794,2024-11-25,22780,29,2,0.0,538.73,555.39,1110.78,East,Small Business,2024,11,Nov
502795,2024-10-20,20084,28,3,0.0,297.74,320.42,961.26,South,Corporate,2024,10,Oct
502796,2024-06-03,22499,25,3,0.05,408.11,380.25,1083.71,East,Consumer,2024,6,Jun
502797,2025-11-26,20308,11,2,0.15,526.43,550.76,936.29,Central,Small Business,2025,11,Nov
502798,2024-12-30,22590,12,3,0.05,119.8,119.88,341.66,West,Consumer,2024,12,Dec
502799,2025-03-24,21624,2,2,0.05,177.67,173.05,328.8,East,Consumer,2025,3,Mar
502800,2024-03-16,21653,6,1,0.2,183.47,179.13,143.3,West,Consumer,2024,3,Mar
502801,2025-08-30,21488,14,3,0.0,323.49,316.34,949.02,Central,Corporate,2025,8,Aug
502802,2024-10-15,23151,25,4,0.05,408.11,387.79,1473.6,Central,Consumer,2024,10,Oct
502803,2024-03-28,20124,27,4,0.1,282.82,261.46,941.26,South,Consumer,2024,3,Mar
502804,2025-02-17,22984,19,2,0.2,495.95,499.88,799.81,South,Consumer,2025,2,Feb
502805,2025-03-10,21158,6,3,0.1,183.47,183.41,495.21,West,Consumer,2025,3,Mar
502806,2025-03-27,21746,10,1,0.05,452.53,467.68,444.3,South,Small Business,2025,3,Mar
502807,2025-07-28,22689,7,3,0.05,208.23,204.88,583.91,East,Small Business,2025,7,Jul
502808,2024-10-02,20587,25,4,0.1,408.11,433.15,1559.34,East,Consumer,2024,10,Oct
502809,2024-08-28,20631,26,4,0.0,173.18,179.63,718.52,Central,Consumer,2024,8,Aug
502810,2024-04-24,20390,18,4,0.1,376.89,385.55,1387.98,Central,Consumer,2024,4,Apr
502811,2025-12-10,20895,12,3,0.05,119.8,119.41,340.32,North,Consumer,2025,12,Dec
502812,2024-08-22,23180,24,2,0.0,471.09,444.97,889.94,East,Consumer,2024,8,Aug
502813,2025-11-30,20516,25,1,0.05,408.11,378.83,359.89,West,Consumer,2025,11,Nov
502814,2025-01-07,22812,16,2,0.15,113.27,117.0,198.9,Central,Consumer,2025,1,Jan
502815,2025-11-23,22064,24,2,0.05,471.09,440.94,837.79,East,Consumer,2025,11,Nov
502816,2025-02-03,21800,19,1,0.15,495.95,464.87,395.14,South,Consumer,2025,2,Feb
502817,2025-11-20,23259,28,3,0.15,297.74,288.2,734.91,North,Consumer,2025,11,Nov
502818,2025-09-06,20545,11,1,0.1,526.43,561.65,505.48,East,Small Business,2025,9,Sep
502819,2024-02-12,20180,6,1,0.0,183.47,188.97,188.97,Central,Consumer,2024,2,Feb
502820,2024-02-08,23094,11,1,0.15,526.43,543.48,461.96,Central,Consumer,2024,2,Feb
502821,2024-04-21,20520,7,1,0.1,208.23,216.93,195.24,North,Small Business,2024,4,Apr
502822,2025-01-27,21437,22,4,0.0,356.25,372.78,1491.12,South,Consumer,2025,1,Jan
502823,2024-04-24,22810,5,4,0.05,310.91,335.54,1275.05,West,Consumer,2024,4,Apr
502824,2024-05-15,23107,12,4,0.0,119.8,111.84,447.36,West,Consumer,2024,5,May
502825,2024-06-19,22775,1,4,0.15,118.77,111.3,378.42,West,Small Business,2024,6,Jun
502826,2025-10-07,22797,13,4,0.15,509.47,547.84,1862.66,South,Consumer,2025,10,Oct
502827,2024-08-09,21517,22,2,0.0,356.25,354.53,709.06,East,Consumer,2024,8,Aug
502828,2025-05-16,23721,9,4,0.1,308.58,328.32,1181.95,Central,Consumer,2025,5,May
502829,2024-09-19,20918,26,4,0.05,173.18,174.32,662.42,East,Consumer,2024,9,Sep
502830,2024-07-16,20272,24,3,0.0,471.09,485.71,1457.13,South,Consumer,2024,7,Jul
502831,2024-04-10,23392,3,2,0.1,379.36,381.42,686.56,North,Consumer,2024,4,Apr
502832,2025-02-28,22574,25,2,0.1,408.11,436.7,786.06,North,Consumer,2025,2,Feb
502833,2025-02-09,22102,14,1,0.05,323.49,303.46,288.29,West,Consumer,2025,2,Feb
502834,2025-09-24,23171,5,2,0.0,310.91,290.31,580.62,West,Small Business,2025,9,Sep
502835,2025-09-09,22917,22,1,0.2,356.25,378.11,302.49,South,Consumer,2025,9,Sep
502836,2024-04-16,21166,21,4,0.05,301.42,285.84,1086.19,South,Consumer,2024,4,Apr
502837,2025-02-15,20123,5,1,0.15,310.91,331.01,281.36,West,Small Business,2025,2,Feb
502838,2024-08-20,22948,8,3,0.0,289.09,266.07,798.21,South,Consumer,2024,8,Aug
502839,2025-03-22,22863,14,3,0.05,323.49,347.51,990.4,South,Small Business,2025,3,Mar
502840,2024-12-15,21192,8,2,0.05,289.09,272.49,517.73,West,Consumer,2024,12,Dec
502841,2024-09-21,21337,17,1,0.0,364.39,344.93,344.93,West,Consumer,2024,9,Sep
502842,2024-06-30,22540,6,3,0.15,183.47,174.94,446.1,Central,Consumer,2024,6,Jun
502843,2024-12-20,20253,23,3,0.05,430.62,451.44,1286.6,West,Consumer,2024,12,Dec
502844,2024-04-07,22723,7,3,0.1,208.23,203.78,550.21,Central,Consumer,2024,4,Apr
502845,2024-12-15,20669,3,2,0.0,379.36,376.16,752.32,West,Corporate,2024,12,Dec
502846,2024-05-19,23581,12,2,0.0,119.8,116.86,233.72,Central,Consumer,2024,5,May
502847,2024-05-16,20580,7,3,0.0,208.23,204.27,612.81,Central,Corporate,2024,5,May
502848,2024-08-30,23804,9,1,0.2,308.58,303.88,243.1,Central,Consumer,2024,8,Aug
502849,2025-07-29,21788,13,4,0.15,509.47,531.16,1805.94,South,Corporate,2025,7,Jul
502850,2025-07-09,23988,7,1,0.1,208.23,210.46,189.41,South,Consumer,2025,7,Jul
502851,2025-11-15,23141,3,1,0.1,379.36,396.85,357.16,South,Consumer,2025,11,Nov
502852,2025-12-19,22776,19,1,0.05,495.95,501.63,476.55,South,Small Business,2025,12,Dec
502853,2024-05-29,20766,20,1,0.1,187.69,174.31,156.88,East,Consumer,2024,5,May
502854,2024-06-06,22316,24,1,0.0,471.09,498.64,498.64,Central,Corporate,2024,6,Jun
502855,2025-11-25,20831,16,4,0.15,113.27,108.04,367.34,Central,Consumer,2025,11,Nov
502856,2025-08-17,22732,13,2,0.0,509.47,490.23,980.46,East,Corporate,2025,8,Aug
502857,2025-04-19,21491,4,3,0.0,453.41,447.13,1341.39,West,Corporate,2025,4,Apr
502858,2024-11-21,22990,1,1,0.0,118.77,124.77,124.77,North,Consumer,2024,11,Nov
502859,2024-07-03,21242,3,3,0.0,379.36,366.61,1099.83,Central,Consumer,2024,7,Jul
502860,2024-03-26,23263,18,1,0.0,376.89,348.68,348.68,South,Consumer,2024,3,Mar
502861,2025-10-23,21952,15,2,0.0,203.7,214.25,428.5,North,Small Business,2025,10,Oct
502862,2025-03-13,21164,25,2,0.05,408.11,410.64,780.22,West,Small Business,2025,3,Mar
502863,2024-02-06,23963,28,2,0.0,297.74,281.96,563.92,West,Consumer,2024,2,Feb
502864,2024-10-12,22836,19,1,0.0,495.95,523.34,523.34,Central,Small Business,2024,10,Oct
502865,2025-07-07,20885,7,2,0.05,208.23,220.99,419.88,Central,Consumer,2025,7,Jul
502866,2024-08-12,20769,26,3,0.0,173.18,172.57,517.71,South,Consumer,2024,8,Aug
502867,2025-11-05,23277,26,4,0.0,173.18,182.84,731.36,West,Consumer,2025,11,Nov
502868,2024-09-28,20413,1,3,0.0,118.77,116.43,349.29,South,Corporate,2024,9,Sep
502869,2025-08-20,20461,24,4,0.15,471.09,500.35,1701.19,North,Consumer,2025,8,Aug
502870,2025-01-09,23173,7,1,0.0,208.23,202.13,202.13,South,Consumer,2025,1,Jan
502871,2025-08-13,20533,8,1,0.0,289.09,310.14,310.14,Central,Consumer,2025,8,Aug
502872,2024-12-30,22321,20,1,0.15,187.69,195.05,165.79,West,Consumer,2024,12,Dec
502873,2025-05-03,23615,14,1,0.0,323.49,338.56,338.56,South,Small Business,2025,5,May
502874,2024-10-16,21904,12,1,0.1,119.8,128.75,115.88,Central,Small Business,2024,10,Oct
502875,2024-06-06,23883,13,4,0.0,509.47,527.4,2109.6,East,Corporate,2024,6,Jun
502876,2024-03-19,21593,6,2,0.0,183.47,174.19,348.38,South,Small Business,2024,3,Mar
502877,2024-12-13,22969,7,1,0.1,208.23,221.0,198.9,East,Consumer,2024,12,Dec
502878,2025-01-13,21023,28,1,0.05,297.74,301.31,286.24,North,Consumer,2025,1,Jan
502879,2025-04-27,21468,27,4,0.0,282.82,300.15,1200.6,Central,Consumer,2025,4,Apr
502880,2025-10-18,22345,13,1,0.05,509.47,489.96,465.46,South,Consumer,2025,10,Oct
502881,2025-12-22,21470,28,1,0.1,297.74,282.39,254.15,East,Consumer,2025,12,Dec
502882,2024-10-16,20341,26,1,0.2,173.18,159.79,127.83,East,Small Business,2024,10,Oct
502883,2024-02-17,21442,29,3,0.0,538.73,543.84,1631.52,Central,Consumer,2024,2,Feb
502884,2025-01-31,22787,29,3,0.0,538.73,502.71,1508.13,Central,Consumer,2025,1,Jan
502885,2025-10-17,21851,21,1,0.1,301.42,306.92,276.23,South,Consumer,2025,10,Oct
502886,2025-04-08,21951,1,1,0.0,118.77,117.43,117.43,West,Small Business,2025,4,Apr
502887,2025-01-29,20721,25,3,0.05,408.11,438.04,1248.41,Central,Consumer,2025,1,Jan
502888,2024-11-09,22523,29,1,0.05,538.73,510.9,485.35,Central,Consumer,2024,11,Nov
502889,2025-11-05,21910,30,2,0.0,300.75,298.33,596.66,South,Consumer,2025,11,Nov
502890,2025-08-04,20127,22,3,0.05,356.25,382.81,1091.01,South,Consumer,2025,8,Aug
502891,2025-09-10,22652,30,4,0.2,300.75,316.98,1014.34,Central,Corporate,2025,9,Sep
502892,2024-01-25,21498,24,2,0.1,471.09,454.13,817.43,Central,Small Business,2024,1,Jan
502893,2024-07-23,20382,9,1,0.05,308.58,330.44,313.92,East,Consumer,2024,7,Jul
502894,2024-03-26,21599,6,2,0.1,183.47,192.83,347.09,South,Small Business,2024,3,Mar
502895,2025-02-05,22038,18,2,0.0,376.89,349.77,699.54,South,Small Business,2025,2,Feb
502896,2024-01-20,22312,6,4,0.0,183.47,172.07,688.28,East,Consumer,2024,1,Jan
502897,2025-09-06,22260,21,2,0.0,301.42,315.46,630.92,Central,Corporate,2025,9,Sep
502898,2025-11-16,23608,15,2,0.0,203.7,215.94,431.88,North,Consumer,2025,11,Nov
502899,2025-08-26,21936,17,1,0.05,364.39,387.73,368.34,West,Consumer,2025,8,Aug
502900,2024-03-11,22867,5,4,0.2,310.91,320.03,1024.1,Central,Consumer,2024,3,Mar
502901,2025-01-07,22743,10,1,0.1,452.53,459.13,413.22,West,Consumer,2025,1,Jan
502902,2025-08-15,23225,22,1,0.1,356.25,362.69,326.42,South,Consumer,2025,8,Aug
502903,2024-10-27,23577,21,1,0.0,301.42,295.16,295.16,South,Small Business,2024,10,Oct
502904,2024-03-10,23035,28,2,0.0,297.74,320.56,641.12,Central,Consumer,2024,3,Mar
502905,2025-07-06,23942,25,3,0.1,408.11,422.82,1141.61,North,Small Business,2025,7,Jul
502906,2024-11-16,20783,29,2,0.0,538.73,517.18,1034.36,West,Corporate,2024,11,Nov
502907,2025-09-18,22945,7,3,0.05,208.23,219.35,625.15,South,Small Business,2025,9,Sep
502908,2025-02-01,22054,10,3,0.15,452.53,436.3,1112.56,South,Consumer,2025,2,Feb
502909,2024-09-21,21207,16,1,0.15,113.27,121.26,103.07,South,Consumer,2024,9,Sep
502910,2025-07-30,22941,16,4,0.05,113.27,116.07,441.07,West,Consumer,2025,7,Jul
502911,2025-07-06,23904,15,1,0.0,203.7,198.18,198.18,West,Consumer,2025,7,Jul
502912,2024-04-24,22144,6,3,0.15,183.47,182.91,466.42,Central,Consumer,2024,4,Apr
502913,2024-07-08,23090,8,1,0.05,289.09,285.78,271.49,East,Consumer,2024,7,Jul
502914,2025-04-20,23798,11,3,0.1,526.43,550.66,1486.78,South,Corporate,2025,4,Apr
502915,2025-11-10,20101,29,2,0.2,538.73,530.57,848.91,West,Consumer,2025,11,Nov
502916,2025-09-26,22073,9,3,0.0,308.58,322.42,967.26,North,Consumer,2025,9,Sep
502917,2024-04-30,23958,18,4,0.1,376.89,378.24,1361.66,Central,Consumer,2024,4,Apr
502918,2025-11-24,22192,16,1,0.15,113.27,121.11,102.94,West,Corporate,2025,11,Nov
502919,2024-12-09,20621,13,4,0.0,509.47,522.32,2089.28,West,Corporate,2024,12,Dec
502920,2025-12-19,20480,8,4,0.2,289.09,284.47,910.3,North,Consumer,2025,12,Dec
502921,2024-06-20,21222,16,3,0.2,113.27,112.6,270.24,West,Consumer,2024,6,Jun
502922,2025-11-08,20317,1,1,0.0,118.77,122.26,122.26,Central,Corporate,2025,11,Nov
502923,2025-02-13,20656,28,3,0.05,297.74,312.53,890.71,Central,Consumer,2025,2,Feb
502924,2024-09-11,20236,8,4,0.05,289.09,279.86,1063.47,North,Consumer,2024,9,Sep
502925,2024-09-07,21591,24,3,0.1,471.09,447.57,1208.44,North,Consumer,2024,9,Sep
502926,2024-05-23,20599,5,4,0.2,310.91,299.23,957.54,Central,Consumer,2024,5,May
502927,2025-12-26,20660,24,4,0.2,471.09,464.38,1486.02,East,Consumer,2025,12,Dec
502928,2024-11-04,22688,2,2,0.05,177.67,166.36,316.08,South,Corporate,2024,11,Nov
502929,2025-04-18,20457,13,4,0.1,509.47,549.44,1977.98,West,Small Business,2025,4,Apr
502930,2024-06-04,20713,15,1,0.2,203.7,198.48,158.78,East,Consumer,2024,6,Jun
502931,2024-08-21,21893,29,4,0.0,538.73,580.76,2323.04,West,Consumer,2024,8,Aug
502932,2025-11-09,20433,20,2,0.0,187.69,195.34,390.68,Central,Small Business,2025,11,Nov
502933,2024-02-02,20067,20,1,0.05,187.69,176.74,167.9,South,Consumer,2024,2,Feb
502934,2024-12-02,22452,28,4,0.1,297.74,284.0,1022.4,West,Consumer,2024,12,Dec
502935,2025-02-26,23112,27,4,0.0,282.82,281.38,1125.52,Central,Consumer,2025,2,Feb
502936,2024-08-14,23434,7,2,0.0,208.23,215.13,430.26,West,Consumer,2024,8,Aug
502937,2025-02-19,20045,12,2,0.15,119.8,121.95,207.32,East,Consumer,2025,2,Feb
502938,2025-11-03,20133,3,2,0.0,379.36,385.68,771.36,Central,Consumer,2025,11,Nov
502939,2024-09-16,20294,23,2,0.0,430.62,444.92,889.84,East,Small Business,2024,9,Sep
502940,2024-08-06,22025,22,3,0.2,356.25,348.72,836.93,Central,Consumer,2024,8,Aug
502941,2024-06-27,23081,2,3,0.0,177.67,181.11,543.33,West,Consumer,2024,6,Jun
502942,2024-12-29,20767,16,2,0.1,113.27,121.15,218.07,South,Consumer,2024,12,Dec
502943,2025-10-08,23528,26,3,0.0,173.18,159.56,478.68,West,Consumer,2025,10,Oct
502944,2024-12-01,23658,28,3,0.0,297.74,307.57,922.71,Central,Consumer,2024,12,Dec
502945,2025-05-06,23346,11,3,0.0,526.43,510.29,1530.87,Central,Corporate,2025,5,May
502946,2025-09-04,21675,15,2,0.05,203.7,216.48,411.31,West,Consumer,2025,9,Sep
502947,2024-03-31,21244,10,3,0.1,452.53,481.45,1299.92,Central,Small Business,2024,3,Mar
502948,2024-12-20,22589,27,4,0.0,282.82,260.75,1043.0,Central,Small Business,2024,12,Dec
502949,2025-12-30,23702,9,3,0.0,308.58,331.95,995.85,Central,Corporate,2025,12,Dec
502950,2024-09-14,21739,2,4,0.2,177.67,163.7,523.84,Central,Consumer,2024,9,Sep
502951,2024-07-29,21948,25,2,0.0,408.11,405.93,811.86,Central,Corporate,2024,7,Jul
502952,2024-03-31,23272,30,3,0.0,300.75,284.43,853.29,West,Consumer,2024,3,Mar
502953,2024-05-01,23548,5,1,0.05,310.91,314.56,298.83,East,Small Business,2024,5,May
502954,2025-01-29,21971,13,2,0.2,509.47,506.78,810.85,Central,Consumer,2025,1,Jan
502955,2025-07-16,23876,23,1,0.15,430.62,422.47,359.1,East,Corporate,2025,7,Jul
502956,2025-05-01,23784,27,1,0.0,282.82,301.03,301.03,North,Corporate,2025,5,May
502957,2025-02-08,22477,2,2,0.0,177.67,177.13,354.26,Central,Consumer,2025,2,Feb
502958,2024-07-08,21436,2,2,0.05,177.67,168.36,319.88,Central,Consumer,2024,7,Jul
502959,2025-01-13,23560,28,2,0.2,297.74,305.4,488.64,South,Corporate,2025,1,Jan
502960,2025-04-30,22886,6,3,0.1,183.47,182.97,494.02,East,Consumer,2025,4,Apr
502961,2024-06-13,21402,2,1,0.1,177.67,169.53,152.58,North,Corporate,2024,6,Jun
502962,2024-12-03,20355,18,4,0.0,376.89,360.07,1440.28,North,Small Business,2024,12,Dec
502963,2025-03-06,22440,10,2,0.0,452.53,473.39,946.78,North,Small Business,2025,3,Mar
502964,2024-02-01,20649,1,1,0.0,118.77,126.98,126.98,Central,Small Business,2024,2,Feb
502965,2025-05-01,21302,14,1,0.05,323.49,324.6,308.37,Central,Consumer,2025,5,May
502966,2024-02-02,22119,17,4,0.05,364.39,374.98,1424.92,North,Consumer,2024,2,Feb
502967,2024-11-14,23376,20,2,0.0,187.69,176.44,352.88,West,Consumer,2024,11,Nov
502968,2024-02-13,21038,9,1,0.0,308.58,306.17,306.17,Central,Consumer,2024,2,Feb
502969,2024-07-11,23205,30,2,0.05,300.75,298.72,567.57,East,Consumer,2024,7,Jul
502970,2024-10-30,20236,16,4,0.05,113.27,106.99,406.56,North,Consumer,2024,10,Oct
502971,2024-04-22,22719,3,2,0.1,379.36,350.67,631.21,Central,Consumer,2024,4,Apr
502972,2025-08-22,20991,23,2,0.0,430.62,442.54,885.08,Central,Consumer,2025,8,Aug
502973,2025-10-02,22585,12,4,0.0,119.8,117.29,469.16,Central,Consumer,2025,10,Oct
502974,2024-08-23,21084,19,1,0.0,495.95,486.5,486.5,Central,Small Business,2024,8,Aug
502975,2025-02-14,21839,21,4,0.1,301.42,323.27,1163.77,Central,Consumer,2025,2,Feb
502976,2025-04-04,22493,23,3,0.0,430.62,407.97,1223.91,Central,Consumer,2025,4,Apr
502977,2024-12-16,20273,6,1,0.05,183.47,192.28,182.67,West,Consumer,2024,12,Dec
502978,2025-09-09,20665,11,4,0.05,526.43,560.01,2128.04,East,Consumer,2025,9,Sep
502979,2025-09-30,23473,30,3,0.15,300.75,312.28,796.31,East,Consumer,2025,9,Sep
502980,2025-02-13,23714,22,4,0.05,356.25,347.21,1319.4,North,Small Business,2025,2,Feb
502981,2025-05-15,22122,2,3,0.1,177.67,173.9,469.53,West,Corporate,2025,5,May
502982,2025-11-06,21148,17,4,0.05,364.39,343.25,1304.35,East,Small Business,2025,11,Nov
502983,2025-09-26,21110,24,2,0.05,471.09,436.85,830.02,Central,Small Business,2025,9,Sep
502984,2024-08-11,23855,16,4,0.0,113.27,109.29,437.16,West,Corporate,2024,8,Aug
502985,2025-11-14,23020,23,1,0.0,430.62,418.75,418.75,South,Small Business,2025,11,Nov
502986,2025-01-07,21695,19,2,0.1,495.95,470.59,847.06,Central,Consumer,2025,1,Jan
502987,2025-11-16,21825,25,1,0.2,408.11,426.98,341.58,North,Small Business,2025,11,Nov
502988,2025-02-02,22929,16,4,0.0,113.27,114.25,457.0,South,Consumer,2025,2,Feb
502989,2025-12-15,21756,29,4,0.05,538.73,509.25,1935.15,West,Consumer,2025,12,Dec
502990,2024-05-08,22714,14,2,0.0,323.49,300.49,600.98,Central,Small Business,2024,5,May
502991,2025-07-23,23073,20,3,0.0,187.69,202.02,606.06,West,Small Business,2025,7,Jul
502992,2024-12-31,21125,10,1,0.05,452.53,461.43,438.36,Central,Consumer,2024,12,Dec
502993,2024-04-12,23007,24,2,0.0,471.09,433.95,867.9,Central,Small Business,2024,4,Apr
502994,2025-04-21,21775,19,4,0.1,495.95,477.58,1719.29,Central,Corporate,2025,4,Apr
502995,2025-02-05,23915,4,1,0.0,453.41,465.01,465.01,Central,Small Business,2025,2,Feb
502996,2024-03-13,20918,9,1,0.0,308.58,326.65,326.65,East,Consumer,2024,3,Mar
502997,2024-04-20,21600,18,4,0.0,376.89,401.47,1605.88,Central,Consumer,2024,4,Apr
502998,2025-04-14,23539,1,1,0.15,118.77,121.37,103.16,North,Consumer,2025,4,Apr
502999,2025-12-05,22248,28,3,0.0,297.74,275.96,827.88,East,Small Business,2025,12,Dec
503000,2025-01-18,23546,2,2,0.05,177.67,166.04,315.48,North,Small Business,2025,1,Jan
503001,2024-10-05,20448,4,4,0.05,453.41,429.34,1631.49,Central,Consumer,2024,10,Oct
503002,2024-09-28,21440,27,3,0.05,282.82,274.97,783.66,West,Consumer,2024,9,Sep
503003,2025-06-17,23679,6,4,0.0,183.47,194.05,776.2,Central,Small Business,2025,6,Jun
503004,2024-10-05,21635,26,2,0.05,173.18,183.94,349.49,Central,Consumer,2024,10,Oct
503005,2025-01-29,21202,11,3,0.2,526.43,514.5,1234.8,Central,Consumer,2025,1,Jan
503006,2025-09-17,21211,29,3,0.0,538.73,522.25,1566.75,North,Small Business,2025,9,Sep
503007,2025-07-26,23644,9,3,0.0,308.58,307.48,922.44,East,Small Business,2025,7,Jul
503008,2025-12-05,21197,14,3,0.0,323.49,312.41,937.23,West,Consumer,2025,12,Dec
503009,2025-06-16,20476,27,1,0.05,282.82,302.54,287.41,East,Small Business,2025,6,Jun
503010,2024-09-15,20350,9,3,0.0,308.58,304.38,913.14,South,Small Business,2024,9,Sep
503011,2024-03-04,23899,9,2,0.15,308.58,327.4,556.58,Central,Consumer,2024,3,Mar
503012,2024-12-01,22560,30,4,0.05,300.75,277.74,1055.41,Central,Consumer,2024,12,Dec
503013,2024-09-14,23803,5,2,0.1,310.91,298.69,537.64,East,Consumer,2024,9,Sep
503014,2024-12-18,23073,19,3,0.1,495.95,505.49,1364.82,West,Small Business,2024,12,Dec
503015,2025-11-16,21890,12,1,0.1,119.8,125.58,113.02,Central,Consumer,2025,11,Nov
503016,2025-04-22,21364,28,1,0.2,297.74,290.85,232.68,Central,Corporate,2025,4,Apr
503017,2024-04-25,20900,16,4,0.05,113.27,111.12,422.26,East,Small Business,2024,4,Apr
503018,2024-06-25,22008,11,1,0.0,526.43,545.82,545.82,North,Consumer,2024,6,Jun
503019,2024-05-08,20222,11,4,0.05,526.43,500.54,1902.05,Central,Consumer,2024,5,May
503020,2024-09-17,20088,24,3,0.05,471.09,436.59,1244.28,West,Corporate,2024,9,Sep
503021,2025-12-04,23355,4,1,0.0,453.41,427.4,427.4,Central,Corporate,2025,12,Dec
503022,2024-04-12,22520,24,2,0.0,471.09,488.44,976.88,North,Consumer,2024,4,Apr
503023,2025-06-04,22884,3,1,0.05,379.36,392.54,372.91,East,Consumer,2025,6,Jun
503024,2024-01-06,21300,20,2,0.05,187.69,176.78,335.88,South,Consumer,2024,1,Jan
503025,2024-03-18,22279,12,1,0.0,119.8,113.42,113.42,West,Small Business,2024,3,Mar
503026,2024-05-16,20592,8,2,0.05,289.09,307.09,583.47,Central,Consumer,2024,5,May
503027,2024-10-22,22023,8,4,0.0,289.09,301.3,1205.2,South,Consumer,2024,10,Oct
503028,2024-02-02,20045,25,2,0.2,408.11,404.02,646.43,East,Consumer,2024,2,Feb
503029,2024-02-04,22137,27,1,0.1,282.82,284.82,256.34,East,Small Business,2024,2,Feb
503030,2024-06-26,21708,15,2,0.0,203.7,217.11,434.22,Central,Consumer,2024,6,Jun
503031,2025-08-07,21484,1,4,0.0,118.77,113.87,455.48,West,Small Business,2025,8,Aug
503032,2024-09-20,22680,23,3,0.0,430.62,414.3,1242.9,East,Consumer,2024,9,Sep
503033,2024-03-08,22420,4,1,0.0,453.41,463.82,463.82,East,Small Business,2024,3,Mar
503034,2024-02-16,20960,17,4,0.0,364.39,358.34,1433.36,South,Small Business,2024,2,Feb
503035,2024-02-20,20031,27,1,0.0,282.82,274.85,274.85,East,Consumer,2024,2,Feb
503036,2025-12-02,20672,4,2,0.0,453.41,472.4,944.8,South,Consumer,2025,12,Dec
503037,2024-10-26,23504,11,4,0.0,526.43,484.77,1939.08,Central,Consumer,2024,10,Oct
503038,2024-04-08,22452,14,1,0.1,323.49,320.17,288.15,West,Consumer,2024,4,Apr
503039,2024-04-18,22673,6,4,0.0,183.47,177.3,709.2,South,Consumer,2024,4,Apr
503040,2025-09-17,22375,12,2,0.0,119.8,128.35,256.7,East,Consumer,2025,9,Sep
503041,2025-08-21,23273,11,4,0.1,526.43,526.72,1896.19,South,Consumer,2025,8,Aug
503042,2025-06-06,21220,28,4,0.1,297.74,311.67,1122.01,Central,Consumer,2025,6,Jun
503043,2025-01-18,21751,2,4,0.0,177.67,185.07,740.28,East,Consumer,2025,1,Jan
503044,2025-07-16,23403,26,4,0.15,173.18,182.74,621.32,North,Small Business,2025,7,Jul
503045,2024-12-27,20472,26,4,0.0,173.18,162.57,650.28,Central,Consumer,2024,12,Dec
503046,2024-06-11,22389,10,4,0.05,452.53,483.68,1837.98,South,Consumer,2024,6,Jun
503047,2024-11-03,23333,25,2,0.1,408.11,403.64,726.55,Central,Consumer,2024,11,Nov
503048,2025-11-17,23262,19,4,0.0,495.95,471.31,1885.24,North,Small Business,2025,11,Nov
503049,2024-10-06,21425,29,3,0.0,538.73,535.0,1605.0,Central,Consumer,2024,10,Oct
503050,2024-06-17,23696,14,3,0.05,323.49,338.86,965.75,Central,Corporate,2024,6,Jun
503051,2025-03-26,21064,9,1,0.0,308.58,312.07,312.07,South,Corporate,2025,3,Mar
503052,2024-01-17,22701,20,3,0.0,187.69,191.33,573.99,South,Consumer,2024,1,Jan
503053,2025-01-09,20807,14,3,0.1,323.49,312.78,844.51,West,Corporate,2025,1,Jan
503054,2024-04-22,21170,14,2,0.05,323.49,342.08,649.95,East,Consumer,2024,4,Apr
503055,2024-01-09,22078,6,2,0.15,183.47,185.84,315.93,Central,Consumer,2024,1,Jan
503056,2024-09-13,22710,13,4,0.05,509.47,510.39,1939.48,North,Consumer,2024,9,Sep
503057,2025-06-01,21115,15,1,0.05,203.7,213.75,203.06,Central,Consumer,2025,6,Jun
503058,2024-02-28,21685,24,1,0.15,471.09,471.85,401.07,West,Consumer,2024,2,Feb
503059,2024-03-06,21529,27,2,0.05,282.82,276.03,524.46,Central,Consumer,2024,3,Mar
503060,2025-08-16,20726,29,3,0.1,538.73,578.84,1562.87,Central,Consumer,2025,8,Aug
503061,2025-11-01,22316,8,4,0.0,289.09,277.89,1111.56,Central,Corporate,2025,11,Nov
503062,2025-02-13,20698,2,3,0.0,177.67,169.86,509.58,West,Small Business,2025,2,Feb
503063,2024-12-06,22037,10,3,0.05,452.53,465.94,1327.93,Central,Small Business,2024,12,Dec
503064,2025-11-08,20615,1,3,0.0,118.77,116.88,350.64,Central,Corporate,2025,11,Nov
503065,2024-07-08,22239,29,1,0.0,538.73,507.81,507.81,North,Corporate,2024,7,Jul
503066,2025-03-05,21861,16,2,0.2,113.27,107.37,171.79,East,Consumer,2025,3,Mar
503067,2024-02-13,23924,21,3,0.0,301.42,303.61,910.83,Central,Small Business,2024,2,Feb
503068,2024-02-16,22378,22,3,0.15,356.25,376.55,960.2,South,Consumer,2024,2,Feb
503069,2024-09-21,22470,5,4,0.05,310.91,335.64,1275.43,North,Consumer,2024,9,Sep
503070,2025-01-27,23899,28,4,0.0,297.74,311.48,1245.92,Central,Consumer,2025,1,Jan
503071,2024-01-03,21184,28,2,0.15,297.74,283.41,481.8,West,Consumer,2024,1,Jan
503072,2024-02-27,22693,9,2,0.0,308.58,317.38,634.76,East,Consumer,2024,2,Feb
503073,2024-04-09,21087,18,2,0.05,376.89,358.73,681.59,West,Small Business,2024,4,Apr
503074,2025-11-17,20929,15,4,0.0,203.7,192.59,770.36,West,Consumer,2025,11,Nov
503075,2024-07-09,20196,8,1,0.0,289.09,273.78,273.78,South,Consumer,2024,7,Jul
503076,2025-04-24,23342,25,1,0.05,408.11,385.9,366.6,West,Consumer,2025,4,Apr
503077,2025-11-02,22020,24,4,0.0,471.09,438.21,1752.84,East,Consumer,2025,11,Nov
503078,2024-09-11,23936,11,4,0.15,526.43,517.09,1758.11,Central,Consumer,2024,9,Sep
503079,2024-04-22,20330,27,4,0.05,282.82,273.82,1040.52,East,Consumer,2024,4,Apr
503080,2025-03-21,21652,2,4,0.05,177.67,189.54,720.25,North,Consumer,2025,3,Mar
503081,2024-08-28,23958,9,2,0.1,308.58,326.33,587.39,Central,Consumer,2024,8,Aug
503082,2025-07-03,23521,26,4,0.15,173.18,165.74,563.52,Central,Consumer,2025,7,Jul
503083,2025-12-09,23070,16,1,0.1,113.27,113.51,102.16,Central,Consumer,2025,12,Dec
503084,2025-11-17,22977,9,2,0.2,308.58,309.78,495.65,East,Consumer,2025,11,Nov
503085,2024-10-08,20792,20,1,0.0,187.69,184.7,184.7,West,Consumer,2024,10,Oct
503086,2025-04-02,21265,30,2,0.2,300.75,297.46,475.94,South,Consumer,2025,4,Apr
503087,2024-11-25,22767,10,3,0.1,452.53,422.24,1140.05,Central,Small Business,2024,11,Nov
503088,2025-05-08,20028,8,2,0.0,289.09,294.11,588.22,Central,Consumer,2025,5,May
503089,2024-07-20,23832,5,4,0.05,310.91,311.33,1183.05,North,Consumer,2024,7,Jul
503090,2024-10-20,22794,19,1,0.1,495.95,494.87,445.38,West,Corporate,2024,10,Oct
503091,2024-03-24,23475,14,1,0.0,323.49,345.61,345.61,Central,Consumer,2024,3,Mar
503092,2024-06-13,23862,28,4,0.05,297.74,314.54,1195.25,South,Consumer,2024,6,Jun
503093,2024-06-13,22559,5,3,0.0,310.91,305.12,915.36,North,Consumer,2024,6,Jun
503094,2024-09-14,20543,8,2,0.0,289.09,289.88,579.76,North,Consumer,2024,9,Sep
503095,2024-04-23,20599,25,3,0.0,408.11,400.48,1201.44,Central,Consumer,2024,4,Apr
503096,2025-04-28,23661,13,1,0.0,509.47,514.27,514.27,Central,Consumer,2025,4,Apr
503097,2025-12-14,21848,14,4,0.15,323.49,343.88,1169.19,South,Consumer,2025,12,Dec
503098,2025-09-29,20828,13,4,0.0,509.47,514.17,2056.68,North,Consumer,2025,9,Sep
503099,2025-07-07,20535,22,1,0.05,356.25,381.58,362.5,North,Corporate,2025,7,Jul
503100,2025-05-01,22167,16,1,0.05,113.27,119.42,113.45,Central,Consumer,2025,5,May
503101,2024-08-19,22274,4,2,0.1,453.41,438.86,789.95,West,Consumer,2024,8,Aug
503102,2025-11-30,22211,12,4,0.05,119.8,119.68,454.78,East,Small Business,2025,11,Nov
503103,2025-02-18,21592,20,3,0.0,187.69,185.7,557.1,Central,Consumer,2025,2,Feb
503104,2025-05-06,20884,16,4,0.05,113.27,106.04,402.95,South,Corporate,2025,5,May
503105,2024-02-29,20515,19,3,0.05,495.95,479.08,1365.38,East,Small Business,2024,2,Feb
503106,2025-04-04,20096,19,2,0.0,495.95,492.06,984.12,West,Consumer,2025,4,Apr
503107,2024-05-23,20774,4,2,0.2,453.41,477.71,764.34,Central,Corporate,2024,5,May
503108,2024-01-10,20695,10,1,0.0,452.53,483.05,483.05,South,Consumer,2024,1,Jan
503109,2025-11-09,20665,3,4,0.0,379.36,373.32,1493.28,East,Consumer,2025,11,Nov
503110,2025-03-21,21563,19,2,0.0,495.95,461.58,923.16,West,Small Business,2025,3,Mar
503111,2024-01-12,22132,10,2,0.15,452.53,480.52,816.88,Central,Consumer,2024,1,Jan
503112,2024-02-23,20757,7,1,0.1,208.23,211.68,190.51,South,Consumer,2024,2,Feb
503113,2025-07-31,22217,22,4,0.15,356.25,377.18,1282.41,South,Small Business,2025,7,Jul
503114,2025-01-16,22684,8,3,0.2,289.09,270.34,648.82,Central,Corporate,2025,1,Jan
503115,2024-04-25,21628,6,1,0.1,183.47,192.8,173.52,South,Corporate,2024,4,Apr
503116,2025-03-04,21953,3,4,0.0,379.36,350.28,1401.12,Central,Consumer,2025,3,Mar
503117,2025-11-08,22361,10,3,0.15,452.53,480.13,1224.33,West,Small Business,2025,11,Nov
503118,2025-04-17,21417,26,3,0.0,173.18,186.03,558.09,North,Small Business,2025,4,Apr
503119,2025-09-07,21392,8,4,0.1,289.09,295.8,1064.88,North,Small Business,2025,9,Sep
503120,2025-09-28,20932,13,1,0.0,509.47,511.87,511.87,West,Consumer,2025,9,Sep
503121,2025-11-24,22586,15,1,0.0,203.7,207.17,207.17,Central,Small Business,2025,11,Nov
503122,2024-12-11,22650,9,3,0.05,308.58,321.54,916.39,South,Consumer,2024,12,Dec
503123,2025-12-28,22259,23,2,0.1,430.62,451.43,812.57,West,Small Business,2025,12,Dec
503124,2024-12-17,23568,21,1,0.15,301.42,290.35,246.8,South,Corporate,2024,12,Dec
503125,2024-09-04,20823,1,3,0.0,118.77,114.01,342.03,East,Consumer,2024,9,Sep
503126,2025-02-05,22604,11,2,0.1,526.43,517.98,932.36,Central,Consumer,2025,2,Feb
503127,2025-09-20,21058,25,4,0.1,408.11,405.5,1459.8,South,Consumer,2025,9,Sep
503128,2024-09-01,21636,15,4,0.1,203.7,197.02,709.27,Central,Consumer,2024,9,Sep
503129,2024-12-19,21129,4,2,0.05,453.41,443.99,843.58,Central,Consumer,2024,12,Dec
503130,2024-07-17,20112,12,4,0.05,119.8,129.27,491.23,North,Consumer,2024,7,Jul
503131,2024-09-14,22029,12,3,0.0,119.8,121.68,365.04,South,Consumer,2024,9,Sep
503132,2024-03-19,23162,9,4,0.1,308.58,308.52,1110.67,South,Consumer,2024,3,Mar
503133,2025-09-21,23927,8,4,0.0,289.09,288.38,1153.52,West,Small Business,2025,9,Sep
503134,2025-09-05,22099,30,3,0.05,300.75,298.22,849.93,East,Consumer,2025,9,Sep
503135,2025-12-28,22872,23,4,0.0,430.62,396.59,1586.36,East,Consumer,2025,12,Dec
503136,2024-01-31,20262,1,3,0.0,118.77,111.81,335.43,Central,Small Business,2024,1,Jan
503137,2024-02-16,20111,27,4,0.0,282.82,292.26,1169.04,South,Small Business,2024,2,Feb
503138,2025-12-18,22910,10,3,0.0,452.53,477.9,1433.7,North,Corporate,2025,12,Dec
503139,2025-08-31,21964,8,3,0.0,289.09,288.53,865.59,East,Small Business,2025,8,Aug
503140,2024-07-30,20921,20,3,0.05,187.69,200.76,572.17,East,Consumer,2024,7,Jul
503141,2024-12-19,21915,29,3,0.05,538.73,507.85,1447.37,West,Corporate,2024,12,Dec
503142,2025-05-28,21196,14,1,0.0,323.49,297.84,297.84,North,Corporate,2025,5,May
503143,2024-10-10,20973,28,2,0.0,297.74,300.23,600.46,West,Consumer,2024,10,Oct
503144,2025-06-18,22605,15,1,0.1,203.7,193.44,174.1,West,Consumer,2025,6,Jun
503145,2025-07-25,22665,16,2,0.0,113.27,109.05,218.1,West,Consumer,2025,7,Jul
503146,2024-10-17,20755,18,1,0.0,376.89,375.02,375.02,South,Consumer,2024,10,Oct
503147,2024-01-26,23552,29,4,0.05,538.73,512.47,1947.39,Central,Consumer,2024,1,Jan
503148,2024-10-27,21288,23,3,0.05,430.62,403.83,1150.92,West,Corporate,2024,10,Oct
503149,2025-12-05,22516,20,2,0.0,187.69,173.93,347.86,South,Consumer,2025,12,Dec
503150,2025-03-13,22791,4,1,0.1,453.41,451.7,406.53,East,Consumer,2025,3,Mar
503151,2024-03-16,22022,7,4,0.0,208.23,222.04,888.16,Central,Small Business,2024,3,Mar
503152,2024-02-20,21261,2,2,0.0,177.67,183.88,367.76,South,Corporate,2024,2,Feb
503153,2025-12-07,23709,13,4,0.05,509.47,517.27,1965.63,West,Consumer,2025,12,Dec
503154,2024-01-17,20367,11,3,0.0,526.43,492.25,1476.75,East,Consumer,2024,1,Jan
503155,2024-01-03,21420,1,3,0.0,118.77,120.92,362.76,West,Consumer,2024,1,Jan
503156,2025-06-12,20401,14,3,0.2,323.49,330.03,792.07,South,Consumer,2025,6,Jun
503157,2024-03-16,22379,7,3,0.0,208.23,194.05,582.15,North,Consumer,2024,3,Mar
503158,2025-01-14,22165,25,3,0.0,408.11,421.59,1264.77,North,Small Business,2025,1,Jan
503159,2024-03-29,21827,13,3,0.0,509.47,510.8,1532.4,North,Consumer,2024,3,Mar
503160,2025-12-30,23994,1,3,0.2,118.77,128.13,307.51,East,Small Business,2025,12,Dec
503161,2024-05-24,23109,22,1,0.1,356.25,335.87,302.28,South,Consumer,2024,5,May
503162,2024-08-06,22093,19,2,0.0,495.95,465.39,930.78,West,Consumer,2024,8,Aug
503163,2024-07-31,23087,23,1,0.0,430.62,442.36,442.36,Central,Consumer,2024,7,Jul
503164,2024-09-29,23910,11,4,0.0,526.43,535.74,2142.96,Central,Consumer,2024,9,Sep
503165,2024-08-21,22625,29,4,0.05,538.73,518.99,1972.16,Central,Consumer,2024,8,Aug
503166,2025-04-09,23627,14,4,0.0,323.49,326.99,1307.96,East,Consumer,2025,4,Apr
503167,2024-11-05,22017,19,1,0.05,495.95,534.33,507.61,North,Consumer,2024,11,Nov
503168,2025-05-17,23510,18,2,0.0,376.89,357.09,714.18,South,Consumer,2025,5,May
503169,2025-02-09,21217,18,1,0.0,376.89,383.7,383.7,West,Consumer,2025,2,Feb
503170,2024-10-09,21789,7,1,0.0,208.23,195.25,195.25,Central,Consumer,2024,10,Oct
503171,2025-08-18,22925,14,3,0.0,323.49,338.6,1015.8,South,Small Business,2025,8,Aug
503172,2024-03-30,22261,7,3,0.05,208.23,208.77,594.99,West,Small Business,2024,3,Mar
503173,2025-09-14,21407,8,4,0.0,289.09,273.02,1092.08,Central,Consumer,2025,9,Sep
503174,2024-02-19,22541,24,2,0.0,471.09,456.2,912.4,Central,Small Business,2024,2,Feb
503175,2025-01-19,20541,24,3,0.05,471.09,494.05,1408.04,Central,Small Business,2025,1,Jan
503176,2024-01-02,20035,25,1,0.0,408.11,403.31,403.31,Central,Corporate,2024,1,Jan
503177,2025-03-14,22167,18,2,0.05,376.89,404.18,767.94,Central,Consumer,2025,3,Mar
503178,2024-09-27,20175,8,3,0.1,289.09,289.27,781.03,East,Consumer,2024,9,Sep
503179,2024-03-30,20081,4,3,0.15,453.41,455.63,1161.86,Central,Consumer,2024,3,Mar
503180,2024-07-22,23839,19,2,0.0,495.95,470.02,940.04,Central,Corporate,2024,7,Jul
503181,2024-12-23,21512,27,2,0.0,282.82,300.29,600.58,South,Consumer,2024,12,Dec
503182,2024-01-16,21760,16,4,0.1,113.27,117.81,424.12,West,Consumer,2024,1,Jan
503183,2024-11-19,21548,9,2,0.05,308.58,289.71,550.45,Central,Consumer,2024,11,Nov
503184,2025-04-27,23343,18,2,0.0,376.89,356.74,713.48,Central,Consumer,2025,4,Apr
503185,2024-06-04,21663,5,1,0.15,310.91,312.05,265.24,East,Consumer,2024,6,Jun
503186,2024-09-16,20491,26,2,0.1,173.18,180.9,325.62,South,Consumer,2024,9,Sep
503187,2024-11-23,23052,12,2,0.0,119.8,124.43,248.86,East,Small Business,2024,11,Nov
503188,2025-02-02,21031,18,2,0.0,376.89,351.32,702.64,Central,Consumer,2025,2,Feb
503189,2025-03-27,21278,21,2,0.2,301.42,310.59,496.94,East,Consumer,2025,3,Mar
503190,2025-09-23,20210,26,4,0.05,173.18,186.25,707.75,Central,Consumer,2025,9,Sep
503191,2025-06-03,23522,11,4,0.0,526.43,535.2,2140.8,North,Consumer,2025,6,Jun
503192,2024-09-22,23050,15,2,0.0,203.7,205.43,410.86,Central,Small Business,2024,9,Sep
503193,2025-09-17,20285,12,3,0.0,119.8,122.28,366.84,South,Small Business,2025,9,Sep
503194,2024-06-07,21035,2,1,0.1,177.67,178.96,161.06,Central,Consumer,2024,6,Jun
503195,2025-08-02,23783,10,1,0.1,452.53,432.42,389.18,North,Small Business,2025,8,Aug
503196,2024-07-22,23164,5,4,0.1,310.91,313.84,1129.82,West,Consumer,2024,7,Jul
503197,2024-10-12,21443,23,2,0.15,430.62,446.64,759.29,South,Consumer,2024,10,Oct
503198,2024-01-30,23116,20,4,0.15,187.69,190.35,647.19,Central,Consumer,2024,1,Jan
503199,2025-10-12,21413,4,2,0.0,453.41,451.67,903.34,West,Consumer,2025,10,Oct
503200,2024-06-13,20412,12,2,0.0,119.8,123.39,246.78,Central,Consumer,2024,6,Jun
503201,2024-02-02,22115,1,2,0.0,118.77,125.6,251.2,East,Corporate,2024,2,Feb
503202,2025-10-21,21144,15,4,0.0,203.7,187.55,750.2,Central,Consumer,2025,10,Oct
503203,2025-12-03,23938,8,2,0.0,289.09,306.81,613.62,North,Consumer,2025,12,Dec
503204,2024-04-01,22143,23,2,0.15,430.62,432.19,734.72,South,Consumer,2024,4,Apr
503205,2025-09-13,21080,29,4,0.05,538.73,530.26,2014.99,Central,Corporate,2025,9,Sep
503206,2024-08-29,23227,19,3,0.1,495.95,512.25,1383.08,South,Consumer,2024,8,Aug
503207,2025-07-26,23460,5,2,0.0,310.91,335.43,670.86,East,Consumer,2025,7,Jul
503208,2024-04-03,23192,23,2,0.0,430.62,416.4,832.8,North,Consumer,2024,4,Apr
503209,2024-01-18,23929,16,2,0.0,113.27,118.65,237.3,Central,Consumer,2024,1,Jan
503210,2024-02-12,22157,2,1,0.0,177.67,189.12,189.12,North,Consumer,2024,2,Feb
503211,2025-07-22,21446,3,2,0.0,379.36,361.43,722.86,West,Consumer,2025,7,Jul
503212,2024-10-03,22781,28,3,0.05,297.74,315.49,899.15,South,Small Business,2024,10,Oct
503213,2024-05-23,20427,23,4,0.05,430.62,460.23,1748.87,South,Consumer,2024,5,May
503214,2025-08-24,23757,11,2,0.1,526.43,534.95,962.91,Central,Consumer,2025,8,Aug
503215,2024-10-17,23254,1,2,0.1,118.77,113.01,203.42,South,Corporate,2024,10,Oct
503216,2024-01-28,21644,22,1,0.0,356.25,332.95,332.95,South,Consumer,2024,1,Jan
503217,2025-08-30,21409,14,4,0.0,323.49,328.79,1315.16,South,Consumer,2025,8,Aug
503218,2025-05-16,20525,13,1,0.0,509.47,484.9,484.9,Central,Consumer,2025,5,May
503219,2025-05-03,21827,1,1,0.15,118.77,112.95,96.01,North,Consumer,2025,5,May
503220,2024-02-06,20545,7,3,0.05,208.23,208.21,593.4,East,Small Business,2024,2,Feb
503221,2024-05-02,20572,8,3,0.1,289.09,283.83,766.34,East,Consumer,2024,5,May
503222,2025-06-14,21500,17,2,0.15,364.39,350.81,596.38,Central,Small Business,2025,6,Jun
503223,2025-07-17,22761,19,3,0.05,495.95,512.72,1461.25,East,Consumer,2025,7,Jul
503224,2025-12-06,20465,3,1,0.0,379.36,375.74,375.74,North,Small Business,2025,12,Dec
503225,2025-08-29,20663,29,3,0.1,538.73,541.0,1460.7,South,Consumer,2025,8,Aug
503226,2024-07-20,23525,2,2,0.05,177.67,167.42,318.1,Central,Consumer,2024,7,Jul
503227,2025-01-08,23612,21,4,0.2,301.42,320.05,1024.16,Central,Consumer,2025,1,Jan
503228,2024-11-30,22164,9,1,0.05,308.58,286.33,272.01,North,Small Business,2024,11,Nov
503229,2024-10-20,20910,30,4,0.15,300.75,315.54,1072.84,East,Consumer,2024,10,Oct
503230,2025-02-04,23077,13,1,0.05,509.47,480.18,456.17,North,Corporate,2025,2,Feb
503231,2025-10-16,20597,18,1,0.2,376.89,387.07,309.66,South,Consumer,2025,10,Oct
503232,2024-06-15,23975,8,4,0.05,289.09,267.94,1018.17,North,Small Business,2024,6,Jun
503233,2025-02-07,20244,11,1,0.0,526.43,485.76,485.76,East,Corporate,2025,2,Feb
503234,2024-02-03,21616,30,1,0.05,300.75,285.83,271.54,Central,Consumer,2024,2,Feb
503235,2025-01-11,21448,26,3,0.0,173.18,175.82,527.46,Central,Consumer,2025,1,Jan
503236,2024-02-19,23209,1,2,0.1,118.77,109.85,197.73,North,Consumer,2024,2,Feb
503237,2025-09-16,23975,21,2,0.1,301.42,291.31,524.36,North,Small Business,2025,9,Sep
503238,2024-09-27,22938,27,2,0.15,282.82,302.54,514.32,Central,Consumer,2024,9,Sep
503239,2024-06-09,20708,20,4,0.1,187.69,189.86,683.5,Central,Small Business,2024,6,Jun
503240,2024-05-30,21018,13,4,0.0,509.47,499.88,1999.52,Central,Consumer,2024,5,May
503241,2024-07-11,20028,13,4,0.15,509.47,473.11,1608.57,Central,Consumer,2024,7,Jul
503242,2025-01-10,20463,23,1,0.05,430.62,399.37,379.4,Central,Corporate,2025,1,Jan
503243,2024-09-04,20949,28,3,0.05,297.74,300.88,857.51,West,Consumer,2024,9,Sep
503244,2024-02-17,20040,28,2,0.0,297.74,321.43,642.86,West,Corporate,2024,2,Feb
503245,2024-05-25,20985,18,2,0.05,376.89,354.95,674.4,Central,Corporate,2024,5,May
503246,2025-05-17,23308,18,3,0.0,376.89,360.73,1082.19,West,Consumer,2025,5,May
503247,2024-08-17,20807,22,2,0.1,356.25,382.75,688.95,West,Corporate,2024,8,Aug
503248,2024-04-21,23920,15,4,0.0,203.7,218.77,875.08,Central,Consumer,2024,4,Apr
503249,2025-03-18,20903,2,3,0.0,177.67,178.49,535.47,Central,Small Business,2025,3,Mar
503250,2024-01-25,21549,19,2,0.1,495.95,501.06,901.91,West,Corporate,2024,1,Jan
503251,2025-04-05,22549,25,4,0.0,408.11,415.88,1663.52,East,Consumer,2025,4,Apr
503252,2024-07-03,22135,30,3,0.05,300.75,282.44,804.95,North,Consumer,2024,7,Jul
503253,2025-01-14,20703,9,3,0.05,308.58,300.55,856.57,Central,Consumer,2025,1,Jan
503254,2025-05-16,20784,3,2,0.0,379.36,349.45,698.9,South,Consumer,2025,5,May
503255,2024-11-20,20995,18,1,0.1,376.89,364.17,327.75,West,Small Business,2024,11,Nov
503256,2024-03-24,23109,17,3,0.1,364.39,362.09,977.64,South,Consumer,2024,3,Mar
503257,2025-06-04,22738,22,2,0.0,356.25,330.09,660.18,Central,Small Business,2025,6,Jun
503258,2025-07-19,20084,15,1,0.1,203.7,197.95,178.16,South,Corporate,2025,7,Jul
503259,2024-07-20,21053,21,2,0.05,301.42,289.95,550.9,Central,Consumer,2024,7,Jul
503260,2025-04-02,20540,25,2,0.0,408.11,433.29,866.58,Central,Consumer,2025,4,Apr
503261,2024-01-23,22991,7,4,0.0,208.23,194.44,777.76,North,Consumer,2024,1,Jan
503262,2024-08-12,23758,4,2,0.2,453.41,439.16,702.66,Central,Small Business,2024,8,Aug
503263,2025-09-05,20181,24,2,0.05,471.09,498.92,947.95,East,Consumer,2025,9,Sep
503264,2024-03-07,21221,20,1,0.15,187.69,188.3,160.06,Central,Consumer,2024,3,Mar
503265,2024-09-03,23782,5,3,0.0,310.91,299.18,897.54,Central,Small Business,2024,9,Sep
503266,2025-10-26,22162,10,1,0.0,452.53,467.0,467.0,North,Corporate,2025,10,Oct
503267,2024-12-09,21864,17,3,0.1,364.39,362.0,977.4,Central,Consumer,2024,12,Dec
503268,2024-06-19,21782,23,1,0.1,430.62,397.36,357.62,West,Small Business,2024,6,Jun
503269,2025-06-13,20741,17,3,0.15,364.39,367.03,935.93,Central,Corporate,2025,6,Jun
503270,2025-04-07,20710,2,4,0.1,177.67,165.29,595.04,West,Consumer,2025,4,Apr
503271,2024-12-07,21543,24,4,0.1,471.09,442.07,1591.45,Central,Consumer,2024,12,Dec
503272,2025-05-20,22826,26,3,0.0,173.18,179.38,538.14,Central,Consumer,2025,5,May
503273,2025-07-27,22891,2,2,0.0,177.67,183.75,367.5,East,Consumer,2025,7,Jul
503274,2025-01-23,23615,1,3,0.05,118.77,116.67,332.51,South,Small Business,2025,1,Jan
503275,2024-05-24,22320,4,4,0.05,453.41,433.66,1647.91,Central,Small Business,2024,5,May
503276,2025-03-03,22268,27,4,0.05,282.82,261.5,993.7,East,Small Business,2025,3,Mar
503277,2025-08-19,21217,29,1,0.05,538.73,559.1,531.14,West,Consumer,2025,8,Aug
503278,2024-08-04,21062,15,2,0.0,203.7,210.11,420.22,South,Corporate,2024,8,Aug
503279,2024-02-06,22753,13,3,0.15,509.47,530.93,1353.87,South,Corporate,2024,2,Feb
503280,2025-03-05,23398,28,1,0.05,297.74,279.07,265.12,West,Consumer,2025,3,Mar
503281,2024-09-11,23249,8,3,0.1,289.09,268.32,724.46,North,Consumer,2024,9,Sep
503282,2025-08-25,21179,1,1,0.1,118.77,113.13,101.82,Central,Consumer,2025,8,Aug
503283,2025-03-23,21998,26,1,0.0,173.18,181.4,181.4,Central,Consumer,2025,3,Mar
503284,2025-07-21,23266,28,3,0.0,297.74,281.41,844.23,West,Corporate,2025,7,Jul
503285,2024-12-30,20990,25,3,0.0,408.11,414.83,1244.49,East,Consumer,2024,12,Dec
503286,2024-06-12,23430,17,4,0.0,364.39,372.66,1490.64,North,Small Business,2024,6,Jun
503287,2025-04-22,21045,30,4,0.0,300.75,314.23,1256.92,South,Small Business,2025,4,Apr
503288,2025-07-26,23404,2,2,0.0,177.67,163.58,327.16,East,Consumer,2025,7,Jul
503289,2024-06-20,23395,27,3,0.1,282.82,288.75,779.62,West,Small Business,2024,6,Jun
503290,2025-05-12,22885,30,2,0.05,300.75,321.19,610.26,West,Consumer,2025,5,May
503291,2025-12-11,20940,17,3,0.0,364.39,361.84,1085.52,Central,Consumer,2025,12,Dec
503292,2024-11-14,23837,9,4,0.0,308.58,320.7,1282.8,Central,Consumer,2024,11,Nov
503293,2024-07-13,23148,7,2,0.0,208.23,204.57,409.14,South,Consumer,2024,7,Jul
503294,2024-12-21,23579,6,2,0.1,183.47,172.63,310.73,West,Corporate,2024,12,Dec
503295,2024-11-14,22487,4,1,0.15,453.41,442.23,375.9,North,Consumer,2024,11,Nov
503296,2025-01-12,23735,3,1,0.0,379.36,391.2,391.2,East,Small Business,2025,1,Jan
503297,2025-05-09,20637,16,4,0.1,113.27,105.88,381.17,Central,Small Business,2025,5,May
503298,2025-07-23,21716,16,2,0.15,113.27,112.05,190.48,Central,Consumer,2025,7,Jul
503299,2025-06-22,20212,4,3,0.0,453.41,421.44,1264.32,East,Small Business,2025,6,Jun
503300,2025-03-23,20971,21,4,0.0,301.42,319.48,1277.92,West,Small Business,2025,3,Mar
503301,2025-05-05,20073,16,2,0.0,113.27,120.51,241.02,South,Consumer,2025,5,May
503302,2025-09-11,23990,10,4,0.0,452.53,447.15,1788.6,South,Consumer,2025,9,Sep
503303,2024-06-19,20667,27,4,0.1,282.82,277.0,997.2,West,Corporate,2024,6,Jun
503304,2025-08-22,20559,21,4,0.0,301.42,316.33,1265.32,Central,Corporate,2025,8,Aug
503305,2024-05-03,20333,12,3,0.0,119.8,127.01,381.03,South,Corporate,2024,5,May
503306,2025-10-30,22331,26,4,0.05,173.18,176.84,671.99,South,Small Business,2025,10,Oct
503307,2025-02-03,23798,30,3,0.0,300.75,319.41,958.23,South,Corporate,2025,2,Feb
503308,2025-10-01,22766,14,1,0.05,323.49,324.02,307.82,North,Corporate,2025,10,Oct
503309,2025-11-28,23318,19,3,0.1,495.95,467.89,1263.3,East,Corporate,2025,11,Nov
503310,2024-01-16,21427,29,2,0.0,538.73,581.47,1162.94,South,Corporate,2024,1,Jan
503311,2025-02-02,20622,14,1,0.0,323.49,343.94,343.94,Central,Consumer,2025,2,Feb
503312,2024-09-22,21118,4,3,0.15,453.41,476.21,1214.34,West,Consumer,2024,9,Sep
503313,2024-05-13,22894,13,4,0.0,509.47,541.96,2167.84,Central,Consumer,2024,5,May
503314,2024-09-30,20593,22,4,0.0,356.25,327.89,1311.56,South,Consumer,2024,9,Sep
503315,2025-03-23,21995,30,3,0.1,300.75,324.56,876.31,West,Consumer,2025,3,Mar
503316,2025-05-17,20163,23,4,0.0,430.62,426.19,1704.76,East,Consumer,2025,5,May
503317,2024-03-05,20444,29,2,0.1,538.73,498.17,896.71,West,Small Business,2024,3,Mar
503318,2025-02-18,23909,17,2,0.05,364.39,372.95,708.6,Central,Small Business,2025,2,Feb
503319,2025-03-20,21604,23,3,0.0,430.62,403.07,1209.21,Central,Small Business,2025,3,Mar
503320,2025-12-25,21753,5,4,0.0,310.91,300.31,1201.24,Central,Small Business,2025,12,Dec
503321,2024-06-05,21193,26,1,0.15,173.18,168.34,143.09,South,Small Business,2024,6,Jun
503322,2025-03-28,21161,17,3,0.1,364.39,387.07,1045.09,Central,Consumer,2025,3,Mar
503323,2025-07-28,22760,1,4,0.1,118.77,122.2,439.92,East,Small Business,2025,7,Jul
503324,2025-02-18,20740,5,1,0.05,310.91,333.93,317.23,Central,Corporate,2025,2,Feb
503325,2024-06-01,22054,22,1,0.05,356.25,329.09,312.64,South,Consumer,2024,6,Jun
503326,2025-09-13,20928,3,1,0.0,379.36,400.09,400.09,Central,Small Business,2025,9,Sep
503327,2024-04-06,20169,20,4,0.05,187.69,177.87,675.91,Central,Small Business,2024,4,Apr
503328,2025-07-31,22104,17,4,0.2,364.39,353.77,1132.06,Central,Consumer,2025,7,Jul
503329,2025-11-13,20720,14,3,0.05,323.49,341.87,974.33,East,Consumer,2025,11,Nov
503330,2024-04-27,20979,19,4,0.0,495.95,460.56,1842.24,West,Consumer,2024,4,Apr
503331,2025-03-30,23325,21,4,0.1,301.42,325.11,1170.4,North,Corporate,2025,3,Mar
503332,2024-12-19,21088,25,3,0.2,408.11,417.54,1002.1,South,Corporate,2024,12,Dec
503333,2025-06-15,22575,17,4,0.1,364.39,363.0,1306.8,South,Consumer,2025,6,Jun
503334,2025-12-25,23949,7,3,0.05,208.23,224.09,638.66,Central,Corporate,2025,12,Dec
503335,2024-06-19,21613,27,2,0.05,282.82,287.93,547.07,East,Consumer,2024,6,Jun
503336,2025-06-01,22371,28,3,0.1,297.74,285.25,770.18,Central,Small Business,2025,6,Jun
503337,2025-11-13,20421,6,1,0.2,183.47,187.9,150.32,South,Consumer,2025,11,Nov
503338,2024-01-18,20410,18,4,0.0,376.89,351.64,1406.56,South,Consumer,2024,1,Jan
503339,2025-08-13,22994,15,1,0.0,203.7,216.82,216.82,Central,Consumer,2025,8,Aug
503340,2024-02-14,23017,20,2,0.1,187.69,192.11,345.8,Central,Consumer,2024,2,Feb
503341,2024-05-02,21069,2,1,0.0,177.67,181.84,181.84,Central,Consumer,2024,5,May
503342,2025-06-18,20315,6,1,0.1,183.47,182.09,163.88,Central,Consumer,2025,6,Jun
503343,2025-10-11,21283,5,1,0.0,310.91,326.45,326.45,South,Consumer,2025,10,Oct
503344,2025-07-19,21275,25,3,0.1,408.11,425.56,1149.01,West,Consumer,2025,7,Jul
503345,2024-05-18,21391,19,1,0.15,495.95,502.25,426.91,East,Consumer,2024,5,May
503346,2025-08-22,21358,20,1,0.0,187.69,187.46,187.46,South,Corporate,2025,8,Aug
503347,2024-07-30,23619,10,2,0.15,452.53,447.18,760.21,East,Consumer,2024,7,Jul
503348,2024-08-01,22774,6,3,0.0,183.47,194.0,582.0,East,Corporate,2024,8,Aug
503349,2025-08-02,20614,3,4,0.0,379.36,405.51,1622.04,Central,Consumer,2025,8,Aug
503350,2025-08-12,20302,16,4,0.0,113.27,116.53,466.12,East,Corporate,2025,8,Aug
503351,2025-07-31,23775,23,3,0.0,430.62,463.8,1391.4,South,Consumer,2025,7,Jul
503352,2025-12-26,22315,12,2,0.1,119.8,128.63,231.53,East,Corporate,2025,12,Dec
503353,2024-06-28,20809,30,1,0.0,300.75,305.38,305.38,North,Consumer,2024,6,Jun
503354,2025-02-25,22113,30,3,0.05,300.75,300.01,855.03,Central,Consumer,2025,2,Feb
503355,2025-02-19,20814,3,4,0.15,379.36,380.63,1294.14,West,Consumer,2025,2,Feb
503356,2025-03-13,21343,30,4,0.0,300.75,296.96,1187.84,West,Consumer,2025,3,Mar
503357,2025-12-23,21470,24,2,0.05,471.09,496.24,942.86,East,Consumer,2025,12,Dec
503358,2024-06-27,21926,18,3,0.05,376.89,389.54,1110.19,Central,Consumer,2024,6,Jun
503359,2024-05-14,22783,6,3,0.0,183.47,186.3,558.9,South,Consumer,2024,5,May
503360,2024-06-06,21864,12,1,0.1,119.8,125.75,113.18,Central,Consumer,2024,6,Jun
503361,2024-03-10,20621,25,2,0.15,408.11,414.74,705.06,West,Corporate,2024,3,Mar
503362,2024-01-06,23898,15,3,0.0,203.7,217.05,651.15,East,Consumer,2024,1,Jan
503363,2024-08-15,21177,28,3,0.15,297.74,274.6,700.23,Central,Consumer,2024,8,Aug
503364,2024-06-06,22685,8,3,0.0,289.09,290.99,872.97,Central,Small Business,2024,6,Jun
503365,2025-11-24,21639,10,2,0.0,452.53,471.59,943.18,West,Corporate,2025,11,Nov
503366,2024-04-20,21184,24,2,0.05,471.09,496.12,942.63,West,Consumer,2024,4,Apr
503367,2024-08-24,22396,4,4,0.05,453.41,451.14,1714.33,North,Consumer,2024,8,Aug
503368,2025-04-29,23185,16,3,0.15,113.27,109.16,278.36,Central,Small Business,2025,4,Apr
503369,2025-04-14,21895,11,1,0.05,526.43,503.1,477.94,East,Consumer,2025,4,Apr
503370,2024-01-31,21800,17,4,0.05,364.39,356.91,1356.26,South,Consumer,2024,1,Jan
503371,2025-01-13,22241,5,3,0.0,310.91,331.47,994.41,East,Consumer,2025,1,Jan
503372,2025-12-08,20386,2,4,0.0,177.67,179.06,716.24,West,Consumer,2025,12,Dec
503373,2024-05-31,20705,24,2,0.1,471.09,488.29,878.92,East,Consumer,2024,5,May
503374,2025-11-03,20564,3,4,0.0,379.36,374.96,1499.84,Central,Consumer,2025,11,Nov
503375,2025-09-14,21396,12,1,0.15,119.8,123.64,105.09,Central,Consumer,2025,9,Sep
503376,2024-08-18,22267,7,3,0.15,208.23,223.91,570.97,Central,Corporate,2024,8,Aug
503377,2024-10-08,22180,21,4,0.05,301.42,305.15,1159.57,Central,Consumer,2024,10,Oct
503378,2025-10-28,20654,14,4,0.0,323.49,347.14,1388.56,South,Consumer,2025,10,Oct
503379,2025-02-27,22718,30,3,0.0,300.75,316.16,948.48,West,Consumer,2025,2,Feb
503380,2024-12-15,23333,14,1,0.0,323.49,309.94,309.94,Central,Consumer,2024,12,Dec
503381,2024-12-22,23226,8,2,0.0,289.09,276.56,553.12,Central,Consumer,2024,12,Dec
503382,2025-09-20,20648,26,3,0.05,173.18,183.77,523.74,Central,Consumer,2025,9,Sep
503383,2024-04-09,21314,25,4,0.0,408.11,391.62,1566.48,Central,Consumer,2024,4,Apr
503384,2025-05-18,21483,24,2,0.0,471.09,450.86,901.72,Central,Consumer,2025,5,May
503385,2024-01-28,20496,14,4,0.05,323.49,317.62,1206.96,Central,Consumer,2024,1,Jan
503386,2024-03-08,22226,20,1,0.1,187.69,192.94,173.65,West,Consumer,2024,3,Mar
503387,2024-04-17,23631,9,2,0.1,308.58,298.09,536.56,Central,Consumer,2024,4,Apr
503388,2025-06-05,23989,1,2,0.05,118.77,123.03,233.76,South,Consumer,2025,6,Jun
503389,2025-09-14,21899,3,1,0.0,379.36,359.63,359.63,Central,Consumer,2025,9,Sep
503390,2025-04-12,20189,17,1,0.1,364.39,388.47,349.62,East,Consumer,2025,4,Apr
503391,2024-10-22,23254,8,2,0.0,289.09,277.49,554.98,South,Corporate,2024,10,Oct
503392,2025-08-12,22531,30,4,0.1,300.75,288.5,1038.6,East,Corporate,2025,8,Aug
503393,2024-07-22,23275,2,3,0.0,177.67,171.63,514.89,South,Consumer,2024,7,Jul
503394,2025-07-13,21991,15,1,0.05,203.7,215.04,204.29,West,Consumer,2025,7,Jul
503395,2025-04-27,22560,17,3,0.15,364.39,341.06,869.7,Central,Consumer,2025,4,Apr
503396,2025-06-19,21810,17,4,0.0,364.39,360.11,1440.44,South,Corporate,2025,6,Jun
503397,2024-07-20,20982,16,2,0.05,113.27,118.49,225.13,South,Corporate,2024,7,Jul
503398,2025-04-16,20953,2,4,0.1,177.67,164.48,592.13,North,Small Business,2025,4,Apr
503399,2024-05-14,23094,20,3,0.0,187.69,188.4,565.2,Central,Consumer,2024,5,May
503400,2025-09-19,20032,8,4,0.0,289.09,266.89,1067.56,North,Consumer,2025,9,Sep
503401,2024-03-05,23417,8,2,0.0,289.09,290.1,580.2,South,Consumer,2024,3,Mar
503402,2025-07-23,23232,19,2,0.1,495.95,517.78,932.0,Central,Consumer,2025,7,Jul
503403,2025-03-12,23034,24,1,0.05,471.09,484.93,460.68,Central,Corporate,2025,3,Mar
503404,2025-06-21,23015,26,2,0.05,173.18,160.59,305.12,West,Small Business,2025,6,Jun
503405,2024-02-21,23390,26,1,0.15,173.18,164.48,139.81,West,Consumer,2024,2,Feb
503406,2024-03-30,20446,23,2,0.0,430.62,403.85,807.7,Central,Corporate,2024,3,Mar
503407,2024-08-28,21999,13,3,0.0,509.47,502.72,1508.16,Central,Consumer,2024,8,Aug
503408,2025-12-11,22187,26,4,0.1,173.18,174.16,626.98,West,Consumer,2025,12,Dec
503409,2024-11-30,21996,28,1,0.0,297.74,288.47,288.47,South,Consumer,2024,11,Nov
503410,2025-10-02,21345,24,2,0.0,471.09,483.64,967.28,Central,Corporate,2025,10,Oct
503411,2024-08-14,23482,1,2,0.05,118.77,109.87,208.75,Central,Small Business,2024,8,Aug
503412,2025-01-26,20432,19,1,0.2,495.95,465.17,372.14,West,Small Business,2025,1,Jan
503413,2024-11-12,21503,28,2,0.0,297.74,278.04,556.08,Central,Consumer,2024,11,Nov
503414,2025-10-19,21838,16,4,0.05,113.27,114.97,436.89,East,Consumer,2025,10,Oct
503415,2024-10-21,20712,3,2,0.15,379.36,351.29,597.19,West,Consumer,2024,10,Oct
503416,2025-01-28,20018,11,2,0.0,526.43,505.37,1010.74,North,Consumer,2025,1,Jan
503417,2024-08-04,23309,21,4,0.1,301.42,324.87,1169.53,West,Consumer,2024,8,Aug
503418,2025-02-06,21879,25,1,0.1,408.11,395.19,355.67,East,Corporate,2025,2,Feb
503419,2025-03-02,20132,19,4,0.1,495.95,476.0,1713.6,East,Small Business,2025,3,Mar
503420,2025-09-07,20569,14,1,0.1,323.49,326.25,293.62,Central,Consumer,2025,9,Sep
503421,2025-01-29,21112,16,3,0.05,113.27,104.32,297.31,East,Consumer,2025,1,Jan
503422,2024-10-09,21412,17,4,0.0,364.39,343.7,1374.8,South,Consumer,2024,10,Oct
503423,2025-03-17,21140,30,1,0.05,300.75,315.63,299.85,Central,Consumer,2025,3,Mar
503424,2025-06-09,21506,30,2,0.0,300.75,287.59,575.18,South,Consumer,2025,6,Jun
503425,2024-08-06,20962,14,3,0.0,323.49,305.35,916.05,Central,Small Business,2024,8,Aug
503426,2025-08-10,20290,9,1,0.05,308.58,288.07,273.67,South,Consumer,2025,8,Aug
503427,2024-09-22,23944,7,2,0.0,208.23,206.47,412.94,South,Consumer,2024,9,Sep
503428,2025-10-19,22472,13,4,0.0,509.47,542.16,2168.64,East,Consumer,2025,10,Oct
503429,2024-09-26,20779,5,2,0.0,310.91,299.32,598.64,West,Corporate,2024,9,Sep
503430,2025-04-02,22046,3,4,0.15,379.36,381.37,1296.66,Central,Corporate,2025,4,Apr
503431,2024-08-11,21606,10,1,0.1,452.53,471.62,424.46,Central,Consumer,2024,8,Aug
503432,2024-07-29,22641,11,3,0.05,526.43,492.74,1404.31,Central,Corporate,2024,7,Jul
503433,2024-03-27,22047,23,4,0.0,430.62,440.29,1761.16,Central,Corporate,2024,3,Mar
503434,2025-07-25,23297,27,3,0.0,282.82,263.48,790.44,East,Corporate,2025,7,Jul
503435,2024-12-10,20571,10,2,0.05,452.53,434.52,825.59,North,Corporate,2024,12,Dec
503436,2024-03-08,21296,9,1,0.0,308.58,321.79,321.79,East,Consumer,2024,3,Mar
503437,2024-07-05,22313,12,1,0.1,119.8,113.73,102.36,Central,Consumer,2024,7,Jul
503438,2025-04-19,22025,26,2,0.15,173.18,187.03,317.95,Central,Consumer,2025,4,Apr
503439,2025-06-18,21505,10,3,0.05,452.53,448.21,1277.4,East,Consumer,2025,6,Jun
503440,2025-06-01,23105,17,3,0.0,364.39,354.31,1062.93,Central,Small Business,2025,6,Jun
503441,2025-11-20,21524,14,4,0.0,323.49,319.36,1277.44,Central,Consumer,2025,11,Nov
503442,2025-10-02,21416,17,2,0.0,364.39,340.04,680.08,West,Small Business,2025,10,Oct
503443,2024-10-03,21898,16,3,0.0,113.27,106.43,319.29,Central,Consumer,2024,10,Oct
503444,2024-10-15,22222,30,3,0.1,300.75,294.86,796.12,West,Consumer,2024,10,Oct
503445,2024-06-20,20727,5,3,0.0,310.91,324.11,972.33,West,Corporate,2024,6,Jun
503446,2025-07-05,22244,15,3,0.1,203.7,187.47,506.17,Central,Small Business,2025,7,Jul
503447,2025-06-15,21030,20,3,0.15,187.69,177.28,452.06,North,Consumer,2025,6,Jun
503448,2025-02-16,21034,10,4,0.15,452.53,425.04,1445.14,East,Consumer,2025,2,Feb
503449,2025-06-08,22560,15,2,0.1,203.7,202.3,364.14,Central,Consumer,2025,6,Jun
503450,2025-04-04,22133,20,1,0.0,187.69,185.24,185.24,West,Consumer,2025,4,Apr
503451,2025-08-10,23695,24,4,0.05,471.09,480.29,1825.1,Central,Consumer,2025,8,Aug
503452,2025-05-15,20971,16,1,0.05,113.27,110.13,104.62,West,Small Business,2025,5,May
503453,2025-02-24,22014,22,4,0.0,356.25,337.8,1351.2,West,Consumer,2025,2,Feb
503454,2024-04-24,20595,15,1,0.15,203.7,208.42,177.16,North,Consumer,2024,4,Apr
503455,2025-01-06,21459,13,4,0.2,509.47,524.14,1677.25,East,Consumer,2025,1,Jan
503456,2025-06-24,23192,27,4,0.0,282.82,286.49,1145.96,North,Consumer,2025,6,Jun
503457,2025-12-10,22018,12,2,0.15,119.8,122.28,207.88,South,Consumer,2025,12,Dec
503458,2024-03-10,23449,23,3,0.2,430.62,423.16,1015.58,Central,Consumer,2024,3,Mar
503459,2024-07-01,22605,7,4,0.15,208.23,196.37,667.66,West,Consumer,2024,7,Jul
503460,2025-12-13,23211,13,4,0.0,509.47,545.15,2180.6,Central,Consumer,2025,12,Dec
503461,2025-12-21,20516,6,4,0.0,183.47,171.61,686.44,West,Consumer,2025,12,Dec
503462,2024-04-14,22473,6,3,0.0,183.47,192.19,576.57,East,Small Business,2024,4,Apr
503463,2024-07-26,23502,10,2,0.0,452.53,450.22,900.44,East,Consumer,2024,7,Jul
503464,2025-12-21,20299,3,1,0.0,379.36,380.83,380.83,South,Small Business,2025,12,Dec
503465,2024-02-23,20533,19,1,0.0,495.95,476.41,476.41,Central,Consumer,2024,2,Feb
503466,2024-07-02,22124,8,3,0.1,289.09,304.34,821.72,South,Small Business,2024,7,Jul
503467,2025-11-05,23080,20,2,0.0,187.69,197.43,394.86,East,Small Business,2025,11,Nov
503468,2024-10-24,23807,30,3,0.15,300.75,309.39,788.94,West,Corporate,2024,10,Oct
503469,2025-08-26,22369,28,3,0.1,297.74,288.15,778.0,Central,Small Business,2025,8,Aug
503470,2025-02-21,23625,4,4,0.0,453.41,439.57,1758.28,East,Consumer,2025,2,Feb
503471,2024-07-23,21910,19,4,0.2,495.95,511.35,1636.32,South,Consumer,2024,7,Jul
503472,2024-12-16,23227,30,2,0.0,300.75,277.73,555.46,South,Consumer,2024,12,Dec
503473,2025-03-16,20520,21,1,0.1,301.42,325.38,292.84,North,Small Business,2025,3,Mar
503474,2025-05-31,22778,20,3,0.1,187.69,174.14,470.18,Central,Consumer,2025,5,May
503475,2024-12-27,21188,25,3,0.0,408.11,406.4,1219.2,Central,Small Business,2024,12,Dec
503476,2025-05-09,22022,15,2,0.15,203.7,214.68,364.96,Central,Small Business,2025,5,May
503477,2024-04-08,23487,22,3,0.1,356.25,361.36,975.67,East,Corporate,2024,4,Apr
503478,2024-09-25,21756,26,1,0.1,173.18,171.64,154.48,West,Consumer,2024,9,Sep
503479,2025-07-07,20330,18,1,0.15,376.89,368.38,313.12,East,Consumer,2025,7,Jul
503480,2025-07-14,22366,10,4,0.0,452.53,431.6,1726.4,South,Corporate,2025,7,Jul
503481,2025-08-18,20207,23,1,0.1,430.62,449.15,404.24,Central,Corporate,2025,8,Aug
503482,2024-12-23,21894,2,2,0.05,177.67,183.23,348.14,Central,Consumer,2024,12,Dec
503483,2025-02-23,20731,21,2,0.1,301.42,317.44,571.39,East,Consumer,2025,2,Feb
503484,2025-03-28,21651,6,2,0.1,183.47,191.27,344.29,Central,Small Business,2025,3,Mar
503485,2024-03-12,22751,1,1,0.05,118.77,111.62,106.04,East,Consumer,2024,3,Mar
503486,2025-05-30,22393,25,2,0.15,408.11,376.37,639.83,South,Small Business,2025,5,May
503487,2024-06-11,20904,25,4,0.0,408.11,388.0,1552.0,Central,Consumer,2024,6,Jun
503488,2025-03-25,23669,18,4,0.0,376.89,347.95,1391.8,North,Consumer,2025,3,Mar
503489,2025-09-23,20674,1,2,0.1,118.77,125.95,226.71,Central,Corporate,2025,9,Sep
503490,2024-02-27,20875,15,3,0.0,203.7,198.75,596.25,West,Consumer,2024,2,Feb
503491,2024-09-09,22663,14,1,0.0,323.49,346.47,346.47,North,Consumer,2024,9,Sep
503492,2025-07-06,20543,23,1,0.0,430.62,405.11,405.11,North,Consumer,2025,7,Jul
503493,2024-03-16,23929,26,3,0.0,173.18,177.74,533.22,Central,Consumer,2024,3,Mar
503494,2024-12-13,20630,15,2,0.2,203.7,190.17,304.27,South,Consumer,2024,12,Dec
503495,2025-06-21,21542,21,2,0.1,301.42,311.18,560.12,West,Consumer,2025,6,Jun
503496,2024-04-05,22797,15,1,0.0,203.7,187.98,187.98,South,Consumer,2024,4,Apr
503497,2025-12-08,23037,28,2,0.2,297.74,277.99,444.78,South,Consumer,2025,12,Dec
503498,2024-05-19,23481,28,2,0.2,297.74,286.39,458.22,South,Consumer,2024,5,May
503499,2025-05-30,22005,22,1,0.1,356.25,359.78,323.8,West,Consumer,2025,5,May
503500,2024-06-11,23067,18,2,0.1,376.89,377.42,679.36,East,Consumer,2024,6,Jun
503501,2024-10-22,22681,15,2,0.0,203.7,208.16,416.32,Central,Small Business,2024,10,Oct
503502,2025-10-10,21616,20,1,0.05,187.69,197.04,187.19,Central,Consumer,2025,10,Oct
503503,2025-12-24,20694,11,1,0.05,526.43,491.14,466.58,West,Corporate,2025,12,Dec
503504,2025-03-16,22261,20,4,0.05,187.69,188.84,717.59,West,Small Business,2025,3,Mar
503505,2024-05-27,23113,1,3,0.1,118.77,114.35,308.74,South,Consumer,2024,5,May
503506,2024-02-10,20186,9,3,0.0,308.58,308.45,925.35,West,Small Business,2024,2,Feb
503507,2025-05-22,22315,22,1,0.0,356.25,332.3,332.3,East,Corporate,2025,5,May
503508,2025-08-09,21859,30,1,0.15,300.75,297.27,252.68,West,Consumer,2025,8,Aug
503509,2024-10-10,23647,6,4,0.0,183.47,179.3,717.2,Central,Consumer,2024,10,Oct
503510,2025-05-24,22983,2,1,0.0,177.67,189.63,189.63,Central,Small Business,2025,5,May
503511,2024-06-04,23211,11,4,0.1,526.43,491.84,1770.62,Central,Consumer,2024,6,Jun
503512,2025-01-11,23169,10,4,0.1,452.53,423.64,1525.1,North,Consumer,2025,1,Jan
503513,2024-03-18,21432,30,1,0.0,300.75,298.53,298.53,Central,Consumer,2024,3,Mar
503514,2025-08-26,22448,11,1,0.2,526.43,564.5,451.6,Central,Corporate,2025,8,Aug
503515,2025-09-09,20919,28,1,0.0,297.74,311.16,311.16,Central,Consumer,2025,9,Sep
503516,2025-07-15,23329,30,3,0.0,300.75,292.14,876.42,Central,Corporate,2025,7,Jul
503517,2024-01-08,21337,1,2,0.0,118.77,122.85,245.7,West,Consumer,2024,1,Jan
503518,2025-01-02,21382,18,4,0.0,376.89,351.52,1406.08,Central,Small Business,2025,1,Jan
503519,2024-12-16,23180,9,3,0.05,308.58,332.41,947.37,East,Consumer,2024,12,Dec
503520,2025-06-22,20352,12,4,0.0,119.8,113.68,454.72,West,Consumer,2025,6,Jun
503521,2025-07-06,23302,13,4,0.0,509.47,482.15,1928.6,Central,Corporate,2025,7,Jul
503522,2024-01-17,22065,10,4,0.0,452.53,417.14,1668.56,Central,Consumer,2024,1,Jan
503523,2025-10-27,20050,6,2,0.05,183.47,177.42,337.1,West,Consumer,2025,10,Oct
503524,2025-01-02,23971,3,3,0.0,379.36,353.02,1059.06,Central,Consumer,2025,1,Jan
503525,2024-03-05,23443,5,2,0.0,310.91,332.3,664.6,North,Consumer,2024,3,Mar
503526,2024-09-27,23563,1,3,0.1,118.77,116.04,313.31,South,Consumer,2024,9,Sep
503527,2025-06-11,23510,13,4,0.0,509.47,511.92,2047.68,South,Consumer,2025,6,Jun
503528,2024-06-17,23505,5,2,0.0,310.91,298.76,597.52,Central,Small Business,2024,6,Jun
503529,2025-01-10,20257,6,3,0.0,183.47,173.2,519.6,East,Consumer,2025,1,Jan
503530,2024-12-02,22424,14,1,0.0,323.49,301.03,301.03,North,Small Business,2024,12,Dec
503531,2024-09-18,22159,18,3,0.0,376.89,374.78,1124.34,Central,Consumer,2024,9,Sep
503532,2024-10-13,23817,9,3,0.1,308.58,300.58,811.57,West,Small Business,2024,10,Oct
503533,2025-02-13,21140,15,4,0.1,203.7,205.5,739.8,Central,Consumer,2025,2,Feb
503534,2024-05-15,22238,30,2,0.0,300.75,320.36,640.72,Central,Consumer,2024,5,May
503535,2025-04-27,20939,27,4,0.0,282.82,304.23,1216.92,East,Consumer,2025,4,Apr
503536,2025-12-31,21744,9,2,0.05,308.58,329.57,626.18,East,Small Business,2025,12,Dec
503537,2025-07-02,20714,22,2,0.1,356.25,345.01,621.02,South,Consumer,2025,7,Jul
503538,2024-02-08,22635,26,3,0.0,173.18,161.0,483.0,North,Small Business,2024,2,Feb
503539,2024-11-01,20461,17,1,0.0,364.39,366.16,366.16,North,Consumer,2024,11,Nov
503540,2025-09-04,22216,26,3,0.15,173.18,176.9,451.1,West,Consumer,2025,9,Sep
503541,2025-05-24,22643,10,3,0.1,452.53,425.14,1147.88,Central,Consumer,2025,5,May
503542,2025-07-05,22793,7,4,0.05,208.23,215.32,818.22,Central,Consumer,2025,7,Jul
503543,2025-04-19,20575,13,1,0.05,509.47,473.0,449.35,East,Consumer,2025,4,Apr
503544,2024-02-24,21511,7,3,0.1,208.23,199.35,538.24,Central,Consumer,2024,2,Feb
503545,2025-06-13,21656,19,2,0.05,495.95,531.33,1009.53,South,Consumer,2025,6,Jun
503546,2024-09-06,23894,22,4,0.05,356.25,370.7,1408.66,South,Consumer,2024,9,Sep
503547,2024-01-24,21022,27,2,0.2,282.82,295.68,473.09,South,Consumer,2024,1,Jan
503548,2025-03-25,23770,29,4,0.0,538.73,572.64,2290.56,South,Consumer,2025,3,Mar
503549,2025-04-03,20989,15,1,0.05,203.7,198.2,188.29,West,Small Business,2025,4,Apr
503550,2024-04-23,23212,16,2,0.1,113.27,115.32,207.58,South,Consumer,2024,4,Apr
503551,2025-06-30,23026,1,3,0.0,118.77,122.04,366.12,South,Consumer,2025,6,Jun
503552,2025-06-27,20138,12,3,0.15,119.8,122.68,312.83,Central,Consumer,2025,6,Jun
503553,2024-10-03,22439,9,1,0.0,308.58,293.85,293.85,East,Consumer,2024,10,Oct
503554,2024-09-13,21054,1,1,0.1,118.77,110.37,99.33,Central,Small Business,2024,9,Sep
503555,2025-10-04,20145,2,4,0.05,177.67,173.82,660.52,South,Consumer,2025,10,Oct
503556,2024-04-13,23742,24,2,0.05,471.09,502.3,954.37,West,Consumer,2024,4,Apr
503557,2025-04-26,23040,4,2,0.15,453.41,463.27,787.56,Central,Consumer,2025,4,Apr
503558,2025-05-20,23246,8,3,0.05,289.09,283.11,806.86,East,Consumer,2025,5,May
503559,2024-06-24,22554,19,1,0.05,495.95,485.76,461.47,Central,Small Business,2024,6,Jun
503560,2024-07-02,21013,6,2,0.05,183.47,186.36,354.08,West,Small Business,2024,7,Jul
503561,2025-01-17,22532,18,4,0.15,376.89,404.12,1374.01,East,Consumer,2025,1,Jan
503562,2024-09-13,22289,7,2,0.2,208.23,201.34,322.14,East,Consumer,2024,9,Sep
503563,2024-03-12,22667,11,4,0.2,526.43,519.77,1663.26,West,Consumer,2024,3,Mar
503564,2024-11-13,20108,21,3,0.15,301.42,325.36,829.67,North,Consumer,2024,11,Nov
503565,2025-06-21,21996,25,4,0.05,408.11,410.95,1561.61,South,Consumer,2025,6,Jun
503566,2024-11-11,23316,13,4,0.0,509.47,509.38,2037.52,North,Consumer,2024,11,Nov
503567,2025-06-30,21691,18,3,0.15,376.89,386.47,985.5,West,Consumer,2025,6,Jun
503568,2025-07-31,21977,25,1,0.0,408.11,424.99,424.99,Central,Consumer,2025,7,Jul
503569,2025-03-02,23623,25,2,0.0,408.11,400.16,800.32,West,Small Business,2025,3,Mar
503570,2025-04-17,21962,3,3,0.05,379.36,399.97,1139.91,East,Corporate,2025,4,Apr
503571,2024-02-18,21883,2,4,0.05,177.67,170.21,646.8,Central,Consumer,2024,2,Feb
503572,2025-09-15,20559,21,3,0.1,301.42,281.05,758.84,Central,Corporate,2025,9,Sep
503573,2024-04-24,21757,15,4,0.0,203.7,205.1,820.4,Central,Consumer,2024,4,Apr
503574,2025-07-17,20137,27,2,0.1,282.82,287.16,516.89,Central,Small Business,2025,7,Jul
503575,2025-07-16,23353,18,3,0.1,376.89,365.36,986.47,North,Consumer,2025,7,Jul
503576,2025-11-15,23777,26,4,0.15,173.18,167.21,568.51,North,Consumer,2025,11,Nov
503577,2024-09-01,22071,24,1,0.15,471.09,468.75,398.44,North,Small Business,2024,9,Sep
503578,2024-09-12,22924,6,4,0.15,183.47,183.11,622.57,South,Corporate,2024,9,Sep
503579,2024-07-01,22374,27,4,0.05,282.82,295.94,1124.57,Central,Consumer,2024,7,Jul
503580,2025-02-27,21048,18,3,0.0,376.89,385.06,1155.18,West,Consumer,2025,2,Feb
503581,2024-06-03,20845,3,2,0.0,379.36,399.84,799.68,West,Corporate,2024,6,Jun
503582,2025-09-07,20099,29,3,0.0,538.73,554.98,1664.94,Central,Small Business,2025,9,Sep
503583,2025-04-29,22934,7,4,0.05,208.23,199.12,756.66,West,Consumer,2025,4,Apr
503584,2025-08-20,22544,24,1,0.0,471.09,495.91,495.91,Central,Corporate,2025,8,Aug
503585,2024-12-17,20738,12,4,0.0,119.8,114.66,458.64,Central,Consumer,2024,12,Dec
503586,2025-08-14,23476,26,4,0.0,173.18,175.2,700.8,East,Consumer,2025,8,Aug
503587,2024-03-18,20246,3,2,0.1,379.36,363.6,654.48,West,Consumer,2024,3,Mar
503588,2024-11-10,21882,28,1,0.1,297.74,298.51,268.66,Central,Consumer,2024,11,Nov
503589,2025-03-30,20082,15,2,0.1,203.7,199.97,359.95,Central,Consumer,2025,3,Mar
503590,2024-12-21,22665,4,4,0.0,453.41,454.74,1818.96,West,Consumer,2024,12,Dec
503591,2025-06-26,21924,14,3,0.1,323.49,323.43,873.26,West,Small Business,2025,6,Jun
503592,2024-02-28,23814,6,4,0.0,183.47,181.17,724.68,East,Consumer,2024,2,Feb
503593,2025-08-08,22510,16,3,0.0,113.27,118.42,355.26,West,Corporate,2025,8,Aug
503594,2024-05-07,21935,24,3,0.0,471.09,492.61,1477.83,West,Consumer,2024,5,May
503595,2024-04-01,21725,4,4,0.1,453.41,447.64,1611.5,South,Small Business,2024,4,Apr
503596,2024-11-18,23250,24,2,0.0,471.09,497.6,995.2,Central,Consumer,2024,11,Nov
503597,2025-08-07,23321,25,3,0.05,408.11,399.27,1137.92,West,Consumer,2025,8,Aug
503598,2024-08-15,21389,4,3,0.0,453.41,459.0,1377.0,Central,Consumer,2024,8,Aug
503599,2025-09-03,23764,26,3,0.0,173.18,162.44,487.32,Central,Small Business,2025,9,Sep
503600,2024-06-25,20050,26,4,0.15,173.18,182.61,620.87,West,Consumer,2024,6,Jun
503601,2025-07-31,23368,19,1,0.15,495.95,469.94,399.45,West,Consumer,2025,7,Jul
503602,2024-04-19,23412,10,1,0.0,452.53,461.68,461.68,Central,Corporate,2024,4,Apr
503603,2025-05-20,21488,6,1,0.2,183.47,196.46,157.17,Central,Corporate,2025,5,May
503604,2025-07-04,23798,28,1,0.0,297.74,290.15,290.15,South,Corporate,2025,7,Jul
503605,2024-03-18,21943,24,1,0.0,471.09,449.34,449.34,East,Corporate,2024,3,Mar
503606,2025-08-15,20232,2,1,0.05,177.67,178.88,169.94,North,Consumer,2025,8,Aug
503607,2025-04-01,21397,8,4,0.05,289.09,305.31,1160.18,Central,Corporate,2025,4,Apr
503608,2024-12-24,22598,19,3,0.0,495.95,526.85,1580.55,West,Small Business,2024,12,Dec
503609,2025-10-26,21966,19,2,0.05,495.95,474.18,900.94,West,Consumer,2025,10,Oct
503610,2025-08-26,22832,30,1,0.0,300.75,323.52,323.52,South,Consumer,2025,8,Aug
503611,2024-09-22,23418,21,3,0.2,301.42,305.52,733.25,Central,Consumer,2024,9,Sep
503612,2025-10-30,23465,18,2,0.0,376.89,385.5,771.0,East,Corporate,2025,10,Oct
503613,2025-10-09,22566,11,3,0.0,526.43,505.28,1515.84,East,Consumer,2025,10,Oct
503614,2024-04-21,22698,4,4,0.0,453.41,443.04,1772.16,Central,Consumer,2024,4,Apr
503615,2025-04-08,20765,9,2,0.0,308.58,289.31,578.62,South,Consumer,2025,4,Apr
503616,2025-08-30,23287,3,3,0.0,379.36,394.39,1183.17,East,Consumer,2025,8,Aug
503617,2024-04-04,22321,29,4,0.0,538.73,526.13,2104.52,West,Consumer,2024,4,Apr
503618,2024-01-21,22936,18,3,0.0,376.89,383.58,1150.74,South,Small Business,2024,1,Jan
503619,2025-07-09,21777,13,1,0.0,509.47,531.75,531.75,West,Consumer,2025,7,Jul
503620,2024-03-23,21529,22,1,0.0,356.25,362.19,362.19,Central,Consumer,2024,3,Mar
503621,2024-08-22,22914,20,2,0.0,187.69,177.66,355.32,East,Consumer,2024,8,Aug
503622,2024-10-27,20535,25,1,0.0,408.11,383.66,383.66,North,Corporate,2024,10,Oct
503623,2025-09-20,20876,2,2,0.1,177.67,176.09,316.96,Central,Consumer,2025,9,Sep
503624,2025-05-05,23579,18,1,0.1,376.89,372.85,335.57,West,Corporate,2025,5,May
503625,2024-07-22,21902,1,1,0.0,118.77,115.56,115.56,Central,Consumer,2024,7,Jul
503626,2024-12-23,23807,10,1,0.1,452.53,420.49,378.44,West,Corporate,2024,12,Dec
503627,2024-12-12,22127,11,1,0.0,526.43,499.7,499.7,Central,Corporate,2024,12,Dec
503628,2024-06-01,20096,4,1,0.0,453.41,455.98,455.98,West,Consumer,2024,6,Jun
503629,2024-11-28,22665,29,3,0.1,538.73,577.14,1558.28,West,Consumer,2024,11,Nov
503630,2025-04-06,22818,20,2,0.1,187.69,179.46,323.03,North,Small Business,2025,4,Apr
503631,2024-04-05,23303,25,1,0.05,408.11,377.89,359.0,South,Consumer,2024,4,Apr
503632,2025-09-27,20392,17,2,0.05,364.39,344.89,655.29,East,Consumer,2025,9,Sep
503633,2025-05-17,22240,15,2,0.05,203.7,206.75,392.82,South,Consumer,2025,5,May
503634,2025-08-04,22833,8,1,0.0,289.09,274.41,274.41,West,Consumer,2025,8,Aug
503635,2025-01-17,20265,7,4,0.1,208.23,196.4,707.04,South,Consumer,2025,1,Jan
503636,2024-08-04,20856,29,4,0.1,538.73,568.26,2045.74,South,Consumer,2024,8,Aug
503637,2025-06-13,23479,28,4,0.1,297.74,301.65,1085.94,North,Corporate,2025,6,Jun
503638,2025-10-21,23911,17,4,0.15,364.39,390.01,1326.03,West,Small Business,2025,10,Oct
503639,2024-04-30,20854,26,4,0.15,173.18,180.31,613.05,West,Small Business,2024,4,Apr
503640,2024-10-09,22974,24,2,0.15,471.09,456.85,776.64,Central,Consumer,2024,10,Oct
503641,2025-11-11,22442,23,4,0.1,430.62,436.01,1569.64,West,Consumer,2025,11,Nov
503642,2025-10-18,22809,19,4,0.0,495.95,482.68,1930.72,Central,Consumer,2025,10,Oct
503643,2025-09-22,22585,12,3,0.1,119.8,110.58,298.57,Central,Consumer,2025,9,Sep
503644,2024-03-16,20875,5,4,0.15,310.91,307.72,1046.25,West,Consumer,2024,3,Mar
503645,2024-04-03,20065,14,4,0.0,323.49,347.78,1391.12,Central,Small Business,2024,4,Apr
503646,2025-11-14,20954,28,2,0.0,297.74,311.91,623.82,Central,Small Business,2025,11,Nov
503647,2025-09-24,21286,4,1,0.05,453.41,417.71,396.82,North,Small Business,2025,9,Sep
503648,2024-09-11,22223,18,3,0.05,376.89,368.15,1049.23,South,Consumer,2024,9,Sep
503649,2024-08-12,21621,15,3,0.0,203.7,209.8,629.4,Central,Consumer,2024,8,Aug
503650,2024-11-16,20643,20,4,0.0,187.69,193.05,772.2,West,Small Business,2024,11,Nov
503651,2024-01-06,23981,22,2,0.0,356.25,341.62,683.24,East,Consumer,2024,1,Jan
503652,2025-09-04,21271,16,4,0.1,113.27,111.51,401.44,West,Consumer,2025,9,Sep
503653,2025-10-02,21812,18,1,0.1,376.89,391.09,351.98,North,Consumer,2025,10,Oct
503654,2025-05-19,23663,24,1,0.0,471.09,505.07,505.07,South,Consumer,2025,5,May
503655,2024-05-10,22557,7,4,0.05,208.23,202.36,768.97,North,Consumer,2024,5,May
503656,2025-02-09,21820,29,3,0.0,538.73,503.77,1511.31,Central,Consumer,2025,2,Feb
503657,2024-10-30,20516,16,1,0.0,113.27,115.61,115.61,West,Consumer,2024,10,Oct
503658,2025-05-11,21366,10,2,0.0,452.53,446.58,893.16,West,Small Business,2025,5,May
503659,2024-02-11,23926,27,1,0.0,282.82,286.11,286.11,Central,Consumer,2024,2,Feb
503660,2025-01-15,23431,26,2,0.1,173.18,167.46,301.43,East,Consumer,2025,1,Jan
503661,2025-08-08,21471,6,1,0.0,183.47,186.24,186.24,Central,Consumer,2025,8,Aug
503662,2024-01-20,22674,4,3,0.1,453.41,428.37,1156.6,Central,Consumer,2024,1,Jan
503663,2025-11-29,20945,26,3,0.05,173.18,160.95,458.71,West,Consumer,2025,11,Nov
503664,2024-12-09,21805,13,1,0.0,509.47,538.89,538.89,East,Corporate,2024,12,Dec
503665,2024-02-01,22230,30,1,0.0,300.75,278.14,278.14,West,Corporate,2024,2,Feb
503666,2025-03-17,23082,27,1,0.0,282.82,277.96,277.96,South,Consumer,2025,3,Mar
503667,2025-05-14,21555,4,1,0.05,453.41,447.1,424.74,North,Consumer,2025,5,May
503668,2024-04-06,20850,18,1,0.0,376.89,375.04,375.04,West,Consumer,2024,4,Apr
503669,2024-12-14,21064,17,3,0.1,364.39,390.05,1053.14,South,Corporate,2024,12,Dec
503670,2024-06-14,20424,2,4,0.05,177.67,174.4,662.72,Central,Consumer,2024,6,Jun
503671,2025-10-30,21490,10,3,0.1,452.53,462.2,1247.94,North,Consumer,2025,10,Oct
503672,2024-06-16,21158,12,1,0.1,119.8,119.31,107.38,West,Consumer,2024,6,Jun
503673,2024-03-29,23979,18,4,0.05,376.89,386.11,1467.22,North,Consumer,2024,3,Mar
503674,2025-01-30,21265,22,4,0.0,356.25,383.34,1533.36,South,Consumer,2025,1,Jan
503675,2025-10-26,22664,5,4,0.05,310.91,331.39,1259.28,Central,Consumer,2025,10,Oct
503676,2024-06-13,23602,10,4,0.15,452.53,482.94,1642.0,West,Consumer,2024,6,Jun
503677,2025-10-14,20500,13,2,0.05,509.47,533.96,1014.52,Central,Small Business,2025,10,Oct
503678,2024-06-15,23876,8,3,0.15,289.09,295.42,753.32,East,Corporate,2024,6,Jun
503679,2025-11-04,22353,26,4,0.0,173.18,176.53,706.12,East,Consumer,2025,11,Nov
503680,2024-11-07,20218,25,1,0.0,408.11,413.92,413.92,West,Consumer,2024,11,Nov
503681,2024-10-21,20050,4,2,0.05,453.41,432.27,821.31,West,Consumer,2024,10,Oct
503682,2025-07-30,23566,8,4,0.0,289.09,303.07,1212.28,Central,Consumer,2025,7,Jul
503683,2024-12-22,21849,9,3,0.05,308.58,318.09,906.56,Central,Consumer,2024,12,Dec
503684,2024-07-23,23309,7,3,0.0,208.23,214.02,642.06,West,Consumer,2024,7,Jul
503685,2024-10-02,20929,5,4,0.0,310.91,320.83,1283.32,West,Consumer,2024,10,Oct
503686,2024-07-02,20757,21,3,0.15,301.42,311.65,794.71,South,Consumer,2024,7,Jul
503687,2024-11-23,23416,26,3,0.0,173.18,163.84,491.52,East,Consumer,2024,11,Nov
503688,2025-01-02,21896,21,3,0.2,301.42,320.37,768.89,South,Consumer,2025,1,Jan
503689,2025-05-16,20370,21,3,0.05,301.42,286.87,817.58,West,Corporate,2025,5,May
503690,2024-09-14,21939,1,2,0.1,118.77,121.3,218.34,Central,Consumer,2024,9,Sep
503691,2024-07-14,21148,3,2,0.0,379.36,379.35,758.7,East,Small Business,2024,7,Jul
503692,2025-12-18,20826,17,4,0.05,364.39,347.79,1321.6,Central,Corporate,2025,12,Dec
503693,2025-08-24,22686,20,2,0.05,187.69,200.02,380.04,North,Consumer,2025,8,Aug
503694,2025-08-12,21529,2,3,0.1,177.67,174.61,471.45,Central,Consumer,2025,8,Aug
503695,2024-09-17,21148,22,2,0.0,356.25,374.43,748.86,East,Small Business,2024,9,Sep
503696,2024-10-13,20645,28,3,0.05,297.74,293.07,835.25,South,Small Business,2024,10,Oct
503697,2025-05-08,23334,20,2,0.0,187.69,200.51,401.02,West,Consumer,2025,5,May
503698,2024-03-28,22241,23,3,0.1,430.62,398.2,1075.14,East,Consumer,2024,3,Mar
503699,2025-12-08,23664,23,2,0.0,430.62,457.88,915.76,Central,Consumer,2025,12,Dec
503700,2024-06-08,21358,23,1,0.05,430.62,460.56,437.53,South,Corporate,2024,6,Jun
503701,2024-06-19,20024,16,2,0.0,113.27,119.54,239.08,Central,Consumer,2024,6,Jun
503702,2025-07-26,21848,23,3,0.0,430.62,435.56,1306.68,South,Consumer,2025,7,Jul
503703,2024-07-22,21354,1,2,0.0,118.77,128.03,256.06,North,Corporate,2024,7,Jul
503704,2024-11-30,21982,6,2,0.1,183.47,178.43,321.17,Central,Small Business,2024,11,Nov
503705,2025-11-23,21940,15,3,0.0,203.7,209.84,629.52,South,Consumer,2025,11,Nov
503706,2024-05-22,22102,4,2,0.05,453.41,458.4,870.96,West,Consumer,2024,5,May
503707,2024-03-19,23178,14,2,0.15,323.49,306.36,520.81,Central,Small Business,2024,3,Mar
503708,2025-04-01,20737,14,2,0.05,323.49,327.88,622.97,East,Small Business,2025,4,Apr
503709,2024-01-26,23909,15,1,0.05,203.7,200.3,190.28,Central,Small Business,2024,1,Jan
503710,2025-04-12,20052,21,4,0.0,301.42,283.88,1135.52,Central,Consumer,2025,4,Apr
503711,2024-06-26,22118,11,3,0.1,526.43,509.9,1376.73,East,Consumer,2024,6,Jun
503712,2024-08-28,22293,30,4,0.0,300.75,276.83,1107.32,West,Consumer,2024,8,Aug
503713,2024-10-12,23133,2,1,0.05,177.67,191.4,181.83,Central,Consumer,2024,10,Oct
503714,2024-04-15,21216,9,4,0.05,308.58,284.93,1082.73,East,Consumer,2024,4,Apr
503715,2025-10-20,22822,27,4,0.0,282.82,280.94,1123.76,East,Consumer,2025,10,Oct
503716,2025-02-16,20259,28,3,0.0,297.74,275.37,826.11,Central,Consumer,2025,2,Feb
503717,2024-09-15,21754,27,3,0.05,282.82,279.96,797.89,South,Consumer,2024,9,Sep
503718,2025-02-16,21503,3,3,0.15,379.36,390.46,995.67,Central,Consumer,2025,2,Feb
503719,2024-08-22,23847,15,2,0.0,203.7,206.57,413.14,North,Corporate,2024,8,Aug
503720,2024-11-30,23955,10,2,0.0,452.53,454.3,908.6,Central,Consumer,2024,11,Nov
503721,2024-04-14,23537,3,2,0.0,379.36,357.06,714.12,West,Small Business,2024,4,Apr
503722,2025-12-09,22473,13,1,0.0,509.47,508.63,508.63,East,Small Business,2025,12,Dec
503723,2025-07-23,20169,1,1,0.0,118.77,112.62,112.62,Central,Small Business,2025,7,Jul
503724,2024-08-22,22893,11,3,0.05,526.43,528.7,1506.8,West,Consumer,2024,8,Aug
503725,2025-02-03,20801,18,3,0.1,376.89,365.78,987.61,West,Consumer,2025,2,Feb
503726,2025-01-02,23375,26,4,0.0,173.18,172.39,689.56,East,Consumer,2025,1,Jan
503727,2024-02-14,21522,3,2,0.05,379.36,359.6,683.24,North,Consumer,2024,2,Feb
503728,2025-04-09,22707,14,3,0.0,323.49,312.0,936.0,East,Small Business,2025,4,Apr
503729,2025-01-14,22239,13,2,0.2,509.47,517.2,827.52,North,Corporate,2025,1,Jan
503730,2025-05-19,21762,24,4,0.2,471.09,451.0,1443.2,Central,Consumer,2025,5,May
503731,2024-06-27,22562,8,4,0.15,289.09,289.4,983.96,South,Consumer,2024,6,Jun
503732,2025-09-09,23472,27,2,0.0,282.82,301.1,602.2,North,Consumer,2025,9,Sep
503733,2025-06-24,22933,9,3,0.0,308.58,283.92,851.76,Central,Small Business,2025,6,Jun
503734,2024-06-10,21221,16,2,0.0,113.27,117.1,234.2,Central,Consumer,2024,6,Jun
503735,2025-02-15,20730,25,4,0.15,408.11,415.12,1411.41,West,Corporate,2025,2,Feb
503736,2025-09-22,21018,12,4,0.0,119.8,128.6,514.4,Central,Consumer,2025,9,Sep
503737,2024-01-22,22100,23,2,0.1,430.62,463.6,834.48,West,Small Business,2024,1,Jan
503738,2024-03-15,21040,1,3,0.0,118.77,124.76,374.28,South,Consumer,2024,3,Mar
503739,2025-08-24,23187,29,1,0.0,538.73,569.27,569.27,East,Consumer,2025,8,Aug
503740,2024-02-17,21397,22,1,0.05,356.25,361.15,343.09,Central,Corporate,2024,2,Feb
503741,2024-09-22,20798,5,3,0.05,310.91,306.45,873.38,West,Small Business,2024,9,Sep
503742,2025-09-28,23110,29,1,0.0,538.73,556.43,556.43,North,Small Business,2025,9,Sep
503743,2025-07-16,22989,26,2,0.05,173.18,163.84,311.3,South,Small Business,2025,7,Jul
503744,2024-08-25,20432,8,2,0.05,289.09,297.99,566.18,West,Small Business,2024,8,Aug
503745,2025-03-01,22085,11,4,0.2,526.43,533.53,1707.3,Central,Consumer,2025,3,Mar
503746,2025-08-05,22094,29,1,0.05,538.73,511.37,485.8,South,Small Business,2025,8,Aug
503747,2024-10-18,21519,12,4,0.0,119.8,116.45,465.8,North,Small Business,2024,10,Oct
503748,2025-07-19,22402,30,4,0.0,300.75,286.03,1144.12,South,Corporate,2025,7,Jul
503749,2025-09-06,22078,9,3,0.15,308.58,291.47,743.25,Central,Consumer,2025,9,Sep
503750,2025-05-08,23722,20,1,0.0,187.69,184.48,184.48,Central,Small Business,2025,5,May
503751,2025-05-13,20528,7,1,0.2,208.23,222.13,177.7,North,Consumer,2025,5,May
503752,2024-05-29,21537,20,1,0.0,187.69,178.48,178.48,Central,Small Business,2024,5,May
503753,2025-09-04,21613,25,4,0.05,408.11,382.29,1452.7,East,Consumer,2025,9,Sep
503754,2024-11-06,21910,26,3,0.05,173.18,186.04,530.21,South,Consumer,2024,11,Nov
503755,2025-01-28,22912,13,1,0.05,509.47,505.92,480.62,Central,Consumer,2025,1,Jan
503756,2025-08-14,22753,30,4,0.0,300.75,291.32,1165.28,South,Corporate,2025,8,Aug
503757,2024-08-18,23776,13,1,0.0,509.47,519.53,519.53,Central,Small Business,2024,8,Aug
503758,2024-03-12,20663,19,1,0.1,495.95,527.54,474.79,South,Consumer,2024,3,Mar
503759,2024-01-12,21029,27,4,0.05,282.82,297.04,1128.75,South,Consumer,2024,1,Jan
503760,2025-01-04,21631,1,1,0.2,118.77,113.43,90.74,Central,Consumer,2025,1,Jan
503761,2025-02-12,22925,21,3,0.1,301.42,306.23,826.82,South,Small Business,2025,2,Feb
503762,2024-04-22,20127,23,2,0.2,430.62,425.53,680.85,South,Consumer,2024,4,Apr
503763,2025-03-15,20906,13,2,0.05,509.47,520.46,988.87,West,Consumer,2025,3,Mar
503764,2024-03-15,20008,9,2,0.0,308.58,289.96,579.92,Central,Consumer,2024,3,Mar
503765,2025-03-29,20248,22,2,0.1,356.25,375.45,675.81,Central,Small Business,2025,3,Mar
503766,2024-11-18,21698,16,1,0.05,113.27,118.94,112.99,South,Small Business,2024,11,Nov
503767,2025-12-26,21045,4,1,0.1,453.41,461.54,415.39,South,Small Business,2025,12,Dec
503768,2024-08-14,23265,19,1,0.0,495.95,463.79,463.79,South,Consumer,2024,8,Aug
503769,2025-07-30,20443,29,4,0.0,538.73,573.5,2294.0,North,Consumer,2025,7,Jul
503770,2025-08-22,21536,12,1,0.05,119.8,123.49,117.32,West,Consumer,2025,8,Aug
503771,2025-11-17,20290,24,4,0.0,471.09,456.28,1825.12,South,Consumer,2025,11,Nov
503772,2024-12-22,22213,4,4,0.05,453.41,463.21,1760.2,North,Consumer,2024,12,Dec
503773,2025-01-05,22580,2,2,0.0,177.67,176.68,353.36,South,Consumer,2025,1,Jan
503774,2025-06-25,21885,17,3,0.0,364.39,373.08,1119.24,South,Consumer,2025,6,Jun
503775,2025-01-05,20460,8,3,0.15,289.09,292.61,746.16,East,Consumer,2025,1,Jan
503776,2025-04-28,21720,15,4,0.1,203.7,194.42,699.91,Central,Consumer,2025,4,Apr
503777,2024-12-01,23406,12,1,0.2,119.8,119.04,95.23,West,Corporate,2024,12,Dec
503778,2025-11-26,22449,30,4,0.05,300.75,302.64,1150.03,South,Consumer,2025,11,Nov
503779,2025-12-23,22332,11,4,0.0,526.43,523.93,2095.72,Central,Consumer,2025,12,Dec
503780,2024-07-09,23799,3,4,0.05,379.36,381.91,1451.26,Central,Consumer,2024,7,Jul
503781,2024-04-05,20828,8,1,0.0,289.09,267.97,267.97,North,Consumer,2024,4,Apr
503782,2025-07-24,22204,27,2,0.05,282.82,300.47,570.89,East,Corporate,2025,7,Jul
503783,2024-05-21,21241,15,4,0.2,203.7,200.07,640.22,Central,Consumer,2024,5,May
503784,2024-05-17,23395,15,4,0.1,203.7,209.04,752.54,West,Small Business,2024,5,May
503785,2025-09-01,23093,25,2,0.15,408.11,413.61,703.14,Central,Small Business,2025,9,Sep
503786,2025-09-22,21341,7,4,0.0,208.23,221.98,887.92,South,Consumer,2025,9,Sep
503787,2024-02-11,23381,26,2,0.0,173.18,182.85,365.7,West,Small Business,2024,2,Feb
503788,2025-09-30,21115,9,3,0.1,308.58,321.94,869.24,Central,Consumer,2025,9,Sep
503789,2025-12-24,21754,24,3,0.1,471.09,476.03,1285.28,South,Consumer,2025,12,Dec
503790,2025-08-20,20318,1,4,0.0,118.77,119.05,476.2,West,Small Business,2025,8,Aug
503791,2024-06-13,21770,12,2,0.05,119.8,116.88,222.07,Central,Small Business,2024,6,Jun
503792,2024-08-22,22336,17,4,0.0,364.39,355.32,1421.28,Central,Small Business,2024,8,Aug
503793,2025-04-11,22606,15,3,0.05,203.7,192.82,549.54,North,Consumer,2025,4,Apr
503794,2024-04-17,22947,28,3,0.15,297.74,290.69,741.26,South,Consumer,2024,4,Apr
503795,2025-08-27,22992,11,3,0.1,526.43,549.98,1484.95,Central,Small Business,2025,8,Aug
503796,2025-09-08,22515,23,1,0.05,430.62,434.93,413.18,Central,Consumer,2025,9,Sep
503797,2025-09-13,21582,27,4,0.1,282.82,281.84,1014.62,Central,Small Business,2025,9,Sep
503798,2025-03-06,23402,9,4,0.1,308.58,324.97,1169.89,East,Small Business,2025,3,Mar
503799,2025-11-11,21259,23,4,0.0,430.62,442.09,1768.36,East,Small Business,2025,11,Nov
503800,2024-11-23,20844,11,1,0.1,526.43,520.03,468.03,East,Corporate,2024,11,Nov
503801,2024-09-21,21115,14,1,0.15,323.49,305.96,260.07,Central,Consumer,2024,9,Sep
503802,2024-10-28,22661,9,4,0.0,308.58,331.31,1325.24,Central,Consumer,2024,10,Oct
503803,2024-07-05,22558,11,4,0.05,526.43,503.72,1914.14,Central,Consumer,2024,7,Jul
503804,2024-03-15,21984,4,4,0.0,453.41,471.1,1884.4,Central,Consumer,2024,3,Mar
503805,2024-12-12,23619,24,2,0.05,471.09,434.99,826.48,East,Consumer,2024,12,Dec
503806,2025-04-17,21265,5,2,0.05,310.91,324.83,617.18,South,Consumer,2025,4,Apr
503807,2025-07-24,20481,23,1,0.0,430.62,445.12,445.12,Central,Consumer,2025,7,Jul
503808,2025-01-15,21950,22,3,0.0,356.25,364.15,1092.45,Central,Consumer,2025,1,Jan
503809,2025-12-22,21155,27,2,0.0,282.82,270.6,541.2,Central,Small Business,2025,12,Dec
503810,2025-12-03,22887,18,4,0.1,376.89,400.78,1442.81,Central,Small Business,2025,12,Dec
503811,2024-04-19,22065,5,4,0.05,310.91,303.68,1153.98,Central,Consumer,2024,4,Apr
503812,2025-05-08,23563,9,2,0.0,308.58,297.28,594.56,South,Consumer,2025,5,May
503813,2025-04-11,23007,24,1,0.15,471.09,444.2,377.57,Central,Small Business,2025,4,Apr
503814,2025-12-06,22402,8,4,0.15,289.09,291.52,991.17,South,Corporate,2025,12,Dec
503815,2025-09-03,21679,25,3,0.05,408.11,426.45,1215.38,North,Consumer,2025,9,Sep
503816,2024-04-12,22652,22,2,0.0,356.25,338.34,676.68,Central,Corporate,2024,4,Apr
503817,2024-06-01,21431,19,1,0.05,495.95,495.16,470.4,East,Consumer,2024,6,Jun
503818,2025-05-13,23737,3,3,0.0,379.36,403.28,1209.84,South,Consumer,2025,5,May
503819,2024-07-08,22380,17,4,0.0,364.39,377.61,1510.44,South,Small Business,2024,7,Jul
503820,2025-08-18,22962,7,4,0.2,208.23,199.83,639.46,North,Consumer,2025,8,Aug
503821,2025-02-06,20863,30,2,0.0,300.75,296.09,592.18,Central,Small Business,2025,2,Feb
503822,2025-03-22,20885,11,2,0.0,526.43,493.55,987.1,Central,Consumer,2025,3,Mar
503823,2025-09-14,21912,14,2,0.0,323.49,301.36,602.72,North,Consumer,2025,9,Sep
503824,2025-03-25,23068,27,1,0.0,282.82,292.23,292.23,Central,Small Business,2025,3,Mar
503825,2025-03-14,23647,1,3,0.0,118.77,111.35,334.05,Central,Consumer,2025,3,Mar
503826,2024-04-23,20514,25,3,0.05,408.11,418.2,1191.87,North,Small Business,2024,4,Apr
503827,2025-09-18,20389,9,2,0.1,308.58,327.17,588.91,Central,Small Business,2025,9,Sep
503828,2024-08-22,20537,3,2,0.0,379.36,354.4,708.8,West,Consumer,2024,8,Aug
503829,2024-07-23,20393,6,1,0.1,183.47,175.18,157.66,East,Consumer,2024,7,Jul
503830,2025-04-07,23804,17,4,0.05,364.39,337.79,1283.6,Central,Consumer,2025,4,Apr
503831,2024-04-05,20600,7,2,0.2,208.23,212.34,339.74,Central,Consumer,2024,4,Apr
503832,2024-12-11,20449,26,4,0.05,173.18,166.74,633.61,South,Small Business,2024,12,Dec
503833,2025-04-24,21267,3,1,0.15,379.36,384.5,326.82,Central,Consumer,2025,4,Apr
503834,2025-09-22,23314,17,4,0.0,364.39,379.45,1517.8,South,Small Business,2025,9,Sep
503835,2024-06-13,23657,1,3,0.1,118.77,116.26,313.9,North,Small Business,2024,6,Jun
503836,2025-07-22,22704,14,3,0.0,323.49,305.8,917.4,Central,Consumer,2025,7,Jul
503837,2025-08-08,22373,23,3,0.0,430.62,401.29,1203.87,Central,Consumer,2025,8,Aug
503838,2025-01-26,23021,27,4,0.1,282.82,286.9,1032.84,Central,Consumer,2025,1,Jan
503839,2025-10-02,20365,26,4,0.1,173.18,161.13,580.07,South,Consumer,2025,10,Oct
503840,2025-03-23,22245,23,2,0.05,430.62,443.79,843.2,East,Consumer,2025,3,Mar
503841,2024-07-21,20233,26,2,0.1,173.18,160.95,289.71,North,Consumer,2024,7,Jul
503842,2025-04-24,23033,16,1,0.1,113.27,109.31,98.38,Central,Consumer,2025,4,Apr
503843,2025-03-28,21980,27,3,0.05,282.82,296.49,845.0,West,Consumer,2025,3,Mar
503844,2025-04-23,23819,6,3,0.05,183.47,192.33,548.14,South,Small Business,2025,4,Apr
503845,2024-04-26,22404,14,2,0.1,323.49,312.33,562.19,North,Consumer,2024,4,Apr
503846,2025-05-23,22969,6,3,0.0,183.47,183.07,549.21,East,Consumer,2025,5,May
503847,2025-09-17,20252,5,4,0.0,310.91,316.51,1266.04,Central,Consumer,2025,9,Sep
503848,2024-12-29,21280,8,2,0.0,289.09,292.42,584.84,West,Consumer,2024,12,Dec
503849,2025-01-06,21835,23,4,0.05,430.62,457.14,1737.13,Central,Consumer,2025,1,Jan
503850,2024-03-31,23577,18,1,0.15,376.89,378.77,321.95,South,Small Business,2024,3,Mar
503851,2024-08-24,22714,17,1,0.0,364.39,371.12,371.12,Central,Small Business,2024,8,Aug
503852,2025-11-29,21915,17,2,0.0,364.39,374.22,748.44,West,Corporate,2025,11,Nov
503853,2025-10-29,22600,13,3,0.0,509.47,500.09,1500.27,Central,Small Business,2025,10,Oct
503854,2024-01-13,20637,19,1,0.0,495.95,522.93,522.93,Central,Small Business,2024,1,Jan
503855,2025-04-29,22744,6,2,0.1,183.47,173.62,312.52,East,Consumer,2025,4,Apr
503856,2024-01-13,23621,6,1,0.2,183.47,189.65,151.72,South,Corporate,2024,1,Jan
503857,2025-05-06,21341,10,1,0.05,452.53,427.86,406.47,South,Consumer,2025,5,May
503858,2025-11-16,21655,16,4,0.05,113.27,108.26,411.39,West,Consumer,2025,11,Nov
503859,2025-03-03,23822,20,1,0.15,187.69,196.57,167.08,South,Consumer,2025,3,Mar
503860,2024-12-27,20996,19,3,0.15,495.95,506.92,1292.65,North,Consumer,2024,12,Dec
503861,2024-07-06,22707,5,3,0.0,310.91,317.18,951.54,East,Small Business,2024,7,Jul
503862,2025-08-20,22560,26,3,0.0,173.18,169.32,507.96,Central,Consumer,2025,8,Aug
503863,2025-10-31,20837,22,2,0.0,356.25,381.72,763.44,Central,Consumer,2025,10,Oct
503864,2024-10-08,23982,9,1,0.1,308.58,299.84,269.86,East,Corporate,2024,10,Oct
503865,2025-05-16,23806,5,4,0.1,310.91,293.85,1057.86,Central,Small Business,2025,5,May
503866,2024-11-11,23375,9,4,0.05,308.58,300.5,1141.9,East,Consumer,2024,11,Nov
503867,2024-06-19,22627,30,2,0.0,300.75,283.82,567.64,Central,Consumer,2024,6,Jun
503868,2025-05-30,21004,30,2,0.1,300.75,323.82,582.88,Central,Small Business,2025,5,May
503869,2025-03-05,20059,13,3,0.05,509.47,544.11,1550.71,Central,Consumer,2025,3,Mar
503870,2025-01-06,22851,2,3,0.0,177.67,185.43,556.29,Central,Consumer,2025,1,Jan
503871,2025-08-10,22797,11,1,0.15,526.43,545.8,463.93,South,Consumer,2025,8,Aug
503872,2025-10-20,21018,15,1,0.0,203.7,190.16,190.16,Central,Consumer,2025,10,Oct
503873,2024-07-17,20498,29,1,0.0,538.73,528.76,528.76,West,Consumer,2024,7,Jul
503874,2025-05-20,22050,28,3,0.0,297.74,287.86,863.58,Central,Consumer,2025,5,May
503875,2024-11-18,23983,21,4,0.15,301.42,281.47,957.0,East,Consumer,2024,11,Nov
503876,2025-01-20,20563,17,1,0.15,364.39,384.3,326.65,North,Small Business,2025,1,Jan
503877,2024-08-16,21246,16,3,0.1,113.27,121.06,326.86,North,Consumer,2024,8,Aug
503878,2025-08-29,21155,18,2,0.05,376.89,388.16,737.5,Central,Small Business,2025,8,Aug
503879,2024-01-05,20691,3,1,0.0,379.36,360.05,360.05,East,Consumer,2024,1,Jan
503880,2025-02-02,23962,9,4,0.15,308.58,326.58,1110.37,North,Small Business,2025,2,Feb
503881,2024-12-08,23425,18,2,0.0,376.89,390.85,781.7,North,Corporate,2024,12,Dec
503882,2024-08-07,21821,23,1,0.0,430.62,401.97,401.97,South,Consumer,2024,8,Aug
503883,2024-09-04,21481,13,2,0.05,509.47,525.08,997.65,South,Consumer,2024,9,Sep
503884,2024-03-28,22968,29,2,0.05,538.73,502.85,955.42,Central,Consumer,2024,3,Mar
503885,2024-05-04,23932,23,1,0.05,430.62,420.01,399.01,Central,Consumer,2024,5,May
503886,2024-09-13,21754,14,2,0.05,323.49,299.73,569.49,South,Consumer,2024,9,Sep
503887,2024-03-20,23477,30,1,0.05,300.75,313.25,297.59,North,Small Business,2024,3,Mar
503888,2025-04-08,20008,26,1,0.05,173.18,175.35,166.58,Central,Consumer,2025,4,Apr
503889,2025-02-14,22512,16,4,0.0,113.27,112.4,449.6,South,Consumer,2025,2,Feb
503890,2025-12-18,22618,2,2,0.0,177.67,186.23,372.46,East,Consumer,2025,12,Dec
503891,2025-10-27,21694,18,2,0.0,376.89,394.62,789.24,East,Corporate,2025,10,Oct
503892,2025-06-28,21677,26,4,0.0,173.18,175.89,703.56,South,Small Business,2025,6,Jun
503893,2025-01-08,20584,27,1,0.0,282.82,260.29,260.29,South,Small Business,2025,1,Jan
503894,2025-03-28,21046,29,2,0.0,538.73,581.43,1162.86,Central,Small Business,2025,3,Mar
503895,2024-03-01,22637,3,1,0.15,379.36,404.29,343.65,Central,Consumer,2024,3,Mar
503896,2024-05-27,20783,26,3,0.05,173.18,172.5,491.62,West,Corporate,2024,5,May
503897,2025-06-12,21150,13,1,0.0,509.47,539.74,539.74,West,Consumer,2025,6,Jun
503898,2025-05-31,21945,3,4,0.05,379.36,370.2,1406.76,East,Small Business,2025,5,May
503899,2024-01-13,20423,14,3,0.1,323.49,307.54,830.36,West,Consumer,2024,1,Jan
503900,2025-01-17,23591,20,1,0.15,187.69,183.06,155.6,North,Small Business,2025,1,Jan
503901,2024-08-15,23631,19,1,0.1,495.95,519.51,467.56,Central,Consumer,2024,8,Aug
503902,2025-06-24,21365,3,2,0.0,379.36,351.64,703.28,Central,Consumer,2025,6,Jun
503903,2025-03-29,21136,4,3,0.0,453.41,482.81,1448.43,East,Consumer,2025,3,Mar
503904,2024-09-24,22262,3,1,0.2,379.36,403.33,322.66,East,Small Business,2024,9,Sep
503905,2025-11-03,23543,3,4,0.0,379.36,355.52,1422.08,Central,Corporate,2025,11,Nov
503906,2024-12-15,20206,3,1,0.2,379.36,372.6,298.08,West,Consumer,2024,12,Dec
503907,2024-08-15,20147,6,1,0.15,183.47,192.07,163.26,Central,Consumer,2024,8,Aug
503908,2025-01-19,22890,5,2,0.05,310.91,334.31,635.19,Central,Corporate,2025,1,Jan
503909,2025-10-27,22792,23,3,0.05,430.62,452.4,1289.34,Central,Consumer,2025,10,Oct
503910,2024-09-21,23132,17,3,0.0,364.39,344.51,1033.53,North,Consumer,2024,9,Sep
503911,2024-06-28,22396,18,1,0.15,376.89,365.16,310.39,North,Consumer,2024,6,Jun
503912,2025-02-27,21510,23,2,0.05,430.62,421.15,800.18,East,Consumer,2025,2,Feb
503913,2024-07-20,20172,18,4,0.0,376.89,363.04,1452.16,Central,Consumer,2024,7,Jul
503914,2024-07-21,21758,5,1,0.0,310.91,310.58,310.58,North,Small Business,2024,7,Jul
503915,2025-02-24,20430,27,4,0.05,282.82,285.98,1086.72,North,Consumer,2025,2,Feb
503916,2024-02-25,20278,1,1,0.05,118.77,121.25,115.19,South,Consumer,2024,2,Feb
503917,2025-10-26,22286,10,3,0.0,452.53,425.68,1277.04,East,Consumer,2025,10,Oct
503918,2024-05-10,23683,13,2,0.05,509.47,477.89,907.99,Central,Small Business,2024,5,May
503919,2025-05-23,23006,7,3,0.0,208.23,216.28,648.84,East,Small Business,2025,5,May
503920,2024-12-27,22204,13,1,0.15,509.47,547.25,465.16,East,Corporate,2024,12,Dec
503921,2024-07-18,20796,6,2,0.0,183.47,182.89,365.78,South,Consumer,2024,7,Jul
503922,2024-02-19,20559,14,1,0.0,323.49,339.46,339.46,Central,Corporate,2024,2,Feb
503923,2024-07-16,20389,4,1,0.15,453.41,424.89,361.16,Central,Small Business,2024,7,Jul
503924,2024-10-09,22977,17,1,0.0,364.39,347.92,347.92,East,Consumer,2024,10,Oct
503925,2024-03-22,23313,17,1,0.05,364.39,389.36,369.89,West,Consumer,2024,3,Mar
503926,2025-05-08,23115,30,3,0.05,300.75,317.78,905.67,West,Small Business,2025,5,May
503927,2025-05-27,20039,6,1,0.1,183.47,181.94,163.75,Central,Small Business,2025,5,May
503928,2025-01-09,20806,9,1,0.05,308.58,332.52,315.89,West,Consumer,2025,1,Jan
503929,2024-05-16,21902,19,1,0.0,495.95,520.43,520.43,Central,Consumer,2024,5,May
503930,2025-02-08,21814,18,2,0.1,376.89,375.38,675.68,South,Consumer,2025,2,Feb
503931,2025-07-20,20537,18,3,0.1,376.89,359.98,971.95,West,Consumer,2025,7,Jul
503932,2025-06-13,21774,26,1,0.15,173.18,170.37,144.81,West,Corporate,2025,6,Jun
503933,2024-09-26,22348,15,3,0.0,203.7,205.63,616.89,East,Consumer,2024,9,Sep
503934,2024-03-29,21491,14,4,0.0,323.49,306.57,1226.28,West,Corporate,2024,3,Mar
503935,2024-12-04,22147,11,3,0.0,526.43,502.32,1506.96,North,Consumer,2024,12,Dec
503936,2024-07-11,23460,1,3,0.0,118.77,117.17,351.51,East,Consumer,2024,7,Jul
503937,2025-07-18,20643,12,2,0.05,119.8,115.28,219.03,West,Small Business,2025,7,Jul
503938,2024-11-04,22829,11,2,0.1,526.43,514.56,926.21,West,Consumer,2024,11,Nov
503939,2025-05-22,23057,22,3,0.0,356.25,379.77,1139.31,Central,Consumer,2025,5,May
503940,2024-07-15,23535,22,4,0.0,356.25,365.64,1462.56,North,Consumer,2024,7,Jul
503941,2024-06-01,21027,9,2,0.0,308.58,316.11,632.22,Central,Small Business,2024,6,Jun
503942,2024-11-16,22120,6,4,0.1,183.47,192.42,692.71,South,Small Business,2024,11,Nov
503943,2025-06-29,21747,21,1,0.0,301.42,303.83,303.83,Central,Consumer,2025,6,Jun
503944,2025-10-15,23238,20,3,0.05,187.69,187.62,534.72,South,Small Business,2025,10,Oct
503945,2025-09-28,20702,9,4,0.0,308.58,295.01,1180.04,West,Corporate,2025,9,Sep
503946,2024-03-24,20948,2,3,0.0,177.67,191.87,575.61,North,Consumer,2024,3,Mar
503947,2025-04-24,21143,15,2,0.2,203.7,210.95,337.52,West,Corporate,2025,4,Apr
503948,2024-08-03,21119,21,3,0.15,301.42,310.2,791.01,Central,Corporate,2024,8,Aug
503949,2024-06-03,23368,7,3,0.0,208.23,202.8,608.4,West,Consumer,2024,6,Jun
503950,2025-09-25,21975,16,4,0.05,113.27,107.8,409.64,West,Corporate,2025,9,Sep
503951,2024-03-01,22759,28,4,0.0,297.74,307.12,1228.48,Central,Corporate,2024,3,Mar
503952,2025-02-17,21965,22,1,0.05,356.25,352.26,334.65,North,Consumer,2025,2,Feb
503953,2025-07-23,23056,26,1,0.0,173.18,176.31,176.31,South,Consumer,2025,7,Jul
503954,2025-12-10,20174,1,3,0.0,118.77,111.5,334.5,East,Consumer,2025,12,Dec
503955,2024-12-05,20923,29,2,0.05,538.73,568.76,1080.64,East,Corporate,2024,12,Dec
503956,2024-05-06,22343,29,4,0.05,538.73,562.0,2135.6,South,Consumer,2024,5,May
503957,2024-11-18,21065,20,1,0.0,187.69,196.23,196.23,South,Consumer,2024,11,Nov
503958,2025-07-06,20063,18,4,0.0,376.89,392.37,1569.48,South,Consumer,2025,7,Jul
503959,2025-01-18,23045,6,4,0.05,183.47,175.5,666.9,Central,Small Business,2025,1,Jan
503960,2025-09-05,20773,21,2,0.1,301.42,278.24,500.83,East,Corporate,2025,9,Sep
503961,2025-05-13,23444,19,4,0.0,495.95,503.41,2013.64,Central,Consumer,2025,5,May
503962,2025-12-01,21257,25,4,0.15,408.11,410.78,1396.65,East,Small Business,2025,12,Dec
503963,2025-04-01,22094,6,1,0.0,183.47,183.52,183.52,South,Small Business,2025,4,Apr
503964,2024-04-25,23352,2,1,0.0,177.67,175.33,175.33,West,Corporate,2024,4,Apr
503965,2024-02-18,21356,15,2,0.0,203.7,207.29,414.58,Central,Consumer,2024,2,Feb
503966,2025-01-26,20784,5,4,0.1,310.91,312.88,1126.37,South,Consumer,2025,1,Jan
503967,2025-11-25,21663,27,2,0.15,282.82,294.37,500.43,East,Consumer,2025,11,Nov
503968,2024-10-21,21563,5,3,0.05,310.91,329.11,937.96,West,Small Business,2024,10,Oct
503969,2024-02-05,22405,6,3,0.05,183.47,173.91,495.64,Central,Consumer,2024,2,Feb
503970,2025-03-18,22586,5,4,0.05,310.91,314.34,1194.49,Central,Small Business,2025,3,Mar
503971,2025-03-21,23851,27,3,0.1,282.82,283.96,766.69,North,Consumer,2025,3,Mar
503972,2024-02-28,20599,3,3,0.05,379.36,385.37,1098.3,Central,Consumer,2024,2,Feb
503973,2025-04-09,20781,15,2,0.15,203.7,193.22,328.47,South,Small Business,2025,4,Apr
503974,2024-12-12,20296,28,3,0.0,297.74,283.05,849.15,South,Consumer,2024,12,Dec
503975,2024-04-28,20333,10,2,0.0,452.53,439.23,878.46,South,Corporate,2024,4,Apr
503976,2024-01-22,20029,11,2,0.15,526.43,524.66,891.92,Central,Consumer,2024,1,Jan
503977,2025-03-12,21427,21,3,0.1,301.42,292.67,790.21,South,Corporate,2025,3,Mar
503978,2024-08-14,23851,4,1,0.0,453.41,445.53,445.53,North,Consumer,2024,8,Aug
503979,2024-06-07,20182,17,2,0.05,364.39,340.93,647.77,West,Consumer,2024,6,Jun
503980,2025-08-23,20159,22,3,0.15,356.25,358.08,913.1,North,Consumer,2025,8,Aug
503981,2024-07-27,21333,13,4,0.05,509.47,484.22,1840.04,North,Consumer,2024,7,Jul
503982,2024-12-07,22611,11,4,0.0,526.43,553.56,2214.24,South,Consumer,2024,12,Dec
503983,2025-02-28,22652,5,1,0.05,310.91,312.44,296.82,Central,Corporate,2025,2,Feb
503984,2025-09-14,20017,7,1,0.0,208.23,202.08,202.08,North,Consumer,2025,9,Sep
503985,2025-10-23,20091,9,4,0.0,308.58,299.73,1198.92,North,Small Business,2025,10,Oct
503986,2024-02-12,23307,28,2,0.0,297.74,284.34,568.68,East,Consumer,2024,2,Feb
503987,2024-08-05,23243,5,1,0.15,310.91,306.39,260.43,West,Corporate,2024,8,Aug
503988,2025-05-26,22679,26,1,0.05,173.18,183.12,173.96,West,Corporate,2025,5,May
503989,2025-05-13,20589,10,1,0.0,452.53,449.94,449.94,Central,Consumer,2025,5,May
503990,2024-02-13,23920,18,3,0.05,376.89,384.86,1096.85,Central,Consumer,2024,2,Feb
503991,2024-07-28,22955,24,2,0.05,471.09,497.84,945.9,North,Small Business,2024,7,Jul
503992,2024-04-23,23745,15,2,0.0,203.7,208.9,417.8,Central,Consumer,2024,4,Apr
503993,2024-05-10,22461,29,3,0.05,538.73,501.34,1428.82,South,Small Business,2024,5,May
503994,2025-08-10,23861,4,4,0.05,453.41,446.98,1698.52,Central,Consumer,2025,8,Aug
503995,2025-12-30,20455,20,1,0.05,187.69,178.21,169.3,West,Consumer,2025,12,Dec
503996,2024-01-15,20307,15,1,0.0,203.7,198.91,198.91,West,Corporate,2024,1,Jan
503997,2025-10-03,23835,16,1,0.15,113.27,115.4,98.09,North,Consumer,2025,10,Oct
503998,2024-10-05,22342,13,2,0.0,509.47,482.03,964.06,South,Consumer,2024,10,Oct
503999,2025-08-31,22444,26,3,0.0,173.18,170.69,512.07,West,Consumer,2025,8,Aug
504000,2025-11-15,22987,16,4,0.05,113.27,116.24,441.71,North,Corporate,2025,11,Nov
504001,2024-12-03,23726,26,3,0.05,173.18,172.16,490.66,Central,Small Business,2024,12,Dec
504002,2024-04-23,20495,13,1,0.0,509.47,522.48,522.48,East,Small Business,2024,4,Apr
504003,2024-05-06,21062,2,3,0.15,177.67,191.68,488.78,South,Corporate,2024,5,May
504004,2025-11-23,20838,16,1,0.05,113.27,109.53,104.05,Central,Consumer,2025,11,Nov
504005,2025-07-19,21069,30,3,0.1,300.75,318.07,858.79,Central,Consumer,2025,7,Jul
504006,2024-05-23,21633,18,3,0.1,376.89,370.3,999.81,East,Small Business,2024,5,May
504007,2025-09-14,22279,29,1,0.0,538.73,576.95,576.95,West,Small Business,2025,9,Sep
504008,2024-07-16,23398,3,1,0.15,379.36,400.91,340.77,West,Consumer,2024,7,Jul
504009,2024-02-24,20939,21,1,0.0,301.42,312.4,312.4,East,Consumer,2024,2,Feb
504010,2025-04-11,23265,7,2,0.0,208.23,211.06,422.12,South,Consumer,2025,4,Apr
504011,2025-02-06,22300,2,2,0.0,177.67,174.23,348.46,South,Consumer,2025,2,Feb
504012,2024-01-05,23266,14,2,0.0,323.49,317.1,634.2,West,Corporate,2024,1,Jan
504013,2025-02-04,23216,20,4,0.1,187.69,195.86,705.1,Central,Small Business,2025,2,Feb
504014,2025-06-02,21101,28,2,0.0,297.74,290.87,581.74,North,Consumer,2025,6,Jun
504015,2024-09-25,23117,17,2,0.0,364.39,389.51,779.02,Central,Corporate,2024,9,Sep
504016,2025-10-22,23063,29,1,0.0,538.73,495.98,495.98,West,Consumer,2025,10,Oct
504017,2024-10-07,22248,18,3,0.1,376.89,395.9,1068.93,East,Small Business,2024,10,Oct
504018,2024-09-17,20379,18,4,0.15,376.89,392.6,1334.84,South,Corporate,2024,9,Sep
504019,2025-05-15,23811,7,3,0.0,208.23,208.65,625.95,South,Consumer,2025,5,May
504020,2025-03-18,23794,18,1,0.0,376.89,399.84,399.84,West,Small Business,2025,3,Mar
504021,2025-11-14,21373,30,1,0.0,300.75,278.74,278.74,Central,Consumer,2025,11,Nov
504022,2024-09-18,21985,16,4,0.05,113.27,112.81,428.68,East,Consumer,2024,9,Sep
504023,2024-03-30,21703,19,1,0.05,495.95,457.07,434.22,Central,Consumer,2024,3,Mar
504024,2025-05-20,22868,9,4,0.1,308.58,295.71,1064.56,Central,Consumer,2025,5,May
504025,2025-12-03,21274,28,1,0.15,297.74,310.76,264.15,North,Small Business,2025,12,Dec
504026,2025-01-20,23895,14,4,0.0,323.49,317.52,1270.08,South,Consumer,2025,1,Jan
504027,2025-03-03,20358,12,1,0.0,119.8,117.51,117.51,North,Consumer,2025,3,Mar
504028,2025-01-02,21660,18,3,0.0,376.89,372.7,1118.1,South,Consumer,2025,1,Jan
504029,2024-09-21,21831,21,4,0.0,301.42,310.49,1241.96,Central,Small Business,2024,9,Sep
504030,2024-02-08,21215,26,4,0.1,173.18,176.7,636.12,Central,Consumer,2024,2,Feb
504031,2025-12-31,21885,17,1,0.05,364.39,384.45,365.23,South,Consumer,2025,12,Dec
504032,2025-04-28,21262,11,4,0.05,526.43,537.51,2042.54,Central,Consumer,2025,4,Apr
504033,2025-08-02,21422,10,1,0.05,452.53,483.45,459.28,West,Consumer,2025,8,Aug
504034,2025-01-04,20371,7,2,0.15,208.23,219.16,372.57,South,Corporate,2025,1,Jan
504035,2024-10-13,21611,9,2,0.05,308.58,292.56,555.86,West,Consumer,2024,10,Oct
504036,2024-08-22,22707,5,4,0.0,310.91,296.24,1184.96,East,Small Business,2024,8,Aug
504037,2024-06-11,23673,24,1,0.15,471.09,437.05,371.49,Central,Consumer,2024,6,Jun
504038,2024-12-16,23985,10,4,0.1,452.53,472.96,1702.66,Central,Consumer,2024,12,Dec
504039,2024-04-04,23150,30,2,0.0,300.75,294.66,589.32,North,Consumer,2024,4,Apr
504040,2024-08-29,23493,16,4,0.0,113.27,118.66,474.64,East,Small Business,2024,8,Aug
504041,2025-11-30,21390,4,4,0.1,453.41,468.85,1687.86,North,Consumer,2025,11,Nov
504042,2024-07-17,23868,30,3,0.05,300.75,317.25,904.16,East,Consumer,2024,7,Jul
504043,2024-08-01,23463,21,2,0.0,301.42,301.05,602.1,Central,Corporate,2024,8,Aug
504044,2024-03-29,20844,6,4,0.0,183.47,192.74,770.96,East,Corporate,2024,3,Mar
504045,2025-10-19,22891,23,4,0.05,430.62,460.15,1748.57,East,Consumer,2025,10,Oct
504046,2024-06-09,20278,2,3,0.0,177.67,185.9,557.7,South,Consumer,2024,6,Jun
504047,2025-08-09,21301,3,1,0.05,379.36,359.36,341.39,East,Consumer,2025,8,Aug
504048,2024-04-04,21104,9,1,0.2,308.58,294.92,235.94,South,Consumer,2024,4,Apr
504049,2024-08-13,23153,21,3,0.15,301.42,302.36,771.02,Central,Small Business,2024,8,Aug
504050,2024-01-08,22438,19,1,0.0,495.95,494.81,494.81,Central,Corporate,2024,1,Jan
504051,2025-04-12,21212,10,2,0.0,452.53,465.68,931.36,North,Consumer,2025,4,Apr
504052,2025-06-23,22929,29,3,0.15,538.73,520.43,1327.1,South,Consumer,2025,6,Jun
504053,2025-10-04,20403,22,4,0.05,356.25,368.96,1402.05,South,Consumer,2025,10,Oct
504054,2024-03-10,23131,21,2,0.0,301.42,314.3,628.6,East,Small Business,2024,3,Mar
504055,2025-09-01,23464,2,4,0.0,177.67,184.67,738.68,South,Small Business,2025,9,Sep
504056,2024-10-15,20187,24,1,0.0,471.09,479.76,479.76,South,Consumer,2024,10,Oct
504057,2024-03-18,22983,5,1,0.15,310.91,324.9,276.16,Central,Small Business,2024,3,Mar
504058,2025-04-18,22429,19,1,0.0,495.95,522.88,522.88,Central,Corporate,2025,4,Apr
504059,2024-09-02,20926,9,2,0.0,308.58,287.63,575.26,South,Consumer,2024,9,Sep
504060,2025-06-01,21061,29,1,0.0,538.73,536.69,536.69,East,Consumer,2025,6,Jun
504061,2024-10-18,20868,30,4,0.15,300.75,284.56,967.5,South,Consumer,2024,10,Oct
504062,2024-02-26,21051,18,4,0.0,376.89,405.3,1621.2,North,Consumer,2024,2,Feb
504063,2025-09-03,21319,15,4,0.0,203.7,196.65,786.6,West,Consumer,2025,9,Sep
504064,2025-10-06,23135,21,1,0.15,301.42,281.35,239.15,North,Small Business,2025,10,Oct
504065,2025-02-23,21139,27,1,0.0,282.82,291.25,291.25,Central,Small Business,2025,2,Feb
504066,2024-03-06,23578,30,4,0.0,300.75,292.72,1170.88,West,Consumer,2024,3,Mar
504067,2024-12-23,22181,28,4,0.05,297.74,279.87,1063.51,Central,Small Business,2024,12,Dec
504068,2025-01-10,22392,17,1,0.0,364.39,368.44,368.44,Central,Consumer,2025,1,Jan
504069,2025-07-19,23602,4,3,0.1,453.41,428.3,1156.41,West,Consumer,2025,7,Jul
504070,2025-08-24,20076,8,1,0.15,289.09,273.07,232.11,Central,Consumer,2025,8,Aug
504071,2025-11-25,21674,12,1,0.15,119.8,115.61,98.27,North,Consumer,2025,11,Nov
504072,2024-11-30,21311,29,4,0.1,538.73,528.01,1900.84,West,Consumer,2024,11,Nov
504073,2025-06-28,23204,11,3,0.15,526.43,567.57,1447.3,West,Consumer,2025,6,Jun
504074,2025-12-31,23761,17,4,0.15,364.39,341.27,1160.32,West,Consumer,2025,12,Dec
504075,2024-08-24,23836,23,4,0.0,430.62,398.1,1592.4,Central,Small Business,2024,8,Aug
504076,2025-05-30,22485,25,3,0.05,408.11,422.8,1204.98,North,Small Business,2025,5,May
504077,2025-11-19,21111,8,1,0.0,289.09,298.03,298.03,North,Consumer,2025,11,Nov
504078,2024-09-04,23337,13,1,0.0,509.47,471.28,471.28,East,Consumer,2024,9,Sep
504079,2024-04-13,22303,27,4,0.0,282.82,288.24,1152.96,North,Consumer,2024,4,Apr
504080,2024-02-25,21911,29,1,0.05,538.73,569.52,541.04,North,Small Business,2024,2,Feb
504081,2024-07-08,21807,18,3,0.0,376.89,349.75,1049.25,South,Consumer,2024,7,Jul
504082,2025-08-26,21787,24,2,0.0,471.09,488.15,976.3,Central,Consumer,2025,8,Aug
504083,2025-01-14,23475,16,3,0.0,113.27,121.33,363.99,Central,Consumer,2025,1,Jan
504084,2025-09-28,22216,20,4,0.1,187.69,198.78,715.61,West,Consumer,2025,9,Sep
504085,2025-04-29,23533,30,2,0.1,300.75,290.06,522.11,Central,Small Business,2025,4,Apr
504086,2025-04-06,23374,23,3,0.0,430.62,441.54,1324.62,Central,Consumer,2025,4,Apr
504087,2024-02-05,21105,24,2,0.15,471.09,451.9,768.23,South,Consumer,2024,2,Feb
504088,2024-08-29,23790,25,4,0.0,408.11,429.01,1716.04,North,Consumer,2024,8,Aug
504089,2024-12-18,21347,1,4,0.0,118.77,119.32,477.28,North,Consumer,2024,12,Dec
504090,2025-02-17,22138,26,3,0.0,173.18,176.57,529.71,Central,Consumer,2025,2,Feb
504091,2025-06-18,23733,19,1,0.05,495.95,481.35,457.28,Central,Consumer,2025,6,Jun
504092,2024-01-03,23830,17,4,0.15,364.39,380.99,1295.37,Central,Small Business,2024,1,Jan
504093,2025-05-01,20581,29,3,0.0,538.73,508.81,1526.43,Central,Consumer,2025,5,May
504094,2024-11-01,23135,22,4,0.05,356.25,368.59,1400.64,North,Small Business,2024,11,Nov
504095,2025-11-06,22089,18,1,0.1,376.89,389.65,350.68,Central,Consumer,2025,11,Nov
504096,2025-12-22,23105,30,1,0.05,300.75,284.19,269.98,Central,Small Business,2025,12,Dec
504097,2024-03-23,23477,18,4,0.15,376.89,370.88,1260.99,North,Small Business,2024,3,Mar
504098,2024-06-04,23779,18,1,0.05,376.89,395.16,375.4,Central,Small Business,2024,6,Jun
504099,2025-08-22,20416,4,4,0.0,453.41,474.83,1899.32,East,Consumer,2025,8,Aug
504100,2025-05-14,20562,1,2,0.0,118.77,126.75,253.5,West,Consumer,2025,5,May
504101,2024-02-04,22665,12,4,0.05,119.8,128.23,487.27,West,Consumer,2024,2,Feb
504102,2024-03-17,20196,1,2,0.0,118.77,126.68,253.36,South,Consumer,2024,3,Mar
504103,2024-06-25,22460,18,2,0.1,376.89,388.51,699.32,Central,Consumer,2024,6,Jun
504104,2025-06-17,20478,24,1,0.1,471.09,448.65,403.78,South,Consumer,2025,6,Jun
504105,2024-07-03,22844,10,2,0.0,452.53,416.41,832.82,South,Corporate,2024,7,Jul
504106,2024-11-17,22266,2,4,0.05,177.67,184.47,700.99,Central,Corporate,2024,11,Nov
504107,2025-09-17,23694,27,4,0.1,282.82,261.47,941.29,Central,Consumer,2025,9,Sep
504108,2024-09-06,23436,21,2,0.05,301.42,284.76,541.04,South,Consumer,2024,9,Sep
504109,2025-01-31,21276,3,3,0.0,379.36,388.68,1166.04,South,Small Business,2025,1,Jan
504110,2025-01-04,20208,27,3,0.1,282.82,286.07,772.39,West,Consumer,2025,1,Jan
504111,2025-02-09,22293,14,1,0.15,323.49,331.14,281.47,West,Consumer,2025,2,Feb
504112,2025-08-21,22037,17,4,0.05,364.39,375.88,1428.34,Central,Small Business,2025,8,Aug
504113,2025-11-02,21673,25,1,0.0,408.11,432.85,432.85,North,Consumer,2025,11,Nov
504114,2025-09-04,22506,7,2,0.05,208.23,207.83,394.88,Central,Consumer,2025,9,Sep
504115,2025-02-18,22790,6,1,0.2,183.47,179.16,143.33,Central,Consumer,2025,2,Feb
504116,2024-09-14,22438,28,3,0.1,297.74,307.01,828.93,Central,Corporate,2024,9,Sep
504117,2025-10-16,23812,4,4,0.1,453.41,449.91,1619.68,West,Consumer,2025,10,Oct
504118,2025-04-07,21164,16,3,0.05,113.27,104.36,297.43,West,Small Business,2025,4,Apr
504119,2025-06-06,22051,8,2,0.0,289.09,276.08,552.16,South,Corporate,2025,6,Jun
504120,2024-08-24,20967,6,4,0.0,183.47,186.03,744.12,West,Small Business,2024,8,Aug
504121,2025-11-25,22699,27,4,0.05,282.82,292.88,1112.94,North,Small Business,2025,11,Nov
504122,2024-11-26,20091,13,4,0.0,509.47,511.88,2047.52,North,Small Business,2024,11,Nov
504123,2024-07-10,22467,30,3,0.15,300.75,281.62,718.13,Central,Small Business,2024,7,Jul
504124,2025-04-24,20638,24,4,0.0,471.09,483.01,1932.04,Central,Corporate,2025,4,Apr
504125,2024-06-28,20020,20,1,0.05,187.69,184.83,175.59,East,Consumer,2024,6,Jun
504126,2024-07-05,20052,18,1,0.1,376.89,360.48,324.43,Central,Consumer,2024,7,Jul
504127,2024-09-08,22622,5,4,0.0,310.91,304.62,1218.48,Central,Small Business,2024,9,Sep
504128,2024-08-25,21953,17,4,0.15,364.39,375.12,1275.41,Central,Consumer,2024,8,Aug
504129,2024-03-21,22311,29,4,0.0,538.73,544.55,2178.2,Central,Consumer,2024,3,Mar
504130,2024-05-01,22652,2,4,0.1,177.67,171.91,618.88,Central,Corporate,2024,5,May
504131,2025-09-10,20702,26,2,0.05,173.18,183.16,348.0,West,Corporate,2025,9,Sep
504132,2025-03-15,22444,13,3,0.0,509.47,535.59,1606.77,West,Consumer,2025,3,Mar
504133,2024-06-04,21871,14,1,0.0,323.49,299.81,299.81,Central,Small Business,2024,6,Jun
504134,2025-09-10,22873,21,3,0.0,301.42,314.99,944.97,South,Consumer,2025,9,Sep
504135,2024-01-14,21997,24,3,0.0,471.09,476.22,1428.66,Central,Small Business,2024,1,Jan
504136,2025-11-02,20331,6,1,0.05,183.47,170.7,162.16,North,Small Business,2025,11,Nov
504137,2025-07-03,20599,22,4,0.0,356.25,354.24,1416.96,Central,Consumer,2025,7,Jul
504138,2025-11-20,22266,30,4,0.2,300.75,276.87,885.98,Central,Corporate,2025,11,Nov
504139,2024-12-12,20062,8,2,0.0,289.09,310.72,621.44,Central,Consumer,2024,12,Dec
504140,2025-07-23,20815,1,1,0.2,118.77,122.96,98.37,Central,Consumer,2025,7,Jul
504141,2024-08-05,23685,8,2,0.15,289.09,306.8,521.56,South,Small Business,2024,8,Aug
504142,2024-12-11,22582,8,3,0.0,289.09,289.82,869.46,North,Small Business,2024,12,Dec
504143,2025-11-26,23320,15,1,0.05,203.7,217.16,206.3,East,Consumer,2025,11,Nov
504144,2025-08-16,23231,2,3,0.0,177.67,169.66,508.98,North,Small Business,2025,8,Aug
504145,2024-12-31,23209,18,3,0.0,376.89,384.54,1153.62,North,Consumer,2024,12,Dec
504146,2024-07-05,22552,8,4,0.2,289.09,271.27,868.06,North,Small Business,2024,7,Jul
504147,2024-12-23,22196,17,4,0.15,364.39,387.07,1316.04,Central,Consumer,2024,12,Dec
504148,2025-01-08,21581,10,4,0.0,452.53,423.08,1692.32,Central,Corporate,2025,1,Jan
504149,2025-04-22,22706,28,3,0.0,297.74,301.35,904.05,West,Small Business,2025,4,Apr
504150,2025-11-02,21546,15,3,0.1,203.7,205.6,555.12,Central,Small Business,2025,11,Nov
504151,2024-03-05,22569,30,2,0.0,300.75,284.79,569.58,East,Small Business,2024,3,Mar
504152,2025-02-26,22235,26,2,0.05,173.18,174.48,331.51,Central,Corporate,2025,2,Feb
504153,2024-09-21,21260,23,3,0.0,430.62,424.96,1274.88,East,Small Business,2024,9,Sep
504154,2025-03-22,23570,10,4,0.0,452.53,419.4,1677.6,North,Small Business,2025,3,Mar
504155,2024-06-13,23755,26,3,0.0,173.18,179.74,539.22,South,Small Business,2024,6,Jun
504156,2025-03-30,22626,7,2,0.0,208.23,202.67,405.34,South,Consumer,2025,3,Mar
504157,2024-02-19,21518,25,2,0.05,408.11,385.98,733.36,North,Corporate,2024,2,Feb
504158,2025-08-10,20393,7,4,0.05,208.23,194.46,738.95,East,Consumer,2025,8,Aug
504159,2024-09-24,22937,16,3,0.05,113.27,116.68,332.54,West,Consumer,2024,9,Sep
504160,2024-03-02,23140,3,2,0.15,379.36,374.48,636.62,South,Small Business,2024,3,Mar
504161,2025-02-28,22389,18,2,0.0,376.89,404.72,809.44,South,Consumer,2025,2,Feb
504162,2024-09-30,20213,5,2,0.0,310.91,333.6,667.2,West,Corporate,2024,9,Sep
504163,2025-11-02,23431,26,1,0.15,173.18,164.69,139.99,East,Consumer,2025,11,Nov
504164,2025-11-15,21494,9,2,0.0,308.58,288.81,577.62,Central,Consumer,2025,11,Nov
504165,2025-04-11,20293,30,3,0.1,300.75,300.76,812.05,South,Consumer,2025,4,Apr
504166,2025-12-06,21511,7,3,0.0,208.23,197.73,593.19,Central,Consumer,2025,12,Dec
504167,2024-03-22,22029,23,3,0.0,430.62,427.51,1282.53,South,Consumer,2024,3,Mar
504168,2025-02-12,22496,3,3,0.15,379.36,356.48,909.02,Central,Small Business,2025,2,Feb
504169,2025-07-25,23888,17,4,0.0,364.39,361.17,1444.68,Central,Small Business,2025,7,Jul
504170,2024-08-07,23345,29,1,0.0,538.73,505.84,505.84,East,Consumer,2024,8,Aug
504171,2024-11-25,20856,7,1,0.0,208.23,224.51,224.51,South,Consumer,2024,11,Nov
504172,2025-09-14,21106,3,2,0.0,379.36,357.37,714.74,East,Small Business,2025,9,Sep
504173,2025-10-10,23932,19,3,0.05,495.95,468.23,1334.46,Central,Consumer,2025,10,Oct
504174,2025-10-13,22539,23,3,0.05,430.62,407.02,1160.01,Central,Corporate,2025,10,Oct
504175,2025-06-10,23339,9,2,0.15,308.58,301.64,512.79,Central,Small Business,2025,6,Jun
504176,2024-08-05,22314,8,1,0.15,289.09,273.86,232.78,South,Consumer,2024,8,Aug
504177,2024-04-06,21312,18,1,0.15,376.89,373.66,317.61,West,Consumer,2024,4,Apr
504178,2025-06-20,22440,17,4,0.1,364.39,359.31,1293.52,North,Small Business,2025,6,Jun
504179,2024-02-01,23218,9,3,0.1,308.58,321.11,867.0,South,Consumer,2024,2,Feb
504180,2025-11-26,20076,1,4,0.0,118.77,122.69,490.76,Central,Consumer,2025,11,Nov
504181,2024-06-06,20398,12,1,0.1,119.8,127.62,114.86,East,Consumer,2024,6,Jun
504182,2024-11-11,22048,1,1,0.0,118.77,126.96,126.96,East,Consumer,2024,11,Nov
504183,2025-12-31,23951,25,3,0.15,408.11,393.69,1003.91,East,Consumer,2025,12,Dec
504184,2024-02-29,23745,11,4,0.15,526.43,503.52,1711.97,Central,Consumer,2024,2,Feb
504185,2025-03-06,21536,3,2,0.1,379.36,398.47,717.25,West,Consumer,2025,3,Mar
504186,2025-09-01,20987,22,1,0.1,356.25,347.51,312.76,Central,Corporate,2025,9,Sep
504187,2024-04-26,21452,22,3,0.15,356.25,375.0,956.25,West,Small Business,2024,4,Apr
504188,2025-05-07,23142,30,2,0.1,300.75,323.61,582.5,Central,Small Business,2025,5,May
504189,2025-06-29,22803,23,1,0.05,430.62,426.57,405.24,West,Corporate,2025,6,Jun
504190,2025-07-08,22885,14,2,0.2,323.49,342.8,548.48,West,Consumer,2025,7,Jul
504191,2024-06-08,22635,11,1,0.0,526.43,518.46,518.46,North,Small Business,2024,6,Jun
504192,2025-04-27,23944,21,4,0.15,301.42,301.59,1025.41,South,Consumer,2025,4,Apr
504193,2025-02-13,23541,6,2,0.1,183.47,191.97,345.55,West,Consumer,2025,2,Feb
504194,2024-11-02,21272,18,1,0.15,376.89,397.8,338.13,South,Consumer,2024,11,Nov
504195,2024-12-23,23125,10,4,0.0,452.53,416.89,1667.56,South,Consumer,2024,12,Dec
504196,2025-12-06,23409,29,2,0.0,538.73,501.16,1002.32,East,Consumer,2025,12,Dec
504197,2024-01-25,23675,6,2,0.0,183.47,189.62,379.24,Central,Small Business,2024,1,Jan
504198,2025-03-30,21105,17,3,0.1,364.39,358.31,967.44,South,Consumer,2025,3,Mar
504199,2025-02-19,21466,9,3,0.05,308.58,315.14,898.15,North,Consumer,2025,2,Feb
504200,2025-01-18,21834,9,1,0.0,308.58,301.67,301.67,South,Small Business,2025,1,Jan
504201,2025-10-09,22043,21,2,0.0,301.42,321.44,642.88,Central,Corporate,2025,10,Oct
504202,2025-02-10,21929,22,2,0.1,356.25,359.48,647.06,Central,Consumer,2025,2,Feb
504203,2025-08-25,23691,26,4,0.05,173.18,171.84,652.99,East,Consumer,2025,8,Aug
504204,2025-07-12,22809,26,4,0.1,173.18,183.97,662.29,Central,Consumer,2025,7,Jul
504205,2025-08-18,21630,27,3,0.0,282.82,263.59,790.77,East,Corporate,2025,8,Aug
504206,2025-03-21,20991,26,4,0.05,173.18,178.4,677.92,Central,Consumer,2025,3,Mar
504207,2024-01-13,20398,4,3,0.15,453.41,434.8,1108.74,East,Consumer,2024,1,Jan
504208,2024-02-23,21347,25,3,0.15,408.11,388.69,991.16,North,Consumer,2024,2,Feb
504209,2025-01-14,23664,27,2,0.15,282.82,281.15,477.95,Central,Consumer,2025,1,Jan
504210,2024-07-21,23903,3,2,0.15,379.36,400.22,680.37,West,Consumer,2024,7,Jul
504211,2024-06-30,23317,25,1,0.0,408.11,403.02,403.02,West,Corporate,2024,6,Jun
504212,2025-01-10,22613,14,3,0.0,323.49,299.68,899.04,East,Consumer,2025,1,Jan
504213,2024-12-10,20208,11,4,0.1,526.43,525.11,1890.4,West,Consumer,2024,12,Dec
504214,2024-04-30,22201,13,2,0.0,509.47,499.89,999.78,South,Small Business,2024,4,Apr
504215,2024-11-30,20213,14,2,0.1,323.49,328.77,591.79,West,Corporate,2024,11,Nov
504216,2025-09-17,20222,30,1,0.1,300.75,298.85,268.97,Central,Consumer,2025,9,Sep
504217,2024-04-16,21228,27,2,0.05,282.82,276.37,525.1,West,Consumer,2024,4,Apr
504218,2025-07-21,23992,5,3,0.2,310.91,331.98,796.75,Central,Small Business,2025,7,Jul
504219,2025-08-04,21999,28,4,0.1,297.74,303.97,1094.29,Central,Consumer,2025,8,Aug
504220,2025-07-07,23063,14,3,0.0,323.49,334.03,1002.09,West,Consumer,2025,7,Jul
504221,2024-04-22,23193,26,3,0.0,173.18,166.13,498.39,Central,Consumer,2024,4,Apr
504222,2024-12-07,23909,22,3,0.15,356.25,356.0,907.8,Central,Small Business,2024,12,Dec
504223,2025-11-07,23693,22,2,0.0,356.25,342.07,684.14,North,Consumer,2025,11,Nov
504224,2024-07-30,21345,2,3,0.0,177.67,179.1,537.3,Central,Corporate,2024,7,Jul
504225,2024-12-30,23588,12,4,0.05,119.8,112.27,426.63,South,Small Business,2024,12,Dec
504226,2025-09-04,20507,27,4,0.1,282.82,302.77,1089.97,Central,Consumer,2025,9,Sep
504227,2025-02-26,22263,11,2,0.05,526.43,495.74,941.91,South,Consumer,2025,2,Feb
504228,2024-09-14,22984,22,1,0.1,356.25,345.7,311.13,South,Consumer,2024,9,Sep
504229,2024-03-27,23053,11,2,0.05,526.43,496.24,942.86,West,Consumer,2024,3,Mar
504230,2025-02-12,22949,5,2,0.15,310.91,300.91,511.55,North,Consumer,2025,2,Feb
504231,2024-12-26,23364,13,4,0.1,509.47,476.26,1714.54,Central,Small Business,2024,12,Dec
504232,2024-08-02,23482,21,1,0.05,301.42,321.2,305.14,Central,Small Business,2024,8,Aug
504233,2024-08-17,22600,28,4,0.1,297.74,290.38,1045.37,Central,Small Business,2024,8,Aug
504234,2025-12-19,20029,20,2,0.0,187.69,189.1,378.2,Central,Consumer,2025,12,Dec
504235,2025-03-27,20467,14,4,0.2,323.49,328.13,1050.02,East,Consumer,2025,3,Mar
504236,2025-06-01,22349,4,2,0.0,453.41,431.4,862.8,Central,Consumer,2025,6,Jun
504237,2024-02-15,22821,27,3,0.0,282.82,304.48,913.44,South,Small Business,2024,2,Feb
504238,2025-12-06,20570,29,1,0.0,538.73,572.38,572.38,North,Consumer,2025,12,Dec
504239,2024-08-17,20368,16,1,0.1,113.27,107.91,97.12,Central,Consumer,2024,8,Aug
504240,2025-12-03,21916,16,1,0.0,113.27,121.39,121.39,East,Consumer,2025,12,Dec
504241,2025-11-24,23666,25,4,0.0,408.11,437.75,1751.0,North,Small Business,2025,11,Nov
504242,2024-06-01,23998,17,4,0.0,364.39,369.82,1479.28,North,Small Business,2024,6,Jun
504243,2024-08-30,20774,5,1,0.0,310.91,290.2,290.2,Central,Corporate,2024,8,Aug
504244,2025-06-18,22982,21,2,0.0,301.42,278.73,557.46,East,Consumer,2025,6,Jun
504245,2024-12-31,23066,6,3,0.05,183.47,184.94,527.08,South,Consumer,2024,12,Dec
504246,2024-12-06,21058,7,4,0.0,208.23,210.55,842.2,South,Consumer,2024,12,Dec
504247,2024-10-23,23321,8,3,0.15,289.09,307.11,783.13,West,Consumer,2024,10,Oct
504248,2025-04-05,22500,18,4,0.0,376.89,390.31,1561.24,East,Consumer,2025,4,Apr
504249,2025-04-30,23697,6,4,0.0,183.47,180.43,721.72,Central,Consumer,2025,4,Apr
504250,2024-12-06,21926,10,4,0.0,452.53,469.96,1879.84,Central,Consumer,2024,12,Dec
504251,2025-02-24,20931,25,4,0.05,408.11,423.09,1607.74,East,Small Business,2025,2,Feb
504252,2024-02-11,21814,27,3,0.1,282.82,277.05,748.04,South,Consumer,2024,2,Feb
504253,2024-10-05,21422,10,3,0.0,452.53,453.9,1361.7,West,Consumer,2024,10,Oct
504254,2025-05-12,20262,27,3,0.0,282.82,288.42,865.26,Central,Small Business,2025,5,May
504255,2025-07-05,20359,10,4,0.0,452.53,433.71,1734.84,Central,Small Business,2025,7,Jul
504256,2024-12-22,22580,23,3,0.15,430.62,413.58,1054.63,South,Consumer,2024,12,Dec
504257,2025-05-07,22448,1,2,0.05,118.77,118.74,225.61,Central,Corporate,2025,5,May
504258,2024-04-07,22451,6,1,0.1,183.47,194.1,174.69,Central,Consumer,2024,4,Apr
504259,2025-03-26,20902,10,4,0.15,452.53,467.69,1590.15,South,Consumer,2025,3,Mar
504260,2025-04-23,20363,15,1,0.05,203.7,194.08,184.38,Central,Small Business,2025,4,Apr
504261,2025-02-08,23439,17,4,0.05,364.39,337.63,1282.99,Central,Consumer,2025,2,Feb
504262,2024-04-26,20517,29,1,0.15,538.73,576.34,489.89,West,Corporate,2024,4,Apr
504263,2025-10-25,23612,2,3,0.0,177.67,172.59,517.77,Central,Consumer,2025,10,Oct
504264,2025-10-02,21843,11,4,0.0,526.43,527.18,2108.72,West,Consumer,2025,10,Oct
504265,2025-11-24,21993,13,1,0.05,509.47,471.91,448.31,South,Corporate,2025,11,Nov
504266,2024-01-16,22154,10,1,0.0,452.53,445.15,445.15,South,Consumer,2024,1,Jan
504267,2024-02-24,22930,15,3,0.1,203.7,195.9,528.93,East,Corporate,2024,2,Feb
504268,2024-11-03,20766,7,4,0.0,208.23,223.79,895.16,East,Consumer,2024,11,Nov
504269,2025-12-05,20485,14,1,0.15,323.49,315.45,268.13,Central,Corporate,2025,12,Dec
504270,2024-09-07,23328,3,3,0.1,379.36,359.27,970.03,South,Small Business,2024,9,Sep
504271,2024-08-21,20375,5,4,0.1,310.91,321.14,1156.1,Central,Consumer,2024,8,Aug
504272,2025-10-07,22835,3,4,0.05,379.36,372.36,1414.97,Central,Consumer,2025,10,Oct
504273,2024-01-27,20262,19,3,0.15,495.95,518.52,1322.23,Central,Small Business,2024,1,Jan
504274,2025-06-27,20902,6,3,0.15,183.47,169.55,432.35,South,Consumer,2025,6,Jun
504275,2025-02-13,22596,26,2,0.0,173.18,169.85,339.7,South,Corporate,2025,2,Feb
504276,2024-07-12,23217,13,1,0.0,509.47,470.3,470.3,West,Consumer,2024,7,Jul
504277,2025-05-02,20361,8,3,0.15,289.09,267.83,682.97,Central,Small Business,2025,5,May
504278,2024-09-04,22343,17,2,0.0,364.39,353.98,707.96,South,Consumer,2024,9,Sep
504279,2025-08-31,20078,2,1,0.05,177.67,167.14,158.78,Central,Consumer,2025,8,Aug
504280,2025-04-10,21269,16,1,0.1,113.27,113.91,102.52,East,Consumer,2025,4,Apr
504281,2024-01-07,23386,17,4,0.0,364.39,392.46,1569.84,West,Consumer,2024,1,Jan
504282,2025-12-08,23314,13,1,0.0,509.47,542.42,542.42,South,Small Business,2025,12,Dec
504283,2025-07-09,22035,23,4,0.1,430.62,430.31,1549.12,West,Small Business,2025,7,Jul
504284,2024-10-24,22049,27,3,0.1,282.82,280.09,756.24,North,Consumer,2024,10,Oct
504285,2025-03-28,20815,22,1,0.0,356.25,379.03,379.03,Central,Consumer,2025,3,Mar
504286,2025-09-02,21749,25,2,0.0,408.11,416.13,832.26,South,Consumer,2025,9,Sep
504287,2024-12-23,20400,13,1,0.15,509.47,530.19,450.66,South,Consumer,2024,12,Dec
504288,2025-06-08,20064,12,2,0.0,119.8,120.55,241.1,North,Consumer,2025,6,Jun
504289,2025-08-22,20915,2,3,0.05,177.67,169.81,483.96,East,Consumer,2025,8,Aug
504290,2025-05-31,23286,16,2,0.0,113.27,110.45,220.9,East,Consumer,2025,5,May
504291,2024-12-22,21655,29,3,0.05,538.73,576.54,1643.14,West,Consumer,2024,12,Dec
504292,2024-06-23,21105,27,1,0.05,282.82,284.46,270.24,South,Consumer,2024,6,Jun
504293,2024-06-12,20415,4,2,0.0,453.41,442.25,884.5,West,Consumer,2024,6,Jun
504294,2024-01-22,21162,6,1,0.1,183.47,169.07,152.16,Central,Corporate,2024,1,Jan
504295,2024-11-29,21762,27,4,0.05,282.82,277.85,1055.83,Central,Consumer,2024,11,Nov
504296,2024-12-09,23342,11,4,0.05,526.43,509.69,1936.82,West,Consumer,2024,12,Dec
504297,2024-09-23,20575,18,1,0.15,376.89,371.86,316.08,East,Consumer,2024,9,Sep
504298,2025-03-21,20346,18,2,0.1,376.89,376.06,676.91,South,Consumer,2025,3,Mar
504299,2024-08-15,20225,13,2,0.05,509.47,520.8,989.52,West,Small Business,2024,8,Aug
504300,2024-12-15,23819,14,1,0.1,323.49,345.15,310.64,South,Small Business,2024,12,Dec
504301,2025-07-20,23851,26,4,0.15,173.18,175.04,595.14,North,Consumer,2025,7,Jul
504302,2024-10-07,21325,17,2,0.0,364.39,386.77,773.54,Central,Consumer,2024,10,Oct
504303,2024-02-19,21321,30,3,0.0,300.75,324.0,972.0,North,Consumer,2024,2,Feb
504304,2024-07-29,21335,2,3,0.1,177.67,164.65,444.56,Central,Corporate,2024,7,Jul
504305,2024-10-31,20412,4,2,0.1,453.41,421.28,758.3,Central,Consumer,2024,10,Oct
504306,2025-09-20,22797,15,3,0.0,203.7,217.66,652.98,South,Consumer,2025,9,Sep
504307,2024-02-15,23934,21,1,0.05,301.42,280.68,266.65,Central,Consumer,2024,2,Feb
504308,2024-05-04,21444,29,2,0.05,538.73,512.0,972.8,Central,Consumer,2024,5,May
504309,2024-07-17,20967,29,2,0.0,538.73,508.18,1016.36,West,Small Business,2024,7,Jul
504310,2024-01-04,21084,29,2,0.0,538.73,543.89,1087.78,Central,Small Business,2024,1,Jan
504311,2025-10-31,20969,14,3,0.1,323.49,324.2,875.34,Central,Small Business,2025,10,Oct
504312,2024-03-20,20638,21,3,0.1,301.42,282.72,763.34,Central,Corporate,2024,3,Mar
504313,2025-04-11,22985,9,3,0.15,308.58,314.36,801.62,West,Consumer,2025,4,Apr
504314,2024-11-19,21328,29,2,0.0,538.73,496.95,993.9,North,Consumer,2024,11,Nov
504315,2025-09-11,22073,26,2,0.0,173.18,182.85,365.7,North,Consumer,2025,9,Sep
504316,2025-02-13,23891,23,3,0.1,430.62,410.72,1108.94,North,Small Business,2025,2,Feb
504317,2025-10-08,21624,21,4,0.05,301.42,288.04,1094.55,East,Consumer,2025,10,Oct
504318,2025-05-24,20525,6,1,0.15,183.47,189.02,160.67,Central,Consumer,2025,5,May
504319,2025-08-25,20752,22,1,0.15,356.25,358.58,304.79,Central,Consumer,2025,8,Aug
504320,2025-02-14,23745,21,2,0.0,301.42,309.28,618.56,Central,Consumer,2025,2,Feb
504321,2024-02-28,22834,10,1,0.0,452.53,427.62,427.62,West,Consumer,2024,2,Feb
504322,2025-04-08,22298,30,4,0.05,300.75,293.78,1116.36,South,Consumer,2025,4,Apr
504323,2024-10-06,20435,11,4,0.05,526.43,512.23,1946.47,Central,Consumer,2024,10,Oct
504324,2024-03-26,22699,20,3,0.0,187.69,201.81,605.43,North,Small Business,2024,3,Mar
504325,2024-11-15,20478,30,2,0.0,300.75,313.51,627.02,South,Consumer,2024,11,Nov
504326,2024-11-16,23183,25,2,0.05,408.11,437.8,831.82,Central,Corporate,2024,11,Nov
504327,2025-12-28,21395,24,2,0.0,471.09,478.0,956.0,Central,Consumer,2025,12,Dec
504328,2025-06-02,20177,21,1,0.0,301.42,310.54,310.54,Central,Small Business,2025,6,Jun
504329,2025-07-22,23451,3,3,0.15,379.36,364.06,928.35,East,Corporate,2025,7,Jul
504330,2024-08-25,23898,2,3,0.1,177.67,166.67,450.01,East,Consumer,2024,8,Aug
504331,2024-11-11,22827,22,3,0.15,356.25,358.96,915.35,East,Consumer,2024,11,Nov
504332,2024-07-07,23039,1,2,0.0,118.77,123.0,246.0,West,Consumer,2024,7,Jul
504333,2025-01-11,21795,21,4,0.0,301.42,308.59,1234.36,South,Corporate,2025,1,Jan
504334,2024-07-20,23209,23,2,0.1,430.62,459.22,826.6,North,Consumer,2024,7,Jul
504335,2024-08-13,20781,7,3,0.05,208.23,203.77,580.74,South,Small Business,2024,8,Aug
504336,2024-10-04,21703,10,3,0.15,452.53,429.12,1094.26,Central,Consumer,2024,10,Oct
504337,2025-11-24,23637,26,2,0.1,173.18,163.42,294.16,South,Consumer,2025,11,Nov
504338,2024-01-03,22389,15,3,0.0,203.7,188.64,565.92,South,Consumer,2024,1,Jan
504339,2025-09-25,22451,21,1,0.15,301.42,303.93,258.34,Central,Consumer,2025,9,Sep
504340,2025-10-22,22246,10,1,0.0,452.53,440.15,440.15,Central,Corporate,2025,10,Oct
504341,2024-07-02,20618,5,2,0.0,310.91,307.83,615.66,North,Small Business,2024,7,Jul
504342,2024-05-30,20393,6,4,0.0,183.47,180.53,722.12,East,Consumer,2024,5,May
504343,2024-07-08,20212,7,4,0.2,208.23,209.47,670.3,East,Small Business,2024,7,Jul
504344,2025-09-18,20775,10,4,0.05,452.53,447.12,1699.06,Central,Consumer,2025,9,Sep
504345,2024-04-19,20643,22,2,0.05,356.25,371.93,706.67,West,Small Business,2024,4,Apr
504346,2024-02-11,23075,14,3,0.05,323.49,318.51,907.75,West,Corporate,2024,2,Feb
504347,2024-04-24,22486,15,4,0.0,203.7,219.36,877.44,South,Consumer,2024,4,Apr
504348,2024-07-23,21977,9,3,0.05,308.58,307.65,876.8,Central,Consumer,2024,7,Jul
504349,2025-05-13,21501,18,4,0.1,376.89,362.96,1306.66,Central,Consumer,2025,5,May
504350,2025-02-01,20743,29,2,0.05,538.73,564.64,1072.82,North,Consumer,2025,2,Feb
504351,2024-12-21,22677,25,3,0.05,408.11,397.83,1133.82,West,Consumer,2024,12,Dec
504352,2024-04-15,23430,29,2,0.05,538.73,535.54,1017.53,North,Small Business,2024,4,Apr
504353,2025-07-09,22306,14,4,0.1,323.49,311.67,1122.01,North,Consumer,2025,7,Jul
504354,2025-12-22,20683,4,4,0.05,453.41,475.15,1805.57,South,Small Business,2025,12,Dec
504355,2024-10-08,21887,8,4,0.1,289.09,292.1,1051.56,Central,Consumer,2024,10,Oct
504356,2025-02-14,23694,8,4,0.05,289.09,280.53,1066.01,Central,Consumer,2025,2,Feb
504357,2024-08-06,22970,16,3,0.15,113.27,117.36,299.27,North,Consumer,2024,8,Aug
504358,2025-08-12,23020,4,4,0.0,453.41,431.02,1724.08,South,Small Business,2025,8,Aug
504359,2025-02-25,21004,13,1,0.1,509.47,500.2,450.18,Central,Small Business,2025,2,Feb
504360,2024-07-22,23263,18,4,0.0,376.89,366.05,1464.2,South,Consumer,2024,7,Jul
504361,2024-08-14,22913,13,3,0.15,509.47,532.25,1357.24,South,Small Business,2024,8,Aug
504362,2024-05-18,22022,17,4,0.15,364.39,378.25,1286.05,Central,Small Business,2024,5,May
504363,2025-11-19,23910,16,3,0.0,113.27,117.82,353.46,Central,Consumer,2025,11,Nov
504364,2025-09-11,22009,4,2,0.1,453.41,421.47,758.65,Central,Corporate,2025,9,Sep
504365,2024-11-09,20829,6,4,0.0,183.47,187.8,751.2,Central,Consumer,2024,11,Nov
504366,2024-06-10,20480,20,2,0.05,187.69,179.71,341.45,North,Consumer,2024,6,Jun
504367,2024-05-25,20660,14,2,0.15,323.49,347.48,590.72,East,Consumer,2024,5,May
504368,2024-10-07,23736,11,4,0.0,526.43,529.7,2118.8,Central,Consumer,2024,10,Oct
504369,2024-02-29,22286,17,3,0.0,364.39,387.12,1161.36,East,Consumer,2024,2,Feb
504370,2025-06-25,21559,15,4,0.0,203.7,206.38,825.52,Central,Consumer,2025,6,Jun
504371,2024-03-04,21119,19,2,0.05,495.95,481.04,913.98,Central,Corporate,2024,3,Mar
504372,2024-06-19,22283,22,1,0.1,356.25,379.1,341.19,Central,Consumer,2024,6,Jun
504373,2024-10-17,23615,4,4,0.0,453.41,451.65,1806.6,South,Small Business,2024,10,Oct
504374,2025-04-23,20291,1,1,0.0,118.77,109.37,109.37,Central,Consumer,2025,4,Apr
504375,2024-11-08,22867,21,3,0.05,301.42,295.74,842.86,Central,Consumer,2024,11,Nov
504376,2025-11-29,20794,27,3,0.0,282.82,303.19,909.57,Central,Consumer,2025,11,Nov
504377,2024-09-29,21621,22,4,0.1,356.25,329.45,1186.02,Central,Consumer,2024,9,Sep
504378,2025-01-28,23480,4,4,0.0,453.41,428.96,1715.84,South,Consumer,2025,1,Jan
504379,2024-12-15,22819,27,4,0.1,282.82,266.0,957.6,East,Small Business,2024,12,Dec
504380,2024-07-16,21746,17,1,0.0,364.39,370.9,370.9,South,Small Business,2024,7,Jul
504381,2025-03-21,23572,1,2,0.05,118.77,124.58,236.7,South,Small Business,2025,3,Mar
504382,2025-11-18,21537,29,3,0.15,538.73,496.31,1265.59,Central,Small Business,2025,11,Nov
504383,2024-05-19,21327,1,4,0.05,118.77,124.98,474.92,South,Consumer,2024,5,May
504384,2025-10-31,21052,29,3,0.0,538.73,507.92,1523.76,East,Corporate,2025,10,Oct
504385,2025-08-27,23301,23,4,0.0,430.62,421.47,1685.88,Central,Small Business,2025,8,Aug
504386,2025-04-01,23839,23,2,0.05,430.62,447.14,849.57,Central,Corporate,2025,4,Apr
504387,2025-06-20,21292,27,2,0.05,282.82,302.33,574.43,West,Consumer,2025,6,Jun
504388,2025-07-03,22702,20,3,0.15,187.69,201.63,514.16,Central,Consumer,2025,7,Jul
504389,2024-09-07,22438,4,1,0.15,453.41,434.38,369.22,Central,Corporate,2024,9,Sep
504390,2025-07-03,21976,16,1,0.1,113.27,122.16,109.94,East,Small Business,2025,7,Jul
504391,2024-11-17,21843,5,2,0.0,310.91,326.4,652.8,West,Consumer,2024,11,Nov
504392,2024-11-21,23820,5,2,0.05,310.91,310.53,590.01,South,Small Business,2024,11,Nov
504393,2025-11-04,23498,3,2,0.0,379.36,387.3,774.6,West,Corporate,2025,11,Nov
504394,2024-07-12,22301,15,1,0.0,203.7,207.69,207.69,West,Consumer,2024,7,Jul
504395,2024-02-27,22214,20,4,0.15,187.69,199.38,677.89,East,Small Business,2024,2,Feb
504396,2024-02-18,23723,11,3,0.0,526.43,517.77,1553.31,South,Small Business,2024,2,Feb
504397,2024-10-24,20991,22,2,0.1,356.25,376.05,676.89,Central,Consumer,2024,10,Oct
504398,2024-02-04,20639,28,3,0.0,297.74,311.4,934.2,South,Consumer,2024,2,Feb
504399,2025-11-08,23069,10,3,0.0,452.53,427.0,1281.0,South,Small Business,2025,11,Nov
504400,2024-02-08,21643,1,1,0.05,118.77,118.38,112.46,North,Consumer,2024,2,Feb
504401,2025-07-30,20202,22,4,0.0,356.25,375.19,1500.76,Central,Consumer,2025,7,Jul
504402,2024-06-23,22189,19,4,0.1,495.95,533.23,1919.63,West,Consumer,2024,6,Jun
504403,2025-06-16,23826,2,1,0.2,177.67,165.81,132.65,East,Small Business,2025,6,Jun
504404,2024-03-23,20715,26,2,0.05,173.18,186.36,354.08,Central,Consumer,2024,3,Mar
504405,2025-11-22,23645,19,4,0.0,495.95,525.7,2102.8,Central,Small Business,2025,11,Nov
504406,2024-02-04,22540,2,1,0.1,177.67,182.88,164.59,Central,Consumer,2024,2,Feb
504407,2024-09-18,23931,20,3,0.0,187.69,183.87,551.61,Central,Consumer,2024,9,Sep
504408,2025-03-02,22949,18,2,0.0,376.89,400.43,800.86,North,Consumer,2025,3,Mar
504409,2025-04-06,23838,1,3,0.0,118.77,114.42,343.26,North,Small Business,2025,4,Apr
504410,2024-09-05,20957,17,3,0.15,364.39,341.56,870.98,East,Consumer,2024,9,Sep
504411,2024-02-05,21834,16,1,0.0,113.27,104.31,104.31,South,Small Business,2024,2,Feb
504412,2025-12-31,21572,2,4,0.0,177.67,175.02,700.08,Central,Consumer,2025,12,Dec
504413,2025-09-26,22485,12,4,0.0,119.8,121.8,487.2,North,Small Business,2025,9,Sep
504414,2025-05-03,23713,22,4,0.05,356.25,340.36,1293.37,East,Small Business,2025,5,May
504415,2024-08-31,22424,18,1,0.0,376.89,349.78,349.78,North,Small Business,2024,8,Aug
504416,2025-11-17,22357,13,3,0.05,509.47,471.07,1342.55,West,Consumer,2025,11,Nov
504417,2024-05-09,23114,18,2,0.15,376.89,390.63,664.07,Central,Consumer,2024,5,May
504418,2024-02-17,22784,14,4,0.05,323.49,317.6,1206.88,North,Consumer,2024,2,Feb
504419,2025-08-04,20556,3,2,0.05,379.36,387.55,736.34,Central,Consumer,2025,8,Aug
504420,2024-07-10,23183,2,2,0.1,177.67,172.51,310.52,Central,Corporate,2024,7,Jul
504421,2025-07-04,22272,19,2,0.1,495.95,468.4,843.12,Central,Consumer,2025,7,Jul
504422,2025-07-25,20882,12,2,0.05,119.8,111.85,212.52,West,Small Business,2025,7,Jul
504423,2024-04-08,20808,23,4,0.0,430.62,396.24,1584.96,South,Consumer,2024,4,Apr
504424,2025-03-27,22875,4,2,0.0,453.41,450.05,900.1,West,Small Business,2025,3,Mar
504425,2024-11-26,23172,25,2,0.0,408.11,382.36,764.72,East,Consumer,2024,11,Nov
504426,2024-09-21,23545,22,2,0.05,356.25,382.02,725.84,North,Consumer,2024,9,Sep
504427,2024-12-09,21061,25,2,0.05,408.11,399.86,759.73,East,Consumer,2024,12,Dec
504428,2025-09-06,23813,24,3,0.05,471.09,500.18,1425.51,North,Corporate,2025,9,Sep
504429,2024-04-07,20977,2,1,0.15,177.67,165.74,140.88,South,Consumer,2024,4,Apr
504430,2024-12-31,20396,5,3,0.2,310.91,291.81,700.34,North,Small Business,2024,12,Dec
504431,2025-06-14,20869,6,4,0.05,183.47,183.36,696.77,Central,Consumer,2025,6,Jun
504432,2025-10-31,20835,4,2,0.0,453.41,475.75,951.5,Central,Consumer,2025,10,Oct
504433,2025-02-11,20230,22,2,0.0,356.25,370.19,740.38,West,Corporate,2025,2,Feb
504434,2025-02-04,20025,30,4,0.05,300.75,287.63,1092.99,East,Consumer,2025,2,Feb
504435,2024-05-10,20074,25,1,0.0,408.11,401.21,401.21,East,Consumer,2024,5,May
504436,2025-03-05,21585,14,4,0.0,323.49,328.52,1314.08,Central,Consumer,2025,3,Mar
504437,2025-12-09,20310,28,4,0.1,297.74,288.33,1037.99,South,Consumer,2025,12,Dec
504438,2024-08-14,21204,23,3,0.0,430.62,407.28,1221.84,Central,Consumer,2024,8,Aug
504439,2024-12-25,21859,22,1,0.0,356.25,353.09,353.09,West,Consumer,2024,12,Dec
504440,2024-02-28,22351,7,2,0.2,208.23,207.16,331.46,Central,Consumer,2024,2,Feb
504441,2024-07-24,20692,25,3,0.1,408.11,389.85,1052.6,East,Consumer,2024,7,Jul
504442,2024-01-10,20977,5,4,0.1,310.91,304.44,1095.98,South,Consumer,2024,1,Jan
504443,2025-10-06,23192,18,1,0.05,376.89,356.74,338.9,North,Consumer,2025,10,Oct
504444,2024-07-30,22801,10,1,0.05,452.53,453.62,430.94,South,Corporate,2024,7,Jul
504445,2025-11-13,21628,22,3,0.05,356.25,374.32,1066.81,South,Corporate,2025,11,Nov
504446,2025-09-13,23840,23,3,0.0,430.62,412.06,1236.18,Central,Consumer,2025,9,Sep
504447,2024-05-02,22045,18,1,0.2,376.89,401.89,321.51,South,Consumer,2024,5,May
504448,2024-09-04,20405,16,2,0.15,113.27,106.37,180.83,Central,Consumer,2024,9,Sep
504449,2024-11-18,20428,1,2,0.0,118.77,127.56,255.12,South,Consumer,2024,11,Nov
504450,2025-09-01,20859,26,1,0.1,173.18,185.92,167.33,Central,Consumer,2025,9,Sep
504451,2025-12-05,21203,21,3,0.0,301.42,304.28,912.84,Central,Consumer,2025,12,Dec
504452,2025-12-25,20778,1,3,0.1,118.77,122.17,329.86,East,Consumer,2025,12,Dec
504453,2024-12-07,22981,16,3,0.1,113.27,118.39,319.65,Central,Consumer,2024,12,Dec
504454,2024-11-11,23916,17,1,0.05,364.39,346.71,329.37,West,Small Business,2024,11,Nov
504455,2024-04-13,22083,1,3,0.1,118.77,115.57,312.04,East,Consumer,2024,4,Apr
504456,2024-11-14,22324,13,3,0.1,509.47,495.43,1337.66,Central,Small Business,2024,11,Nov
504457,2024-05-18,23571,3,3,0.05,379.36,367.4,1047.09,Central,Consumer,2024,5,May
504458,2025-09-14,21249,5,4,0.0,310.91,300.78,1203.12,West,Small Business,2025,9,Sep
504459,2024-09-22,22323,26,4,0.05,173.18,177.8,675.64,Central,Small Business,2024,9,Sep
504460,2025-02-13,21523,11,3,0.1,526.43,516.46,1394.44,West,Consumer,2025,2,Feb
504461,2024-06-15,23746,4,2,0.0,453.41,438.52,877.04,South,Consumer,2024,6,Jun
504462,2025-08-31,23253,15,3,0.15,203.7,211.16,538.46,Central,Consumer,2025,8,Aug
504463,2025-06-30,22463,16,1,0.05,113.27,118.83,112.89,North,Consumer,2025,6,Jun
504464,2025-05-28,23010,12,1,0.0,119.8,112.86,112.86,North,Corporate,2025,5,May
504465,2025-09-09,23228,4,2,0.15,453.41,451.75,767.98,South,Small Business,2025,9,Sep
504466,2024-09-30,21675,28,1,0.05,297.74,288.38,273.96,West,Consumer,2024,9,Sep
504467,2025-11-27,22174,3,3,0.0,379.36,384.32,1152.96,South,Corporate,2025,11,Nov
504468,2025-04-16,21140,12,4,0.0,119.8,118.52,474.08,Central,Consumer,2025,4,Apr
504469,2024-03-10,20651,20,1,0.0,187.69,190.15,190.15,Central,Small Business,2024,3,Mar
504470,2024-01-21,23831,27,4,0.15,282.82,295.64,1005.18,West,Small Business,2024,1,Jan
504471,2025-07-07,20586,21,1,0.0,301.42,297.06,297.06,West,Corporate,2025,7,Jul
504472,2025-01-01,23346,18,1,0.05,376.89,376.78,357.94,Central,Corporate,2025,1,Jan
504473,2025-11-15,22301,14,1,0.0,323.49,313.5,313.5,West,Consumer,2025,11,Nov
504474,2024-03-06,20026,25,2,0.05,408.11,381.3,724.47,Central,Corporate,2024,3,Mar
504475,2025-06-01,23138,14,2,0.05,323.49,310.01,589.02,South,Consumer,2025,6,Jun
504476,2025-02-07,22038,18,4,0.0,376.89,360.73,1442.92,South,Small Business,2025,2,Feb
504477,2024-02-23,20732,13,3,0.0,509.47,508.56,1525.68,Central,Consumer,2024,2,Feb
504478,2025-08-16,20171,24,4,0.1,471.09,483.3,1739.88,South,Consumer,2025,8,Aug
504479,2024-02-17,22990,2,1,0.0,177.67,175.14,175.14,North,Consumer,2024,2,Feb
504480,2024-04-27,22192,7,2,0.1,208.23,206.66,371.99,West,Corporate,2024,4,Apr
504481,2025-11-03,21847,26,1,0.05,173.18,174.15,165.44,West,Corporate,2025,11,Nov
504482,2024-10-16,23773,3,2,0.2,379.36,367.05,587.28,Central,Consumer,2024,10,Oct
504483,2025-08-31,23741,19,2,0.2,495.95,520.06,832.1,Central,Corporate,2025,8,Aug
504484,2025-02-03,20080,19,2,0.15,495.95,493.76,839.39,North,Consumer,2025,2,Feb
504485,2024-12-16,21086,5,4,0.05,310.91,308.83,1173.55,Central,Consumer,2024,12,Dec
504486,2024-05-27,21225,8,1,0.0,289.09,291.54,291.54,East,Consumer,2024,5,May
504487,2024-04-03,21650,10,3,0.05,452.53,442.79,1261.95,Central,Consumer,2024,4,Apr
504488,2024-01-25,22011,14,3,0.0,323.49,302.77,908.31,East,Consumer,2024,1,Jan
504489,2024-01-23,22887,17,4,0.0,364.39,360.78,1443.12,Central,Small Business,2024,1,Jan
504490,2024-01-02,21024,8,2,0.05,289.09,303.22,576.12,North,Small Business,2024,1,Jan
504491,2025-11-25,21291,10,4,0.1,452.53,487.88,1756.37,Central,Consumer,2025,11,Nov
504492,2024-07-05,20485,20,1,0.05,187.69,197.48,187.61,Central,Corporate,2024,7,Jul
504493,2025-10-06,20085,27,4,0.1,282.82,271.96,979.06,Central,Consumer,2025,10,Oct
504494,2024-08-12,21084,22,1,0.15,356.25,340.36,289.31,Central,Small Business,2024,8,Aug
504495,2025-01-08,22538,28,1,0.1,297.74,314.81,283.33,East,Consumer,2025,1,Jan
504496,2024-12-05,21548,16,3,0.05,113.27,116.35,331.6,Central,Consumer,2024,12,Dec
504497,2025-08-30,20943,1,2,0.05,118.77,122.73,233.19,West,Consumer,2025,8,Aug
504498,2025-09-12,21246,11,3,0.05,526.43,503.85,1435.97,North,Consumer,2025,9,Sep
504499,2024-03-29,23858,30,2,0.0,300.75,288.92,577.84,South,Consumer,2024,3,Mar
504500,2024-10-31,23976,19,4,0.0,495.95,495.97,1983.88,West,Small Business,2024,10,Oct
504501,2025-10-05,22352,9,3,0.05,308.58,300.09,855.26,West,Corporate,2025,10,Oct
504502,2024-03-02,23847,26,1,0.2,173.18,169.6,135.68,North,Corporate,2024,3,Mar
504503,2025-08-20,23884,12,3,0.0,119.8,129.25,387.75,Central,Consumer,2025,8,Aug
504504,2024-08-26,22534,10,1,0.1,452.53,443.64,399.28,Central,Consumer,2024,8,Aug
504505,2025-05-28,23159,1,4,0.05,118.77,125.59,477.24,North,Consumer,2025,5,May
504506,2024-08-11,20219,5,4,0.05,310.91,326.39,1240.28,North,Consumer,2024,8,Aug
504507,2025-01-23,20776,14,1,0.05,323.49,323.57,307.39,South,Consumer,2025,1,Jan
504508,2025-02-20,20314,18,1,0.0,376.89,403.78,403.78,South,Consumer,2025,2,Feb
504509,2024-06-20,22988,6,1,0.15,183.47,180.31,153.26,West,Consumer,2024,6,Jun
504510,2025-04-19,22799,14,1,0.0,323.49,319.88,319.88,South,Consumer,2025,4,Apr
504511,2024-03-11,21914,13,4,0.0,509.47,483.69,1934.76,East,Consumer,2024,3,Mar
504512,2024-01-01,22674,17,4,0.0,364.39,371.67,1486.68,Central,Consumer,2024,1,Jan
504513,2025-05-03,23574,28,3,0.05,297.74,287.51,819.4,West,Small Business,2025,5,May
504514,2025-01-29,20720,14,1,0.05,323.49,320.62,304.59,East,Consumer,2025,1,Jan
504515,2025-03-07,22877,22,3,0.0,356.25,376.59,1129.77,Central,Consumer,2025,3,Mar
504516,2024-06-29,23537,19,2,0.2,495.95,518.78,830.05,West,Small Business,2024,6,Jun
504517,2024-02-02,22975,26,4,0.05,173.18,162.29,616.7,West,Consumer,2024,2,Feb
504518,2025-07-10,22879,29,4,0.15,538.73,560.51,1905.73,Central,Corporate,2025,7,Jul
504519,2024-07-28,22904,24,3,0.05,471.09,481.66,1372.73,North,Consumer,2024,7,Jul
504520,2024-09-03,20809,7,2,0.0,208.23,216.4,432.8,North,Consumer,2024,9,Sep
504521,2025-09-30,20869,8,4,0.1,289.09,267.56,963.22,Central,Consumer,2025,9,Sep
504522,2025-10-31,23621,8,2,0.0,289.09,293.13,586.26,South,Corporate,2025,10,Oct
504523,2024-09-19,21013,23,3,0.05,430.62,403.62,1150.32,West,Small Business,2024,9,Sep
504524,2024-10-17,22947,30,4,0.05,300.75,310.08,1178.3,South,Consumer,2024,10,Oct
504525,2025-12-13,21803,2,3,0.15,177.67,165.42,421.82,South,Consumer,2025,12,Dec
504526,2024-09-13,23632,30,2,0.0,300.75,282.04,564.08,Central,Small Business,2024,9,Sep
504527,2025-02-16,21141,20,3,0.05,187.69,177.45,505.73,Central,Small Business,2025,2,Feb
504528,2024-04-08,23564,14,4,0.0,323.49,328.6,1314.4,West,Small Business,2024,4,Apr
504529,2025-10-01,23542,23,2,0.0,430.62,429.4,858.8,East,Small Business,2025,10,Oct
504530,2024-05-07,20014,15,3,0.05,203.7,207.34,590.92,North,Consumer,2024,5,May
504531,2024-08-17,22565,11,4,0.1,526.43,515.81,1856.92,East,Consumer,2024,8,Aug
504532,2025-05-07,22154,17,3,0.0,364.39,373.58,1120.74,South,Consumer,2025,5,May
504533,2025-09-21,21875,15,2,0.0,203.7,200.4,400.8,West,Consumer,2025,9,Sep
504534,2025-02-21,20406,17,2,0.05,364.39,363.42,690.5,Central,Consumer,2025,2,Feb
504535,2025-09-16,22653,25,1,0.0,408.11,433.82,433.82,South,Small Business,2025,9,Sep
504536,2025-02-06,21362,22,3,0.05,356.25,344.59,982.08,South,Small Business,2025,2,Feb
504537,2024-12-13,22134,24,4,0.0,471.09,483.96,1935.84,Central,Consumer,2024,12,Dec
504538,2024-04-07,21193,16,3,0.15,113.27,107.13,273.18,South,Small Business,2024,4,Apr
504539,2024-09-24,23393,30,1,0.0,300.75,313.82,313.82,East,Consumer,2024,9,Sep
504540,2024-03-18,22051,23,4,0.0,430.62,406.72,1626.88,South,Corporate,2024,3,Mar
504541,2024-07-12,21806,10,1,0.0,452.53,476.56,476.56,East,Corporate,2024,7,Jul
504542,2024-11-16,23386,24,2,0.05,471.09,436.6,829.54,West,Consumer,2024,11,Nov
504543,2025-11-18,20363,11,2,0.0,526.43,508.68,1017.36,Central,Small Business,2025,11,Nov
504544,2025-11-27,20582,11,1,0.0,526.43,540.97,540.97,Central,Consumer,2025,11,Nov
504545,2025-02-25,20764,14,4,0.0,323.49,302.52,1210.08,Central,Small Business,2025,2,Feb
504546,2024-11-03,21868,21,2,0.2,301.42,321.56,514.5,South,Consumer,2024,11,Nov
504547,2024-09-12,20457,9,2,0.1,308.58,308.64,555.55,West,Small Business,2024,9,Sep
504548,2025-10-22,23416,17,3,0.0,364.39,359.77,1079.31,East,Consumer,2025,10,Oct
504549,2024-09-27,22677,25,4,0.05,408.11,412.14,1566.13,West,Consumer,2024,9,Sep
504550,2025-12-08,21870,29,3,0.15,538.73,571.46,1457.22,Central,Corporate,2025,12,Dec
504551,2024-11-28,21374,10,2,0.1,452.53,434.44,781.99,West,Consumer,2024,11,Nov
504552,2024-03-22,21076,17,3,0.1,364.39,361.34,975.62,South,Consumer,2024,3,Mar
504553,2024-10-22,23942,27,3,0.2,282.82,267.6,642.24,North,Small Business,2024,10,Oct
504554,2025-11-06,22245,24,1,0.1,471.09,502.38,452.14,East,Consumer,2025,11,Nov
504555,2024-10-10,21741,20,1,0.0,187.69,202.37,202.37,Central,Consumer,2024,10,Oct
504556,2025-06-11,20066,4,1,0.05,453.41,442.93,420.78,Central,Consumer,2025,6,Jun
504557,2025-12-27,20905,25,2,0.05,408.11,418.98,796.06,South,Consumer,2025,12,Dec
504558,2024-03-10,21817,20,1,0.2,187.69,193.9,155.12,Central,Small Business,2024,3,Mar
504559,2025-10-09,21803,15,4,0.05,203.7,198.91,755.86,South,Consumer,2025,10,Oct
504560,2025-06-16,22101,4,2,0.15,453.41,482.65,820.5,West,Consumer,2025,6,Jun
504561,2025-04-26,20404,22,4,0.0,356.25,356.12,1424.48,Central,Small Business,2025,4,Apr
504562,2024-12-26,20883,21,3,0.0,301.42,317.98,953.94,West,Consumer,2024,12,Dec
504563,2025-05-15,21595,8,3,0.0,289.09,290.59,871.77,Central,Consumer,2025,5,May
504564,2024-04-12,21006,10,4,0.1,452.53,467.9,1684.44,North,Consumer,2024,4,Apr
504565,2025-11-10,20516,29,1,0.1,538.73,526.75,474.08,West,Consumer,2025,11,Nov
504566,2024-06-23,20415,20,2,0.0,187.69,190.87,381.74,West,Consumer,2024,6,Jun
504567,2024-04-21,23485,16,3,0.05,113.27,121.24,345.53,Central,Small Business,2024,4,Apr
504568,2025-06-01,23574,14,1,0.1,323.49,328.83,295.95,West,Small Business,2025,6,Jun
504569,2024-02-26,23332,17,1,0.2,364.39,353.12,282.5,South,Consumer,2024,2,Feb
504570,2024-08-21,20197,25,2,0.0,408.11,421.34,842.68,Central,Corporate,2024,8,Aug
504571,2024-06-27,22811,2,1,0.05,177.67,185.15,175.89,Central,Consumer,2024,6,Jun
504572,2025-11-26,23568,4,3,0.1,453.41,480.74,1298.0,South,Corporate,2025,11,Nov
504573,2024-07-03,20501,7,2,0.0,208.23,211.99,423.98,Central,Consumer,2024,7,Jul
504574,2025-08-22,23840,8,3,0.0,289.09,280.26,840.78,Central,Consumer,2025,8,Aug
504575,2025-02-28,22821,4,3,0.0,453.41,460.39,1381.17,South,Small Business,2025,2,Feb
504576,2025-02-08,22301,13,4,0.1,509.47,496.34,1786.82,West,Consumer,2025,2,Feb
504577,2025-05-17,20575,1,1,0.0,118.77,118.76,118.76,East,Consumer,2025,5,May
504578,2025-04-02,23568,11,2,0.0,526.43,504.5,1009.0,South,Corporate,2025,4,Apr
504579,2024-07-08,23852,1,4,0.1,118.77,115.7,416.52,Central,Consumer,2024,7,Jul
504580,2025-11-02,22083,3,1,0.1,379.36,397.44,357.7,East,Consumer,2025,11,Nov
504581,2024-01-27,22164,20,2,0.0,187.69,189.33,378.66,North,Small Business,2024,1,Jan
504582,2024-08-22,20137,13,4,0.1,509.47,520.09,1872.32,Central,Small Business,2024,8,Aug
504583,2024-08-10,20328,30,4,0.05,300.75,310.56,1180.13,East,Small Business,2024,8,Aug
504584,2025-08-14,20992,18,2,0.0,376.89,366.29,732.58,North,Consumer,2025,8,Aug
504585,2024-12-19,20303,12,4,0.15,119.8,114.72,390.05,West,Small Business,2024,12,Dec
504586,2024-11-24,23885,23,1,0.05,430.62,406.58,386.25,South,Small Business,2024,11,Nov
504587,2024-01-11,21671,26,1,0.1,173.18,163.94,147.55,South,Consumer,2024,1,Jan
504588,2025-09-28,23254,6,2,0.2,183.47,175.29,280.46,South,Corporate,2025,9,Sep
504589,2024-10-23,21344,17,1,0.0,364.39,349.78,349.78,Central,Small Business,2024,10,Oct
504590,2024-02-17,23933,9,2,0.1,308.58,321.05,577.89,East,Consumer,2024,2,Feb
504591,2024-07-13,22271,30,3,0.15,300.75,289.97,739.42,Central,Consumer,2024,7,Jul
504592,2025-06-08,21713,14,4,0.0,323.49,344.52,1378.08,West,Consumer,2025,6,Jun
504593,2024-01-16,20094,3,1,0.1,379.36,372.15,334.94,Central,Consumer,2024,1,Jan
504594,2025-08-14,20908,26,1,0.05,173.18,174.88,166.14,East,Consumer,2025,8,Aug
504595,2024-12-02,21116,27,1,0.1,282.82,272.39,245.15,West,Consumer,2024,12,Dec
504596,2025-03-24,21065,12,4,0.05,119.8,119.9,455.62,South,Consumer,2025,3,Mar
504597,2025-06-28,21178,14,1,0.05,323.49,300.02,285.02,South,Corporate,2025,6,Jun
504598,2024-08-02,23305,22,1,0.05,356.25,334.64,317.91,West,Small Business,2024,8,Aug
504599,2025-01-22,22822,1,2,0.0,118.77,116.85,233.7,East,Consumer,2025,1,Jan
504600,2024-04-18,20808,27,3,0.15,282.82,289.02,737.0,South,Consumer,2024,4,Apr
504601,2025-01-03,21969,1,2,0.0,118.77,126.37,252.74,Central,Consumer,2025,1,Jan
504602,2025-06-24,22432,6,1,0.05,183.47,191.61,182.03,South,Small Business,2025,6,Jun
504603,2024-04-18,23300,10,2,0.05,452.53,471.65,896.13,Central,Consumer,2024,4,Apr
504604,2024-04-03,23599,20,2,0.0,187.69,190.27,380.54,East,Corporate,2024,4,Apr
504605,2024-03-19,21498,24,1,0.0,471.09,465.31,465.31,Central,Small Business,2024,3,Mar
504606,2025-09-09,23259,6,4,0.0,183.47,195.89,783.56,North,Consumer,2025,9,Sep
504607,2025-10-05,20809,10,2,0.05,452.53,419.08,796.25,North,Consumer,2025,10,Oct
504608,2025-01-01,21692,24,3,0.1,471.09,435.9,1176.93,North,Consumer,2025,1,Jan
504609,2025-02-15,21210,10,1,0.0,452.53,478.73,478.73,Central,Small Business,2025,2,Feb
504610,2024-10-06,21560,11,4,0.2,526.43,558.55,1787.36,North,Small Business,2024,10,Oct
504611,2025-01-10,20713,13,4,0.05,509.47,488.38,1855.84,East,Consumer,2025,1,Jan
504612,2024-06-22,22378,19,2,0.15,495.95,494.47,840.6,South,Consumer,2024,6,Jun
504613,2024-12-09,23386,25,3,0.1,408.11,394.57,1065.34,West,Consumer,2024,12,Dec
504614,2024-01-12,21751,28,2,0.0,297.74,294.14,588.28,East,Consumer,2024,1,Jan
504615,2025-01-14,21207,26,3,0.05,173.18,174.08,496.13,South,Consumer,2025,1,Jan
504616,2025-10-23,21099,8,1,0.2,289.09,303.92,243.14,North,Corporate,2025,10,Oct
504617,2025-05-29,22013,12,4,0.0,119.8,111.16,444.64,West,Consumer,2025,5,May
504618,2025-03-17,20453,20,4,0.2,187.69,193.49,619.17,West,Consumer,2025,3,Mar
504619,2024-06-22,20883,12,2,0.15,119.8,111.82,190.09,West,Consumer,2024,6,Jun
504620,2025-05-27,21247,17,3,0.0,364.39,393.49,1180.47,Central,Consumer,2025,5,May
504621,2025-11-11,22392,11,2,0.05,526.43,526.03,999.46,Central,Consumer,2025,11,Nov
504622,2025-12-12,20564,20,3,0.05,187.69,189.59,540.33,Central,Consumer,2025,12,Dec
504623,2025-11-24,23633,19,2,0.05,495.95,506.19,961.76,South,Consumer,2025,11,Nov
504624,2024-06-08,20251,4,2,0.0,453.41,483.94,967.88,North,Consumer,2024,6,Jun
504625,2024-06-09,23142,30,1,0.1,300.75,284.64,256.18,Central,Small Business,2024,6,Jun
504626,2024-02-15,23584,4,1,0.0,453.41,453.26,453.26,Central,Consumer,2024,2,Feb
504627,2025-10-25,23878,13,4,0.0,509.47,502.99,2011.96,West,Consumer,2025,10,Oct
504628,2024-12-20,22640,26,3,0.0,173.18,183.22,549.66,North,Consumer,2024,12,Dec
504629,2025-02-24,23370,1,3,0.0,118.77,117.84,353.52,North,Small Business,2025,2,Feb
504630,2024-11-03,23858,9,1,0.1,308.58,311.23,280.11,South,Consumer,2024,11,Nov
504631,2025-05-02,21198,22,3,0.05,356.25,360.94,1028.68,Central,Small Business,2025,5,May
504632,2024-02-16,22988,21,1,0.0,301.42,286.08,286.08,West,Consumer,2024,2,Feb
504633,2024-08-27,20385,27,3,0.2,282.82,301.49,723.58,West,Corporate,2024,8,Aug
504634,2024-12-11,22922,21,3,0.0,301.42,299.33,897.99,East,Consumer,2024,12,Dec
504635,2024-04-20,22895,18,3,0.15,376.89,375.04,956.35,South,Small Business,2024,4,Apr
504636,2025-01-30,21910,6,3,0.05,183.47,195.8,558.03,South,Consumer,2025,1,Jan
504637,2025-05-22,20562,27,1,0.1,282.82,268.31,241.48,West,Consumer,2025,5,May
504638,2024-03-26,22478,13,1,0.15,509.47,505.23,429.45,Central,Consumer,2024,3,Mar
504639,2025-08-27,20396,6,3,0.15,183.47,177.41,452.4,North,Small Business,2025,8,Aug
504640,2025-05-23,20384,4,4,0.05,453.41,482.01,1831.64,East,Consumer,2025,5,May
504641,2024-02-23,22244,30,1,0.0,300.75,294.14,294.14,Central,Small Business,2024,2,Feb
504642,2024-09-09,22657,4,4,0.2,453.41,468.78,1500.1,Central,Consumer,2024,9,Sep
504643,2025-06-29,21571,6,3,0.0,183.47,179.89,539.67,West,Corporate,2025,6,Jun
504644,2025-02-16,22571,27,4,0.0,282.82,298.99,1195.96,South,Small Business,2025,2,Feb
504645,2024-01-17,22630,21,3,0.1,301.42,306.62,827.87,Central,Small Business,2024,1,Jan
504646,2025-04-10,21957,20,1,0.1,187.69,173.49,156.14,Central,Corporate,2025,4,Apr
504647,2024-08-02,22371,4,3,0.05,453.41,455.45,1298.03,Central,Small Business,2024,8,Aug
504648,2024-09-18,22626,10,4,0.1,452.53,425.19,1530.68,South,Consumer,2024,9,Sep
504649,2024-02-07,22611,24,4,0.0,471.09,466.61,1866.44,South,Consumer,2024,2,Feb
504650,2025-06-21,23227,17,3,0.15,364.39,351.64,896.68,South,Consumer,2025,6,Jun
504651,2024-07-25,22489,2,2,0.05,177.67,191.1,363.09,Central,Small Business,2024,7,Jul
504652,2025-04-24,21665,19,3,0.0,495.95,526.53,1579.59,South,Consumer,2025,4,Apr
504653,2024-11-12,20810,2,2,0.0,177.67,168.98,337.96,West,Consumer,2024,11,Nov
504654,2024-02-12,21308,1,1,0.05,118.77,123.66,117.48,West,Small Business,2024,2,Feb
504655,2024-03-20,21871,7,2,0.1,208.23,196.33,353.39,Central,Small Business,2024,3,Mar
504656,2024-04-08,21175,11,2,0.1,526.43,538.54,969.37,North,Consumer,2024,4,Apr
504657,2024-01-23,20027,17,2,0.05,364.39,359.55,683.14,South,Small Business,2024,1,Jan
504658,2024-02-02,23502,18,1,0.0,376.89,377.03,377.03,East,Consumer,2024,2,Feb
504659,2024-01-19,22827,27,2,0.05,282.82,300.32,570.61,East,Consumer,2024,1,Jan
504660,2025-09-27,23868,11,4,0.05,526.43,522.07,1983.87,East,Consumer,2025,9,Sep
504661,2025-11-08,23549,10,4,0.0,452.53,431.15,1724.6,South,Corporate,2025,11,Nov
504662,2024-09-12,23221,9,1,0.05,308.58,309.22,293.76,Central,Consumer,2024,9,Sep
504663,2024-03-01,23803,14,2,0.05,323.49,328.35,623.86,East,Consumer,2024,3,Mar
504664,2025-01-22,22771,15,4,0.1,203.7,194.52,700.27,North,Corporate,2025,1,Jan
504665,2025-06-03,23913,7,1,0.0,208.23,196.2,196.2,South,Small Business,2025,6,Jun
504666,2025-01-21,23365,22,4,0.0,356.25,369.32,1477.28,Central,Consumer,2025,1,Jan
504667,2024-10-26,22201,16,3,0.05,113.27,109.8,312.93,South,Small Business,2024,10,Oct
504668,2024-12-11,23062,23,1,0.1,430.62,441.16,397.04,West,Corporate,2024,12,Dec
504669,2024-03-13,22159,1,4,0.0,118.77,115.09,460.36,Central,Consumer,2024,3,Mar
504670,2024-10-19,21201,18,2,0.0,376.89,359.63,719.26,East,Small Business,2024,10,Oct
504671,2024-03-21,20501,27,2,0.05,282.82,265.03,503.56,Central,Consumer,2024,3,Mar
504672,2024-09-09,21056,24,3,0.05,471.09,504.18,1436.91,West,Consumer,2024,9,Sep
504673,2024-03-27,23174,10,3,0.05,452.53,467.57,1332.57,Central,Consumer,2024,3,Mar
504674,2024-07-08,23486,5,1,0.05,310.91,290.74,276.2,Central,Consumer,2024,7,Jul
504675,2024-05-27,23998,28,1,0.05,297.74,278.39,264.47,North,Small Business,2024,5,May
504676,2024-06-21,23432,5,3,0.0,310.91,293.65,880.95,Central,Consumer,2024,6,Jun
504677,2024-04-22,20440,14,4,0.0,323.49,323.14,1292.56,Central,Consumer,2024,4,Apr
504678,2025-04-17,21143,23,2,0.1,430.62,427.24,769.03,West,Corporate,2025,4,Apr
504679,2024-07-21,22547,17,4,0.05,364.39,375.45,1426.71,Central,Corporate,2024,7,Jul
504680,2025-05-28,21091,9,1,0.0,308.58,315.17,315.17,East,Consumer,2025,5,May
504681,2025-01-05,20961,26,2,0.15,173.18,182.04,309.47,West,Corporate,2025,1,Jan
504682,2024-06-27,23859,6,3,0.0,183.47,178.47,535.41,North,Consumer,2024,6,Jun
504683,2024-05-26,23216,29,1,0.05,538.73,570.4,541.88,Central,Small Business,2024,5,May
504684,2024-04-09,22303,4,3,0.0,453.41,463.09,1389.27,North,Consumer,2024,4,Apr
504685,2025-09-26,20429,1,4,0.05,118.77,113.54,431.45,West,Consumer,2025,9,Sep
504686,2025-07-18,23025,14,4,0.0,323.49,345.76,1383.04,Central,Small Business,2025,7,Jul
504687,2025-02-23,22289,13,2,0.2,509.47,536.24,857.98,East,Consumer,2025,2,Feb
504688,2024-02-23,20164,17,4,0.1,364.39,339.32,1221.55,Central,Small Business,2024,2,Feb
504689,2025-02-20,22884,16,4,0.0,113.27,115.93,463.72,East,Consumer,2025,2,Feb
504690,2025-02-07,22037,9,1,0.15,308.58,309.1,262.74,Central,Small Business,2025,2,Feb
504691,2025-12-02,22473,11,3,0.2,526.43,560.6,1345.44,East,Small Business,2025,12,Dec
504692,2024-12-21,21612,11,3,0.0,526.43,516.24,1548.72,Central,Corporate,2024,12,Dec
504693,2024-03-16,22095,30,2,0.05,300.75,292.38,555.52,West,Consumer,2024,3,Mar
504694,2025-05-24,21060,29,2,0.05,538.73,496.24,942.86,North,Consumer,2025,5,May
504695,2024-11-29,21339,17,1,0.1,364.39,349.91,314.92,Central,Corporate,2024,11,Nov
504696,2025-08-05,21278,8,3,0.0,289.09,298.64,895.92,East,Consumer,2025,8,Aug
504697,2025-12-22,20752,16,1,0.0,113.27,110.65,110.65,Central,Consumer,2025,12,Dec
504698,2025-11-05,23412,13,1,0.2,509.47,550.02,440.02,Central,Corporate,2025,11,Nov
504699,2025-03-07,21198,1,4,0.05,118.77,127.53,484.61,Central,Small Business,2025,3,Mar
504700,2024-07-19,20078,11,1,0.0,526.43,544.84,544.84,Central,Consumer,2024,7,Jul
504701,2025-02-08,21724,11,3,0.05,526.43,527.17,1502.43,West,Small Business,2025,2,Feb
504702,2024-01-29,22792,18,4,0.1,376.89,372.82,1342.15,Central,Consumer,2024,1,Jan
504703,2025-04-21,22903,24,1,0.0,471.09,466.43,466.43,Central,Small Business,2025,4,Apr
504704,2025-02-20,22041,25,1,0.05,408.11,424.4,403.18,North,Consumer,2025,2,Feb
504705,2025-09-16,20051,30,1,0.1,300.75,294.31,264.88,East,Consumer,2025,9,Sep
504706,2024-10-06,21504,28,2,0.05,297.74,321.01,609.92,West,Small Business,2024,10,Oct
504707,2025-07-04,22656,5,2,0.1,310.91,317.35,571.23,East,Small Business,2025,7,Jul
504708,2024-11-20,23578,13,4,0.05,509.47,526.72,2001.54,West,Consumer,2024,11,Nov
504709,2025-02-16,22599,5,4,0.0,310.91,330.47,1321.88,Central,Consumer,2025,2,Feb
504710,2025-09-06,23039,13,2,0.15,509.47,538.97,916.25,West,Consumer,2025,9,Sep
504711,2024-09-02,23599,24,2,0.05,471.09,481.08,914.05,East,Corporate,2024,9,Sep
504712,2024-09-20,22420,18,3,0.05,376.89,365.78,1042.47,East,Small Business,2024,9,Sep
504713,2024-11-18,22107,22,3,0.0,356.25,369.53,1108.59,West,Consumer,2024,11,Nov
504714,2025-01-29,21671,27,1,0.0,282.82,282.41,282.41,South,Consumer,2025,1,Jan
504715,2024-02-07,21411,29,3,0.0,538.73,500.87,1502.61,Central,Consumer,2024,2,Feb
504716,2024-04-09,23658,3,1,0.0,379.36,380.76,380.76,Central,Consumer,2024,4,Apr
504717,2025-01-23,20481,10,4,0.0,452.53,438.09,1752.36,Central,Consumer,2025,1,Jan
504718,2025-08-02,23755,30,1,0.05,300.75,283.13,268.97,South,Small Business,2025,8,Aug
504719,2024-02-15,22618,13,4,0.15,509.47,528.12,1795.61,East,Consumer,2024,2,Feb
504720,2024-12-24,22935,24,2,0.2,471.09,435.01,696.02,South,Consumer,2024,12,Dec
504721,2025-08-25,22652,15,2,0.15,203.7,200.85,341.44,Central,Corporate,2025,8,Aug
504722,2024-08-26,21698,14,1,0.0,323.49,302.53,302.53,South,Small Business,2024,8,Aug
504723,2025-12-05,23174,9,1,0.1,308.58,295.36,265.82,Central,Consumer,2025,12,Dec
504724,2024-11-15,23933,19,3,0.15,495.95,459.36,1171.37,East,Consumer,2024,11,Nov
504725,2025-05-20,21294,2,4,0.2,177.67,180.32,577.02,East,Consumer,2025,5,May
504726,2024-06-24,20179,29,2,0.15,538.73,562.71,956.61,South,Consumer,2024,6,Jun
504727,2025-10-13,21633,24,1,0.0,471.09,454.3,454.3,East,Small Business,2025,10,Oct
504728,2025-02-15,23398,7,1,0.15,208.23,208.83,177.51,West,Consumer,2025,2,Feb
504729,2024-12-06,20476,19,3,0.0,495.95,476.64,1429.92,East,Small Business,2024,12,Dec
504730,2024-06-13,21187,29,1,0.05,538.73,553.92,526.22,East,Small Business,2024,6,Jun
504731,2025-07-22,23243,3,1,0.1,379.36,388.11,349.3,West,Corporate,2025,7,Jul
504732,2024-09-19,21950,6,4,0.05,183.47,184.91,702.66,Central,Consumer,2024,9,Sep
504733,2025-11-24,22132,16,3,0.05,113.27,106.82,304.44,Central,Consumer,2025,11,Nov
504734,2024-03-04,20344,29,4,0.1,538.73,508.48,1830.53,Central,Corporate,2024,3,Mar
504735,2025-12-27,23266,3,2,0.05,379.36,371.19,705.26,West,Corporate,2025,12,Dec
504736,2024-08-07,21866,1,4,0.1,118.77,123.78,445.61,South,Corporate,2024,8,Aug
504737,2024-01-07,22193,13,1,0.0,509.47,492.51,492.51,East,Small Business,2024,1,Jan
504738,2024-10-06,20918,22,1,0.0,356.25,363.94,363.94,East,Consumer,2024,10,Oct
504739,2024-08-30,20071,20,2,0.05,187.69,201.62,383.08,South,Consumer,2024,8,Aug
504740,2025-07-22,21264,1,2,0.05,118.77,126.91,241.13,West,Small Business,2025,7,Jul
504741,2025-12-14,20718,14,4,0.0,323.49,314.43,1257.72,Central,Corporate,2025,12,Dec
504742,2025-04-19,22265,14,1,0.15,323.49,315.86,268.48,West,Corporate,2025,4,Apr
504743,2025-03-24,21204,15,4,0.0,203.7,219.19,876.76,Central,Consumer,2025,3,Mar
504744,2024-03-27,23889,1,3,0.0,118.77,120.08,360.24,Central,Consumer,2024,3,Mar
504745,2024-06-27,21082,14,3,0.1,323.49,328.06,885.76,East,Small Business,2024,6,Jun
504746,2025-03-16,20902,2,3,0.0,177.67,176.2,528.6,South,Consumer,2025,3,Mar
504747,2025-05-09,21161,14,3,0.0,323.49,302.89,908.67,Central,Consumer,2025,5,May
504748,2024-11-19,21372,24,3,0.2,471.09,435.35,1044.84,South,Consumer,2024,11,Nov
504749,2025-08-30,23007,2,3,0.05,177.67,179.52,511.63,Central,Small Business,2025,8,Aug
504750,2024-10-30,20960,28,1,0.0,297.74,290.69,290.69,South,Small Business,2024,10,Oct
504751,2025-09-29,23060,18,3,0.15,376.89,379.33,967.29,North,Small Business,2025,9,Sep
504752,2024-03-17,22021,22,2,0.05,356.25,380.49,722.93,Central,Consumer,2024,3,Mar
504753,2025-09-23,23326,15,4,0.0,203.7,217.64,870.56,South,Consumer,2025,9,Sep
504754,2025-03-03,21071,26,2,0.0,173.18,165.91,331.82,North,Corporate,2025,3,Mar
504755,2025-11-29,21780,9,2,0.05,308.58,329.58,626.2,Central,Small Business,2025,11,Nov
504756,2024-05-07,20769,5,4,0.15,310.91,287.33,976.92,South,Consumer,2024,5,May
504757,2024-03-26,21701,15,2,0.05,203.7,210.07,399.13,West,Small Business,2024,3,Mar
504758,2024-07-23,22609,18,1,0.05,376.89,361.55,343.47,North,Consumer,2024,7,Jul
504759,2025-02-22,22216,26,2,0.05,173.18,165.23,313.94,West,Consumer,2025,2,Feb
504760,2025-08-22,20703,15,3,0.0,203.7,201.54,604.62,Central,Consumer,2025,8,Aug
504761,2025-07-30,22718,3,2,0.05,379.36,360.16,684.3,West,Consumer,2025,7,Jul
504762,2024-02-11,22253,26,4,0.0,173.18,181.69,726.76,North,Consumer,2024,2,Feb
504763,2024-11-24,22198,25,1,0.15,408.11,389.21,330.83,East,Corporate,2024,11,Nov
504764,2025-07-23,20217,17,2,0.0,364.39,393.09,786.18,West,Small Business,2025,7,Jul
504765,2025-07-04,21555,2,1,0.0,177.67,184.04,184.04,North,Consumer,2025,7,Jul
504766,2024-10-11,22873,28,2,0.05,297.74,300.61,571.16,South,Consumer,2024,10,Oct
504767,2024-10-23,21577,20,3,0.05,187.69,178.04,507.41,South,Consumer,2024,10,Oct
504768,2024-07-27,20002,28,1,0.15,297.74,311.35,264.65,West,Consumer,2024,7,Jul
504769,2024-07-21,21095,4,3,0.0,453.41,459.94,1379.82,East,Consumer,2024,7,Jul
504770,2025-01-03,22717,11,3,0.0,526.43,503.26,1509.78,West,Consumer,2025,1,Jan
504771,2024-12-03,20842,7,4,0.05,208.23,195.59,743.24,East,Consumer,2024,12,Dec
504772,2024-07-13,20580,23,2,0.05,430.62,464.3,882.17,Central,Corporate,2024,7,Jul
504773,2024-02-03,22965,10,2,0.2,452.53,458.12,732.99,North,Consumer,2024,2,Feb
504774,2025-09-08,22812,27,4,0.0,282.82,287.22,1148.88,Central,Consumer,2025,9,Sep
504775,2025-08-13,22370,13,2,0.15,509.47,494.44,840.55,Central,Consumer,2025,8,Aug
504776,2024-02-02,20325,11,3,0.0,526.43,506.37,1519.11,South,Consumer,2024,2,Feb
504777,2025-03-09,21301,19,4,0.1,495.95,483.61,1741.0,East,Consumer,2025,3,Mar
504778,2025-05-05,21277,24,3,0.1,471.09,445.82,1203.71,East,Corporate,2025,5,May
504779,2025-02-12,21566,12,4,0.0,119.8,123.63,494.52,South,Consumer,2025,2,Feb
504780,2025-08-12,22842,1,3,0.0,118.77,124.45,373.35,Central,Small Business,2025,8,Aug
504781,2025-04-07,23647,28,2,0.05,297.74,298.62,567.38,Central,Consumer,2025,4,Apr
504782,2024-06-05,22477,13,1,0.1,509.47,548.37,493.53,Central,Consumer,2024,6,Jun
504783,2024-09-25,20514,4,4,0.15,453.41,458.18,1557.81,North,Small Business,2024,9,Sep
504784,2025-07-17,21159,20,1,0.05,187.69,181.22,172.16,West,Small Business,2025,7,Jul
504785,2025-12-26,20357,22,4,0.0,356.25,347.05,1388.2,West,Consumer,2025,12,Dec
504786,2024-11-25,21830,11,2,0.15,526.43,526.57,895.17,South,Small Business,2024,11,Nov
504787,2024-10-16,20893,5,1,0.05,310.91,327.02,310.67,North,Consumer,2024,10,Oct
504788,2025-12-23,21334,27,4,0.0,282.82,305.0,1220.0,West,Small Business,2025,12,Dec
504789,2024-06-20,21774,26,3,0.2,173.18,160.53,385.27,West,Corporate,2024,6,Jun
504790,2024-10-02,20049,20,1,0.05,187.69,187.68,178.3,North,Small Business,2024,10,Oct
504791,2025-08-27,22377,8,2,0.0,289.09,270.15,540.3,North,Consumer,2025,8,Aug
504792,2024-08-23,22247,17,2,0.15,364.39,346.94,589.8,Central,Consumer,2024,8,Aug
504793,2025-04-23,21998,19,3,0.2,495.95,504.46,1210.7,Central,Consumer,2025,4,Apr
504794,2025-10-14,23960,26,3,0.0,173.18,161.18,483.54,South,Small Business,2025,10,Oct
504795,2025-12-26,21629,27,3,0.0,282.82,287.91,863.73,South,Consumer,2025,12,Dec
504796,2025-04-27,22054,23,3,0.05,430.62,452.42,1289.4,South,Consumer,2025,4,Apr
504797,2024-03-19,22114,20,4,0.05,187.69,173.92,660.9,Central,Corporate,2024,3,Mar
504798,2025-07-18,21490,8,4,0.1,289.09,280.41,1009.48,North,Consumer,2025,7,Jul
504799,2025-10-24,23737,4,4,0.15,453.41,443.09,1506.51,South,Consumer,2025,10,Oct
504800,2024-10-30,21980,25,2,0.0,408.11,389.81,779.62,West,Consumer,2024,10,Oct
504801,2025-07-05,23815,4,3,0.0,453.41,466.91,1400.73,Central,Consumer,2025,7,Jul
504802,2024-12-25,22862,16,1,0.0,113.27,115.09,115.09,North,Consumer,2024,12,Dec
504803,2025-12-22,23761,16,3,0.0,113.27,111.64,334.92,West,Consumer,2025,12,Dec
504804,2025-12-19,20396,7,2,0.0,208.23,200.23,400.46,North,Small Business,2025,12,Dec
504805,2025-03-19,22464,9,4,0.1,308.58,302.73,1089.83,South,Consumer,2025,3,Mar
504806,2025-01-29,21789,30,2,0.1,300.75,312.66,562.79,Central,Consumer,2025,1,Jan
504807,2025-06-09,21892,23,2,0.1,430.62,454.68,818.42,West,Small Business,2025,6,Jun
504808,2025-06-29,20694,13,2,0.05,509.47,491.34,933.55,West,Corporate,2025,6,Jun
504809,2024-05-11,23290,23,2,0.1,430.62,460.21,828.38,West,Consumer,2024,5,May
504810,2025-12-16,22590,2,3,0.05,177.67,167.48,477.32,West,Consumer,2025,12,Dec
504811,2025-04-21,21851,6,1,0.0,183.47,172.77,172.77,South,Consumer,2025,4,Apr
504812,2025-06-15,23808,28,2,0.05,297.74,306.47,582.29,Central,Consumer,2025,6,Jun
504813,2024-04-10,21743,24,4,0.0,471.09,460.89,1843.56,South,Consumer,2024,4,Apr
504814,2025-06-06,20932,4,1,0.0,453.41,437.19,437.19,West,Consumer,2025,6,Jun
504815,2024-06-01,22246,7,4,0.1,208.23,208.04,748.94,Central,Corporate,2024,6,Jun
504816,2024-03-25,21563,14,1,0.05,323.49,341.94,324.84,West,Small Business,2024,3,Mar
504817,2025-08-27,21862,12,4,0.05,119.8,125.24,475.91,South,Consumer,2025,8,Aug
504818,2024-06-03,21085,16,3,0.05,113.27,118.11,336.61,Central,Small Business,2024,6,Jun
504819,2024-07-28,22322,26,4,0.05,173.18,176.51,670.74,East,Small Business,2024,7,Jul
504820,2025-07-25,21548,23,2,0.05,430.62,426.59,810.52,Central,Consumer,2025,7,Jul
504821,2024-10-17,23578,23,4,0.0,430.62,417.57,1670.28,West,Consumer,2024,10,Oct
504822,2025-12-19,21837,3,4,0.0,379.36,383.72,1534.88,Central,Consumer,2025,12,Dec
504823,2025-01-14,20274,14,1,0.05,323.49,339.02,322.07,Central,Corporate,2025,1,Jan
504824,2024-11-13,23115,23,3,0.1,430.62,436.77,1179.28,West,Small Business,2024,11,Nov
504825,2025-05-06,22259,22,1,0.05,356.25,330.16,313.65,West,Small Business,2025,5,May
504826,2025-07-10,22248,22,4,0.1,356.25,366.31,1318.72,East,Small Business,2025,7,Jul
504827,2025-02-26,20503,24,2,0.05,471.09,467.73,888.69,East,Consumer,2025,2,Feb
504828,2024-01-09,22005,10,2,0.0,452.53,463.47,926.94,West,Consumer,2024,1,Jan
504829,2024-05-18,23106,25,2,0.0,408.11,436.47,872.94,Central,Consumer,2024,5,May
504830,2024-03-31,20122,24,3,0.15,471.09,493.1,1257.41,Central,Consumer,2024,3,Mar
504831,2025-02-09,22167,7,1,0.0,208.23,197.84,197.84,Central,Consumer,2025,2,Feb
504832,2024-02-27,20169,6,4,0.0,183.47,178.71,714.84,Central,Small Business,2024,2,Feb
504833,2025-09-19,20500,10,2,0.0,452.53,488.31,976.62,Central,Small Business,2025,9,Sep
504834,2024-03-18,23444,29,1,0.05,538.73,500.7,475.66,Central,Consumer,2024,3,Mar
504835,2025-03-17,22328,17,4,0.2,364.39,337.17,1078.94,South,Consumer,2025,3,Mar
504836,2024-02-12,23316,29,4,0.0,538.73,500.82,2003.28,North,Consumer,2024,2,Feb
504837,2025-09-28,21312,12,1,0.05,119.8,124.98,118.73,West,Consumer,2025,9,Sep
504838,2024-01-19,20557,20,1,0.15,187.69,190.39,161.83,South,Consumer,2024,1,Jan
504839,2025-05-18,20402,30,1,0.05,300.75,286.23,271.92,Central,Small Business,2025,5,May
504840,2025-05-05,23519,11,1,0.0,526.43,544.0,544.0,North,Small Business,2025,5,May
504841,2025-01-11,23526,22,2,0.15,356.25,371.77,632.01,West,Consumer,2025,1,Jan
504842,2024-11-17,23917,13,3,0.0,509.47,527.8,1583.4,South,Consumer,2024,11,Nov
504843,2025-11-04,22055,28,4,0.2,297.74,288.08,921.86,Central,Consumer,2025,11,Nov
504844,2025-01-31,22862,23,4,0.0,430.62,414.13,1656.52,North,Consumer,2025,1,Jan
504845,2024-04-21,20791,23,4,0.15,430.62,411.65,1399.61,Central,Small Business,2024,4,Apr
504846,2024-09-06,21857,7,4,0.15,208.23,204.34,694.76,Central,Small Business,2024,9,Sep
504847,2025-03-01,21780,29,1,0.1,538.73,502.42,452.18,Central,Small Business,2025,3,Mar
504848,2024-10-20,20886,10,1,0.1,452.53,458.03,412.23,West,Corporate,2024,10,Oct
504849,2024-09-27,20607,13,2,0.15,509.47,488.43,830.33,Central,Small Business,2024,9,Sep
504850,2024-04-26,23554,14,1,0.0,323.49,325.65,325.65,North,Consumer,2024,4,Apr
504851,2024-06-19,21564,22,2,0.15,356.25,329.09,559.45,South,Corporate,2024,6,Jun
504852,2025-04-14,21418,24,3,0.1,471.09,453.65,1224.85,South,Consumer,2025,4,Apr
504853,2025-09-10,22031,28,4,0.0,297.74,275.04,1100.16,East,Corporate,2025,9,Sep
504854,2024-04-07,20962,5,4,0.0,310.91,301.14,1204.56,Central,Small Business,2024,4,Apr
504855,2024-06-13,20540,26,1,0.1,173.18,168.88,151.99,Central,Consumer,2024,6,Jun
504856,2025-10-06,22304,4,2,0.05,453.41,449.63,854.3,Central,Consumer,2025,10,Oct
504857,2024-09-25,23485,17,4,0.1,364.39,345.81,1244.92,Central,Small Business,2024,9,Sep
504858,2024-07-25,23625,28,3,0.05,297.74,315.04,897.86,East,Consumer,2024,7,Jul
504859,2025-01-30,20815,23,4,0.0,430.62,449.95,1799.8,Central,Consumer,2025,1,Jan
504860,2024-07-09,23483,29,2,0.05,538.73,567.27,1077.81,Central,Small Business,2024,7,Jul
504861,2025-10-04,21396,2,2,0.05,177.67,179.0,340.1,Central,Consumer,2025,10,Oct
504862,2024-05-23,23239,17,2,0.05,364.39,371.82,706.46,Central,Consumer,2024,5,May
504863,2025-03-21,21252,3,4,0.0,379.36,366.38,1465.52,Central,Consumer,2025,3,Mar
504864,2024-03-19,21238,22,4,0.0,356.25,346.97,1387.88,South,Small Business,2024,3,Mar
504865,2025-10-21,21752,6,1,0.0,183.47,192.07,192.07,West,Consumer,2025,10,Oct
504866,2024-07-02,23057,6,4,0.1,183.47,185.18,666.65,Central,Consumer,2024,7,Jul
504867,2025-07-24,21651,9,4,0.05,308.58,321.1,1220.18,Central,Small Business,2025,7,Jul
504868,2025-12-30,23593,26,3,0.05,173.18,171.14,487.75,South,Consumer,2025,12,Dec
504869,2025-02-15,23583,11,2,0.0,526.43,567.19,1134.38,West,Small Business,2025,2,Feb
504870,2024-01-18,23352,27,1,0.1,282.82,278.56,250.7,West,Corporate,2024,1,Jan
504871,2024-09-25,20817,18,2,0.15,376.89,396.92,674.76,East,Small Business,2024,9,Sep
504872,2024-12-26,22448,5,2,0.05,310.91,294.48,559.51,Central,Corporate,2024,12,Dec
504873,2024-03-09,21054,8,4,0.15,289.09,271.37,922.66,Central,Small Business,2024,3,Mar
504874,2024-09-16,22264,23,3,0.0,430.62,450.64,1351.92,North,Consumer,2024,9,Sep
504875,2025-02-17,20338,26,1,0.1,173.18,173.06,155.75,West,Consumer,2025,2,Feb
504876,2025-07-22,23376,7,1,0.15,208.23,194.39,165.23,West,Consumer,2025,7,Jul
504877,2024-05-24,21362,15,3,0.2,203.7,190.49,457.18,South,Small Business,2024,5,May
504878,2025-03-25,22095,14,3,0.0,323.49,322.76,968.28,West,Consumer,2025,3,Mar
504879,2025-05-25,21287,14,2,0.05,323.49,336.63,639.6,West,Small Business,2025,5,May
504880,2024-01-22,20984,10,3,0.0,452.53,417.14,1251.42,East,Consumer,2024,1,Jan
504881,2024-11-10,20990,27,3,0.0,282.82,277.62,832.86,East,Consumer,2024,11,Nov
504882,2024-02-28,21806,27,3,0.05,282.82,272.32,776.11,East,Corporate,2024,2,Feb
504883,2025-08-29,23021,12,2,0.2,119.8,119.7,191.52,Central,Consumer,2025,8,Aug
504884,2025-04-26,23397,14,2,0.15,323.49,348.53,592.5,Central,Consumer,2025,4,Apr
504885,2025-02-21,21031,27,1,0.0,282.82,276.69,276.69,Central,Consumer,2025,2,Feb
504886,2025-05-19,20076,25,2,0.0,408.11,412.0,824.0,Central,Consumer,2025,5,May
504887,2025-11-14,20762,16,1,0.05,113.27,120.1,114.09,East,Small Business,2025,11,Nov
504888,2025-04-11,21658,19,3,0.0,495.95,513.33,1539.99,East,Small Business,2025,4,Apr
504889,2024-07-14,22421,25,1,0.1,408.11,425.8,383.22,South,Corporate,2024,7,Jul
504890,2025-04-23,23433,15,2,0.0,203.7,193.89,387.78,Central,Corporate,2025,4,Apr
504891,2025-08-07,21794,26,2,0.0,173.18,173.5,347.0,East,Consumer,2025,8,Aug
504892,2025-09-02,22172,21,4,0.0,301.42,322.63,1290.52,South,Small Business,2025,9,Sep
504893,2025-01-22,21580,12,2,0.0,119.8,116.13,232.26,Central,Consumer,2025,1,Jan
504894,2024-10-06,21576,1,1,0.1,118.77,114.98,103.48,South,Corporate,2024,10,Oct
504895,2024-11-23,23008,25,3,0.1,408.11,380.65,1027.75,Central,Corporate,2024,11,Nov
504896,2024-08-20,22853,17,4,0.0,364.39,369.15,1476.6,West,Consumer,2024,8,Aug
504897,2024-06-03,22854,18,2,0.0,376.89,377.38,754.76,West,Consumer,2024,6,Jun
504898,2025-08-22,22457,6,4,0.1,183.47,194.51,700.24,Central,Small Business,2025,8,Aug
504899,2025-11-26,23206,26,2,0.0,173.18,172.45,344.9,West,Consumer,2025,11,Nov
504900,2024-08-31,22252,24,3,0.05,471.09,478.15,1362.73,West,Small Business,2024,8,Aug
504901,2025-03-04,23851,3,3,0.05,379.36,390.26,1112.24,North,Consumer,2025,3,Mar
504902,2025-12-01,20926,26,4,0.05,173.18,178.67,678.95,South,Consumer,2025,12,Dec
504903,2024-09-27,22607,13,2,0.15,509.47,550.02,935.03,West,Consumer,2024,9,Sep
504904,2025-06-10,23685,23,2,0.05,430.62,409.58,778.2,South,Small Business,2025,6,Jun
504905,2025-08-18,20727,29,3,0.15,538.73,521.84,1330.69,West,Corporate,2025,8,Aug
504906,2025-05-28,20338,29,1,0.0,538.73,557.72,557.72,West,Consumer,2025,5,May
504907,2025-01-03,20104,27,4,0.15,282.82,284.92,968.73,Central,Corporate,2025,1,Jan
504908,2025-10-25,22767,5,2,0.0,310.91,304.69,609.38,Central,Small Business,2025,10,Oct
504909,2024-09-07,20188,17,4,0.0,364.39,346.36,1385.44,East,Corporate,2024,9,Sep
504910,2025-07-14,22678,7,4,0.0,208.23,202.43,809.72,East,Consumer,2025,7,Jul
504911,2024-07-01,22001,25,2,0.0,408.11,436.97,873.94,Central,Consumer,2024,7,Jul
504912,2024-02-01,20521,22,3,0.05,356.25,359.53,1024.66,Central,Consumer,2024,2,Feb
504913,2025-08-26,21275,11,3,0.1,526.43,548.1,1479.87,West,Consumer,2025,8,Aug
504914,2024-11-30,20400,5,4,0.05,310.91,299.84,1139.39,South,Consumer,2024,11,Nov
504915,2025-05-07,21298,27,3,0.2,282.82,283.36,680.06,East,Consumer,2025,5,May
504916,2024-10-03,21369,16,4,0.05,113.27,107.55,408.69,Central,Small Business,2024,10,Oct
504917,2024-12-07,23232,22,2,0.0,356.25,359.83,719.66,Central,Consumer,2024,12,Dec
504918,2024-11-06,20324,21,1,0.05,301.42,284.44,270.22,North,Consumer,2024,11,Nov
504919,2025-03-02,22580,20,4,0.1,187.69,197.76,711.94,South,Consumer,2025,3,Mar
504920,2024-07-24,23815,7,4,0.0,208.23,195.86,783.44,Central,Consumer,2024,7,Jul
504921,2024-06-01,21094,5,3,0.1,310.91,326.21,880.77,Central,Consumer,2024,6,Jun
504922,2024-06-10,23438,13,1,0.0,509.47,474.41,474.41,East,Consumer,2024,6,Jun
504923,2025-03-23,23237,29,1,0.05,538.73,575.04,546.29,West,Consumer,2025,3,Mar
504924,2025-01-31,23793,25,4,0.0,408.11,430.52,1722.08,East,Consumer,2025,1,Jan
504925,2025-12-09,21194,28,1,0.0,297.74,307.1,307.1,West,Consumer,2025,12,Dec
504926,2025-06-27,23967,11,2,0.05,526.43,540.66,1027.25,East,Consumer,2025,6,Jun
504927,2024-07-04,23314,11,2,0.0,526.43,517.31,1034.62,South,Small Business,2024,7,Jul
504928,2024-05-14,20881,21,2,0.0,301.42,325.34,650.68,South,Consumer,2024,5,May
504929,2024-05-24,23130,2,4,0.0,177.67,163.58,654.32,North,Small Business,2024,5,May
504930,2024-07-20,23081,29,2,0.15,538.73,499.72,849.52,West,Consumer,2024,7,Jul
504931,2025-07-04,20344,25,4,0.05,408.11,422.36,1604.97,Central,Corporate,2025,7,Jul
504932,2025-04-30,21826,23,4,0.1,430.62,437.29,1574.24,Central,Small Business,2025,4,Apr
504933,2024-07-24,23514,24,1,0.05,471.09,452.95,430.3,East,Small Business,2024,7,Jul
504934,2025-05-03,20173,24,3,0.0,471.09,462.56,1387.68,South,Corporate,2025,5,May
504935,2024-06-01,23878,16,4,0.05,113.27,115.06,437.23,West,Consumer,2024,6,Jun
504936,2024-03-03,22059,10,2,0.0,452.53,446.19,892.38,West,Small Business,2024,3,Mar
504937,2024-10-20,21434,30,4,0.1,300.75,279.69,1006.88,East,Consumer,2024,10,Oct
504938,2024-02-26,20329,6,2,0.05,183.47,169.84,322.7,Central,Consumer,2024,2,Feb
504939,2025-08-13,22440,28,4,0.2,297.74,295.06,944.19,North,Small Business,2025,8,Aug
504940,2024-12-29,23946,23,4,0.05,430.62,428.86,1629.67,East,Consumer,2024,12,Dec
504941,2025-03-30,21657,25,3,0.15,408.11,419.1,1068.71,South,Corporate,2025,3,Mar
504942,2025-09-03,23330,14,1,0.0,323.49,348.56,348.56,North,Small Business,2025,9,Sep
504943,2025-06-06,21280,23,2,0.0,430.62,401.56,803.12,West,Consumer,2025,6,Jun
504944,2024-06-11,23306,21,4,0.0,301.42,290.81,1163.24,South,Consumer,2024,6,Jun
504945,2024-10-08,23844,26,3,0.15,173.18,175.45,447.4,East,Consumer,2024,10,Oct
504946,2025-12-30,20312,10,3,0.0,452.53,441.51,1324.53,South,Small Business,2025,12,Dec
504947,2024-12-22,21080,23,2,0.15,430.62,416.53,708.1,Central,Corporate,2024,12,Dec
504948,2025-12-31,20031,7,2,0.1,208.23,201.81,363.26,East,Consumer,2025,12,Dec
504949,2025-02-11,23079,30,1,0.0,300.75,287.04,287.04,South,Corporate,2025,2,Feb
504950,2025-03-16,21071,16,3,0.1,113.27,115.38,311.53,North,Corporate,2025,3,Mar
504951,2025-03-10,23866,28,1,0.05,297.74,304.12,288.91,Central,Consumer,2025,3,Mar
504952,2025-12-03,23326,4,4,0.0,453.41,468.42,1873.68,South,Consumer,2025,12,Dec
504953,2025-03-11,20586,11,2,0.15,526.43,495.49,842.33,West,Corporate,2025,3,Mar
504954,2024-10-14,22320,17,1,0.0,364.39,345.73,345.73,Central,Small Business,2024,10,Oct
504955,2024-11-27,21826,30,3,0.0,300.75,324.66,973.98,Central,Small Business,2024,11,Nov
504956,2025-01-01,22610,8,4,0.0,289.09,277.34,1109.36,Central,Consumer,2025,1,Jan
504957,2024-06-02,22370,14,4,0.1,323.49,329.32,1185.55,Central,Consumer,2024,6,Jun
504958,2025-05-29,20515,5,1,0.0,310.91,290.38,290.38,East,Small Business,2025,5,May
504959,2024-09-28,22529,24,4,0.1,471.09,489.17,1761.01,West,Consumer,2024,9,Sep
504960,2024-02-21,21843,15,3,0.0,203.7,191.93,575.79,West,Consumer,2024,2,Feb
504961,2024-10-09,21254,7,3,0.1,208.23,204.89,553.2,East,Corporate,2024,10,Oct
504962,2025-07-16,21861,18,3,0.2,376.89,360.03,864.07,East,Consumer,2025,7,Jul
504963,2025-07-12,23721,21,1,0.2,301.42,297.89,238.31,Central,Consumer,2025,7,Jul
504964,2025-11-15,23918,24,1,0.1,471.09,503.48,453.13,Central,Corporate,2025,11,Nov
504965,2025-11-21,21310,11,2,0.05,526.43,506.12,961.63,East,Consumer,2025,11,Nov
504966,2025-02-20,23097,9,1,0.0,308.58,292.6,292.6,West,Consumer,2025,2,Feb
504967,2025-02-11,23139,21,1,0.1,301.42,281.0,252.9,East,Consumer,2025,2,Feb
504968,2024-06-09,20537,18,4,0.0,376.89,358.39,1433.56,West,Consumer,2024,6,Jun
504969,2025-11-17,22030,7,1,0.1,208.23,217.66,195.89,Central,Small Business,2025,11,Nov
504970,2024-04-05,21837,18,2,0.0,376.89,359.37,718.74,Central,Consumer,2024,4,Apr
504971,2025-12-21,21909,18,3,0.15,376.89,404.14,1030.56,West,Consumer,2025,12,Dec
504972,2024-06-08,23086,5,3,0.0,310.91,300.32,900.96,South,Consumer,2024,6,Jun
504973,2025-10-15,23842,30,4,0.05,300.75,288.7,1097.06,North,Consumer,2025,10,Oct
504974,2024-05-27,23139,1,1,0.0,118.77,124.9,124.9,East,Consumer,2024,5,May
504975,2025-06-19,20335,20,1,0.15,187.69,190.72,162.11,Central,Small Business,2025,6,Jun
504976,2025-09-20,21820,19,4,0.1,495.95,492.52,1773.07,Central,Consumer,2025,9,Sep
504977,2025-06-14,23827,10,1,0.05,452.53,428.94,407.49,East,Consumer,2025,6,Jun
504978,2024-04-10,23295,17,4,0.0,364.39,376.61,1506.44,North,Consumer,2024,4,Apr
504979,2025-11-24,23584,9,4,0.1,308.58,314.85,1133.46,Central,Consumer,2025,11,Nov
504980,2025-12-10,21902,29,2,0.1,538.73,577.28,1039.1,Central,Consumer,2025,12,Dec
504981,2025-04-21,23208,14,4,0.15,323.49,347.47,1181.4,West,Consumer,2025,4,Apr
504982,2025-07-23,20134,18,2,0.05,376.89,382.98,727.66,South,Consumer,2025,7,Jul
504983,2024-11-11,21782,11,1,0.0,526.43,507.9,507.9,West,Small Business,2024,11,Nov
504984,2025-06-19,23248,7,1,0.2,208.23,221.47,177.18,South,Consumer,2025,6,Jun
504985,2025-12-24,22022,5,3,0.05,310.91,294.74,840.01,Central,Small Business,2025,12,Dec
504986,2025-03-27,23978,23,2,0.0,430.62,437.61,875.22,South,Consumer,2025,3,Mar
504987,2024-07-20,20153,29,1,0.2,538.73,511.01,408.81,East,Consumer,2024,7,Jul
504988,2024-02-02,21113,1,2,0.15,118.77,118.04,200.67,Central,Consumer,2024,2,Feb
504989,2025-05-05,21760,5,3,0.0,310.91,293.69,881.07,West,Consumer,2025,5,May
504990,2025-06-09,22664,22,1,0.0,356.25,384.21,384.21,Central,Consumer,2025,6,Jun
504991,2025-08-08,21160,7,1,0.0,208.23,197.22,197.22,East,Small Business,2025,8,Aug
504992,2024-10-06,21622,25,1,0.05,408.11,414.69,393.96,West,Small Business,2024,10,Oct
504993,2025-06-22,22147,24,3,0.0,471.09,455.55,1366.65,North,Consumer,2025,6,Jun
504994,2024-03-31,21625,6,1,0.2,183.47,195.96,156.77,West,Consumer,2024,3,Mar
504995,2025-07-24,22135,3,4,0.0,379.36,404.36,1617.44,North,Consumer,2025,7,Jul
504996,2025-08-31,23670,9,3,0.15,308.58,326.44,832.42,East,Consumer,2025,8,Aug
504997,2024-07-26,22325,5,3,0.1,310.91,316.19,853.71,Central,Consumer,2024,7,Jul
504998,2024-08-31,23840,3,2,0.2,379.36,371.85,594.96,Central,Consumer,2024,8,Aug
504999,2025-08-29,21525,28,1,0.0,297.74,305.0,305.0,South,Consumer,2025,8,Aug
505000,2025-03-16,20436,6,4,0.0,183.47,171.29,685.16,North,Consumer,2025,3,Mar
505001,2025-01-01,22963,17,1,0.15,364.39,335.86,285.48,East,Corporate,2025,1,Jan
505002,2024-04-24,22909,8,1,0.0,289.09,288.45,288.45,Central,Corporate,2024,4,Apr
505003,2025-08-15,20732,6,4,0.0,183.47,180.06,720.24,Central,Consumer,2025,8,Aug
505004,2024-04-03,20720,9,1,0.0,308.58,326.63,326.63,East,Consumer,2024,4,Apr
505005,2024-11-10,20422,8,1,0.05,289.09,299.09,284.14,West,Consumer,2024,11,Nov
505006,2024-11-22,22125,14,2,0.15,323.49,344.9,586.33,Central,Small Business,2024,11,Nov
505007,2025-06-10,21418,19,1,0.1,495.95,462.72,416.45,South,Consumer,2025,6,Jun
505008,2024-02-01,23204,29,3,0.0,538.73,557.19,1671.57,West,Consumer,2024,2,Feb
505009,2024-01-10,23719,22,3,0.05,356.25,358.2,1020.87,North,Consumer,2024,1,Jan
505010,2025-03-25,20894,3,4,0.1,379.36,349.03,1256.51,North,Consumer,2025,3,Mar
505011,2024-09-20,21843,6,3,0.0,183.47,170.4,511.2,West,Consumer,2024,9,Sep
505012,2024-02-27,21301,11,3,0.0,526.43,566.81,1700.43,East,Consumer,2024,2,Feb
505013,2025-07-20,20735,18,3,0.0,376.89,361.51,1084.53,South,Consumer,2025,7,Jul
505014,2025-01-17,23778,7,3,0.05,208.23,195.64,557.57,North,Consumer,2025,1,Jan
505015,2025-03-27,22939,17,2,0.2,364.39,369.0,590.4,North,Consumer,2025,3,Mar
505016,2024-09-20,21671,23,2,0.2,430.62,404.94,647.9,South,Consumer,2024,9,Sep
505017,2024-06-09,20582,1,2,0.1,118.77,121.61,218.9,Central,Consumer,2024,6,Jun
505018,2024-08-24,20307,29,4,0.0,538.73,527.66,2110.64,West,Corporate,2024,8,Aug
505019,2025-10-23,22728,22,2,0.2,356.25,370.6,592.96,Central,Consumer,2025,10,Oct
505020,2025-07-16,21666,14,2,0.1,323.49,321.09,577.96,Central,Consumer,2025,7,Jul
505021,2025-09-18,20069,7,2,0.2,208.23,217.34,347.74,West,Consumer,2025,9,Sep
505022,2024-12-12,21807,28,1,0.2,297.74,303.31,242.65,South,Consumer,2024,12,Dec
505023,2025-10-07,21593,10,2,0.0,452.53,470.03,940.06,South,Small Business,2025,10,Oct
505024,2024-05-21,23115,26,3,0.0,173.18,184.25,552.75,West,Small Business,2024,5,May
505025,2025-05-02,22160,27,1,0.05,282.82,286.6,272.27,North,Consumer,2025,5,May
505026,2024-10-10,21394,11,4,0.15,526.43,511.19,1738.05,Central,Consumer,2024,10,Oct
505027,2024-05-19,20152,2,3,0.0,177.67,181.77,545.31,East,Small Business,2024,5,May
505028,2024-10-09,20507,4,4,0.05,453.41,438.53,1666.41,Central,Consumer,2024,10,Oct
505029,2025-05-04,22373,19,3,0.0,495.95,489.46,1468.38,Central,Consumer,2025,5,May
505030,2025-01-21,23113,30,2,0.0,300.75,288.71,577.42,South,Consumer,2025,1,Jan
505031,2025-10-14,20816,25,3,0.1,408.11,413.98,1117.75,South,Consumer,2025,10,Oct
505032,2025-04-17,21502,25,2,0.0,408.11,397.97,795.94,North,Small Business,2025,4,Apr
505033,2025-02-09,20372,27,1,0.2,282.82,266.5,213.2,North,Consumer,2025,2,Feb
505034,2024-08-11,20125,22,4,0.0,356.25,363.39,1453.56,East,Consumer,2024,8,Aug
505035,2025-08-10,22878,7,1,0.0,208.23,222.55,222.55,East,Corporate,2025,8,Aug
505036,2024-08-17,23330,14,4,0.05,323.49,302.53,1149.61,North,Small Business,2024,8,Aug
505037,2024-04-16,23185,11,4,0.0,526.43,568.41,2273.64,Central,Small Business,2024,4,Apr
505038,2025-08-03,23867,7,3,0.0,208.23,217.1,651.3,Central,Small Business,2025,8,Aug
505039,2025-06-06,22730,16,2,0.0,113.27,111.49,222.98,Central,Consumer,2025,6,Jun
505040,2024-05-11,23852,11,1,0.1,526.43,546.86,492.17,Central,Consumer,2024,5,May
505041,2025-12-20,21143,25,2,0.0,408.11,440.52,881.04,West,Corporate,2025,12,Dec
505042,2025-04-23,22483,14,3,0.1,323.49,321.7,868.59,Central,Small Business,2025,4,Apr
505043,2025-01-30,21193,19,4,0.0,495.95,471.22,1884.88,South,Small Business,2025,1,Jan
505044,2025-12-23,21056,19,2,0.15,495.95,465.36,791.11,West,Consumer,2025,12,Dec
505045,2025-06-21,21144,5,1,0.1,310.91,331.07,297.96,Central,Consumer,2025,6,Jun
505046,2025-07-25,23469,4,2,0.0,453.41,482.63,965.26,East,Consumer,2025,7,Jul
505047,2025-02-21,22973,15,2,0.05,203.7,209.39,397.84,South,Small Business,2025,2,Feb
505048,2024-07-14,20712,22,1,0.0,356.25,378.44,378.44,West,Consumer,2024,7,Jul
505049,2024-02-20,22095,20,2,0.0,187.69,201.03,402.06,West,Consumer,2024,2,Feb
505050,2024-01-25,22998,22,3,0.0,356.25,366.31,1098.93,South,Consumer,2024,1,Jan
505051,2024-06-26,23024,26,3,0.05,173.18,159.44,454.4,North,Small Business,2024,6,Jun
505052,2024-07-30,23490,30,4,0.0,300.75,292.02,1168.08,East,Consumer,2024,7,Jul
505053,2024-08-19,22860,24,2,0.05,471.09,448.64,852.42,Central,Consumer,2024,8,Aug
505054,2024-01-03,23711,24,3,0.05,471.09,476.03,1356.69,East,Consumer,2024,1,Jan
505055,2024-08-10,23080,19,3,0.1,495.95,505.16,1363.93,East,Small Business,2024,8,Aug
505056,2025-03-03,22278,30,2,0.0,300.75,322.49,644.98,East,Small Business,2025,3,Mar
505057,2025-01-14,20531,25,3,0.2,408.11,436.7,1048.08,West,Consumer,2025,1,Jan
505058,2024-12-01,23829,2,2,0.05,177.67,165.32,314.11,West,Consumer,2024,12,Dec
505059,2025-10-15,21961,3,4,0.0,379.36,394.61,1578.44,West,Small Business,2025,10,Oct
505060,2025-03-15,20144,28,3,0.0,297.74,296.07,888.21,East,Consumer,2025,3,Mar
505061,2025-02-25,21889,29,4,0.05,538.73,570.46,2167.75,Central,Small Business,2025,2,Feb
505062,2025-08-01,20153,24,4,0.05,471.09,434.03,1649.31,East,Consumer,2025,8,Aug
505063,2025-10-25,21016,24,3,0.0,471.09,469.98,1409.94,North,Small Business,2025,10,Oct
505064,2024-06-18,23047,17,4,0.0,364.39,355.84,1423.36,East,Small Business,2024,6,Jun
505065,2025-09-29,23083,20,3,0.0,187.69,187.62,562.86,North,Consumer,2025,9,Sep
505066,2024-09-29,23992,11,2,0.15,526.43,547.32,930.44,Central,Small Business,2024,9,Sep
505067,2025-10-25,20863,19,4,0.0,495.95,513.08,2052.32,Central,Small Business,2025,10,Oct
505068,2024-12-03,20591,5,4,0.05,310.91,297.44,1130.27,West,Consumer,2024,12,Dec
505069,2025-05-22,21175,17,2,0.05,364.39,344.24,654.06,North,Consumer,2025,5,May
505070,2025-07-16,21498,3,4,0.0,379.36,381.94,1527.76,Central,Small Business,2025,7,Jul
505071,2024-10-16,20987,7,3,0.1,208.23,217.19,586.41,Central,Corporate,2024,10,Oct
505072,2024-11-28,23945,11,3,0.05,526.43,568.47,1620.14,North,Consumer,2024,11,Nov
505073,2024-09-10,23209,19,4,0.1,495.95,456.3,1642.68,North,Consumer,2024,9,Sep
505074,2024-06-03,23488,13,4,0.1,509.47,492.62,1773.43,Central,Small Business,2024,6,Jun
505075,2025-12-21,22618,13,2,0.0,509.47,536.24,1072.48,East,Consumer,2025,12,Dec
505076,2025-10-16,21644,23,3,0.0,430.62,431.96,1295.88,South,Consumer,2025,10,Oct
505077,2024-02-28,21113,23,3,0.0,430.62,403.3,1209.9,Central,Consumer,2024,2,Feb
505078,2024-02-15,23563,8,1,0.05,289.09,276.07,262.27,South,Consumer,2024,2,Feb
505079,2025-08-10,20554,7,1,0.05,208.23,203.71,193.52,South,Consumer,2025,8,Aug
505080,2025-04-12,21805,9,2,0.1,308.58,333.17,599.71,East,Corporate,2025,4,Apr
505081,2025-06-17,20308,5,3,0.0,310.91,314.14,942.42,Central,Small Business,2025,6,Jun
505082,2024-08-11,21358,6,2,0.0,183.47,180.87,361.74,South,Corporate,2024,8,Aug
505083,2025-03-06,23699,28,4,0.05,297.74,306.95,1166.41,Central,Consumer,2025,3,Mar
505084,2024-12-22,22351,29,1,0.05,538.73,524.31,498.09,Central,Consumer,2024,12,Dec
505085,2024-01-24,20384,16,4,0.1,113.27,110.04,396.14,East,Consumer,2024,1,Jan
505086,2025-12-07,21115,5,2,0.0,310.91,292.56,585.12,Central,Consumer,2025,12,Dec
505087,2025-12-07,20649,30,2,0.0,300.75,303.03,606.06,Central,Small Business,2025,12,Dec
505088,2025-03-10,22628,16,2,0.15,113.27,119.05,202.38,Central,Small Business,2025,3,Mar
505089,2024-04-02,21719,8,1,0.0,289.09,289.56,289.56,North,Consumer,2024,4,Apr
505090,2025-05-06,21163,11,3,0.05,526.43,567.69,1617.92,West,Consumer,2025,5,May
505091,2024-06-21,22741,12,4,0.0,119.8,122.42,489.68,Central,Small Business,2024,6,Jun
505092,2025-04-21,22031,18,3,0.0,376.89,379.35,1138.05,East,Corporate,2025,4,Apr
505093,2024-05-25,22806,11,3,0.2,526.43,526.95,1264.68,Central,Small Business,2024,5,May
505094,2025-06-09,23092,1,1,0.0,118.77,110.76,110.76,West,Small Business,2025,6,Jun
505095,2024-11-27,20678,9,1,0.1,308.58,332.35,299.12,South,Corporate,2024,11,Nov
505096,2024-11-20,23451,26,4,0.1,173.18,183.24,659.66,East,Corporate,2024,11,Nov
505097,2025-12-24,20372,27,4,0.1,282.82,267.16,961.78,North,Consumer,2025,12,Dec
505098,2024-01-13,20161,13,2,0.0,509.47,548.64,1097.28,Central,Small Business,2024,1,Jan
505099,2025-10-27,20205,24,3,0.05,471.09,446.0,1271.1,Central,Consumer,2025,10,Oct
505100,2025-10-12,22903,8,2,0.0,289.09,269.25,538.5,Central,Small Business,2025,10,Oct
505101,2025-11-21,20285,9,2,0.05,308.58,307.12,583.53,South,Small Business,2025,11,Nov
505102,2025-02-14,23554,10,3,0.0,452.53,432.51,1297.53,North,Consumer,2025,2,Feb
505103,2024-01-03,22949,26,4,0.0,173.18,161.67,646.68,North,Consumer,2024,1,Jan
505104,2025-10-29,22946,30,4,0.2,300.75,289.24,925.57,Central,Consumer,2025,10,Oct
505105,2025-05-07,21269,29,2,0.0,538.73,527.55,1055.1,East,Consumer,2025,5,May
505106,2025-06-22,20922,12,2,0.0,119.8,120.45,240.9,West,Consumer,2025,6,Jun
505107,2024-07-06,21277,22,4,0.0,356.25,379.84,1519.36,East,Corporate,2024,7,Jul
505108,2025-07-04,22987,15,2,0.05,203.7,203.92,387.45,North,Corporate,2025,7,Jul
505109,2024-04-29,20845,26,1,0.0,173.18,186.99,186.99,West,Corporate,2024,4,Apr
505110,2025-04-22,23219,26,3,0.1,173.18,175.75,474.52,North,Small Business,2025,4,Apr
505111,2025-05-28,21419,26,4,0.0,173.18,182.75,731.0,North,Small Business,2025,5,May
505112,2025-12-03,20719,30,1,0.0,300.75,302.19,302.19,West,Consumer,2025,12,Dec
505113,2025-10-03,21584,8,1,0.05,289.09,279.87,265.88,West,Consumer,2025,10,Oct
505114,2025-08-03,23647,30,1,0.05,300.75,324.79,308.55,Central,Consumer,2025,8,Aug
505115,2025-06-05,21214,7,2,0.0,208.23,213.79,427.58,Central,Small Business,2025,6,Jun
505116,2024-11-14,21090,5,3,0.0,310.91,333.56,1000.68,Central,Consumer,2024,11,Nov
505117,2025-03-26,22897,24,3,0.1,471.09,481.58,1300.27,North,Consumer,2025,3,Mar
505118,2024-07-18,23786,17,4,0.15,364.39,336.41,1143.79,West,Consumer,2024,7,Jul
505119,2025-07-21,20906,23,4,0.0,430.62,445.76,1783.04,West,Consumer,2025,7,Jul
505120,2024-10-15,21999,18,2,0.0,376.89,406.49,812.98,Central,Consumer,2024,10,Oct
505121,2025-09-17,23144,13,2,0.15,509.47,518.64,881.69,West,Small Business,2025,9,Sep
505122,2024-05-12,20518,24,2,0.0,471.09,482.65,965.3,South,Consumer,2024,5,May
505123,2024-03-11,20860,19,4,0.0,495.95,473.19,1892.76,Central,Consumer,2024,3,Mar
505124,2024-06-23,22830,15,1,0.05,203.7,214.7,203.96,Central,Corporate,2024,6,Jun
505125,2024-11-21,21148,16,4,0.0,113.27,104.27,417.08,East,Small Business,2024,11,Nov
505126,2024-04-28,22270,15,3,0.0,203.7,212.13,636.39,West,Consumer,2024,4,Apr
505127,2025-01-31,21890,6,1,0.0,183.47,176.74,176.74,Central,Consumer,2025,1,Jan
505128,2024-02-11,23052,11,3,0.1,526.43,503.68,1359.94,East,Small Business,2024,2,Feb
505129,2025-08-03,21939,4,2,0.0,453.41,475.74,951.48,Central,Consumer,2025,8,Aug
505130,2024-10-14,21196,22,2,0.1,356.25,346.78,624.2,North,Corporate,2024,10,Oct
505131,2025-08-22,21155,21,1,0.0,301.42,296.43,296.43,Central,Small Business,2025,8,Aug
505132,2025-07-09,20229,20,4,0.0,187.69,184.26,737.04,South,Small Business,2025,7,Jul
505133,2025-10-21,20478,9,3,0.0,308.58,314.92,944.76,South,Consumer,2025,10,Oct
505134,2024-02-20,20690,30,1,0.0,300.75,319.79,319.79,South,Corporate,2024,2,Feb
505135,2025-01-20,23497,23,2,0.05,430.62,452.84,860.4,East,Consumer,2025,1,Jan
505136,2025-04-14,21910,18,4,0.1,376.89,387.89,1396.4,South,Consumer,2025,4,Apr
505137,2024-06-08,23898,19,2,0.05,495.95,517.36,982.98,East,Consumer,2024,6,Jun
505138,2025-12-17,20184,28,4,0.0,297.74,278.56,1114.24,East,Consumer,2025,12,Dec
505139,2025-10-05,23956,1,3,0.0,118.77,127.63,382.89,South,Consumer,2025,10,Oct
505140,2024-11-28,22637,30,1,0.1,300.75,291.47,262.32,Central,Consumer,2024,11,Nov
505141,2025-12-03,21983,15,4,0.0,203.7,191.17,764.68,South,Small Business,2025,12,Dec
505142,2024-07-21,22020,2,4,0.0,177.67,189.51,758.04,East,Consumer,2024,7,Jul
505143,2025-12-05,23823,11,3,0.05,526.43,506.28,1442.9,Central,Consumer,2025,12,Dec
505144,2025-03-30,20839,2,1,0.05,177.67,167.62,159.24,East,Small Business,2025,3,Mar
505145,2024-01-16,21327,19,1,0.1,495.95,534.88,481.39,South,Consumer,2024,1,Jan
505146,2025-05-14,23196,30,3,0.0,300.75,277.62,832.86,West,Consumer,2025,5,May
505147,2025-08-18,20058,20,2,0.2,187.69,193.46,309.54,East,Consumer,2025,8,Aug
505148,2024-08-02,22616,18,2,0.15,376.89,370.26,629.44,East,Small Business,2024,8,Aug
505149,2025-04-14,22471,2,4,0.05,177.67,186.71,709.5,West,Consumer,2025,4,Apr
505150,2024-10-18,22198,9,3,0.0,308.58,287.16,861.48,East,Corporate,2024,10,Oct
505151,2025-12-21,21773,9,1,0.1,308.58,299.55,269.6,Central,Consumer,2025,12,Dec
505152,2025-11-17,22892,14,3,0.05,323.49,310.12,883.84,South,Consumer,2025,11,Nov
505153,2025-02-19,23726,25,4,0.1,408.11,383.71,1381.36,Central,Small Business,2025,2,Feb
505154,2025-01-19,22372,14,4,0.0,323.49,327.65,1310.6,West,Small Business,2025,1,Jan
505155,2024-03-01,23288,5,4,0.05,310.91,301.81,1146.88,North,Consumer,2024,3,Mar
505156,2025-12-22,20039,4,4,0.0,453.41,445.79,1783.16,Central,Small Business,2025,12,Dec
505157,2025-04-24,20595,4,1,0.05,453.41,464.72,441.48,North,Consumer,2025,4,Apr
505158,2025-01-06,22189,28,2,0.0,297.74,277.47,554.94,West,Consumer,2025,1,Jan
505159,2024-09-13,23203,7,2,0.0,208.23,218.13,436.26,West,Corporate,2024,9,Sep
505160,2024-04-29,21007,10,2,0.15,452.53,445.2,756.84,North,Consumer,2024,4,Apr
505161,2024-06-11,22924,16,4,0.1,113.27,108.97,392.29,South,Corporate,2024,6,Jun
505162,2025-08-06,23076,17,4,0.0,364.39,382.72,1530.88,Central,Consumer,2025,8,Aug
505163,2024-07-24,22459,25,4,0.0,408.11,391.35,1565.4,North,Consumer,2024,7,Jul
505164,2025-09-19,22663,27,3,0.0,282.82,288.87,866.61,North,Consumer,2025,9,Sep
505165,2025-12-31,20836,7,1,0.1,208.23,198.04,178.24,Central,Consumer,2025,12,Dec
505166,2024-01-23,22375,27,4,0.0,282.82,285.48,1141.92,East,Consumer,2024,1,Jan
505167,2025-08-13,20628,13,3,0.0,509.47,501.36,1504.08,South,Consumer,2025,8,Aug
505168,2024-06-19,22138,6,3,0.05,183.47,194.1,553.18,Central,Consumer,2024,6,Jun
505169,2025-01-03,23611,16,1,0.15,113.27,111.44,94.72,South,Corporate,2025,1,Jan
505170,2024-11-25,21030,6,4,0.15,183.47,188.91,642.29,North,Consumer,2024,11,Nov
505171,2024-09-06,23295,11,2,0.15,526.43,567.09,964.05,North,Consumer,2024,9,Sep
505172,2025-11-03,22619,5,3,0.0,310.91,286.15,858.45,West,Small Business,2025,11,Nov
505173,2024-06-05,22326,23,3,0.15,430.62,402.31,1025.89,East,Consumer,2024,6,Jun
505174,2025-10-08,23177,8,3,0.0,289.09,292.39,877.17,Central,Consumer,2025,10,Oct
505175,2025-09-26,22480,29,2,0.1,538.73,517.01,930.62,South,Consumer,2025,9,Sep
505176,2025-04-22,21571,10,1,0.05,452.53,416.77,395.93,West,Corporate,2025,4,Apr
505177,2025-06-17,20633,5,3,0.0,310.91,333.0,999.0,South,Small Business,2025,6,Jun
505178,2025-07-12,21404,22,2,0.1,356.25,344.0,619.2,South,Small Business,2025,7,Jul
505179,2025-05-14,22612,15,2,0.0,203.7,219.89,439.78,West,Small Business,2025,5,May
505180,2024-04-15,23753,5,4,0.0,310.91,296.46,1185.84,South,Small Business,2024,4,Apr
505181,2024-09-28,23759,12,4,0.0,119.8,127.95,511.8,South,Consumer,2024,9,Sep
505182,2025-02-18,23206,7,3,0.1,208.23,191.7,517.59,West,Consumer,2025,2,Feb
505183,2024-12-20,22982,21,2,0.0,301.42,306.41,612.82,East,Consumer,2024,12,Dec
505184,2025-07-25,20254,12,2,0.0,119.8,124.48,248.96,Central,Consumer,2025,7,Jul
505185,2025-11-23,22326,3,3,0.05,379.36,391.13,1114.72,East,Consumer,2025,11,Nov
505186,2024-06-21,21108,1,4,0.05,118.77,124.2,471.96,Central,Consumer,2024,6,Jun
505187,2025-08-17,21698,29,3,0.0,538.73,570.3,1710.9,South,Small Business,2025,8,Aug
505188,2024-04-01,23410,8,4,0.15,289.09,281.67,957.68,South,Small Business,2024,4,Apr
505189,2025-12-07,20854,25,4,0.0,408.11,414.7,1658.8,West,Small Business,2025,12,Dec
505190,2025-03-14,23018,14,3,0.0,323.49,334.51,1003.53,West,Small Business,2025,3,Mar
505191,2025-12-03,20100,21,1,0.0,301.42,318.67,318.67,South,Consumer,2025,12,Dec
505192,2025-11-03,20777,17,4,0.0,364.39,336.58,1346.32,Central,Consumer,2025,11,Nov
505193,2024-01-17,21820,13,4,0.1,509.47,470.73,1694.63,Central,Consumer,2024,1,Jan
505194,2025-12-12,21957,20,1,0.05,187.69,202.52,192.39,Central,Corporate,2025,12,Dec
505195,2025-12-19,21324,4,4,0.05,453.41,426.16,1619.41,West,Consumer,2025,12,Dec
505196,2024-11-07,20749,12,1,0.0,119.8,115.15,115.15,East,Consumer,2024,11,Nov
505197,2024-11-25,21975,4,3,0.1,453.41,437.5,1181.25,West,Corporate,2024,11,Nov
505198,2024-12-07,22361,17,1,0.05,364.39,359.22,341.26,West,Small Business,2024,12,Dec
505199,2025-02-05,22094,17,3,0.2,364.39,378.54,908.5,South,Small Business,2025,2,Feb
505200,2025-04-02,20354,26,1,0.15,173.18,185.31,157.51,Central,Consumer,2025,4,Apr
505201,2024-02-28,22448,1,3,0.05,118.77,119.62,340.92,Central,Corporate,2024,2,Feb
505202,2024-01-28,21055,22,4,0.1,356.25,360.44,1297.58,Central,Consumer,2024,1,Jan
505203,2024-02-15,22526,20,2,0.0,187.69,184.61,369.22,Central,Consumer,2024,2,Feb
505204,2025-01-31,20335,18,3,0.1,376.89,382.78,1033.51,Central,Small Business,2025,1,Jan
505205,2025-02-12,20263,27,3,0.0,282.82,262.07,786.21,East,Consumer,2025,2,Feb
505206,2025-04-03,23698,24,4,0.0,471.09,473.91,1895.64,Central,Small Business,2025,4,Apr
505207,2024-06-29,20637,11,1,0.0,526.43,562.48,562.48,Central,Small Business,2024,6,Jun
505208,2024-04-01,20720,9,3,0.0,308.58,322.31,966.93,East,Consumer,2024,4,Apr
505209,2024-07-20,21093,22,3,0.0,356.25,349.79,1049.37,West,Consumer,2024,7,Jul
505210,2025-08-29,22087,29,2,0.05,538.73,563.57,1070.78,Central,Consumer,2025,8,Aug
505211,2024-11-24,21400,10,4,0.1,452.53,434.09,1562.72,West,Consumer,2024,11,Nov
505212,2025-01-26,20720,21,1,0.0,301.42,311.61,311.61,East,Consumer,2025,1,Jan
505213,2024-03-19,22308,6,3,0.0,183.47,176.21,528.63,East,Corporate,2024,3,Mar
505214,2025-09-26,20512,21,2,0.1,301.42,312.81,563.06,West,Consumer,2025,9,Sep
505215,2024-05-08,22451,9,3,0.0,308.58,295.63,886.89,Central,Consumer,2024,5,May
505216,2025-02-09,20016,24,4,0.05,471.09,459.1,1744.58,South,Consumer,2025,2,Feb
505217,2025-12-27,21644,22,4,0.05,356.25,343.94,1306.97,South,Consumer,2025,12,Dec
505218,2024-08-13,20329,1,2,0.05,118.77,125.83,239.08,Central,Consumer,2024,8,Aug
505219,2024-12-08,21105,23,1,0.15,430.62,452.32,384.47,South,Consumer,2024,12,Dec
505220,2024-09-30,22118,5,3,0.1,310.91,321.55,868.18,East,Consumer,2024,9,Sep
505221,2024-07-31,20377,8,2,0.0,289.09,276.24,552.48,South,Consumer,2024,7,Jul
505222,2025-11-29,22105,18,4,0.1,376.89,378.44,1362.38,South,Consumer,2025,11,Nov
505223,2025-06-19,21221,18,3,0.0,376.89,395.36,1186.08,Central,Consumer,2025,6,Jun
505224,2024-11-25,21019,19,3,0.0,495.95,502.56,1507.68,Central,Consumer,2024,11,Nov
505225,2025-03-15,21342,10,2,0.0,452.53,434.18,868.36,East,Small Business,2025,3,Mar
505226,2025-01-06,23734,27,3,0.0,282.82,270.79,812.37,North,Consumer,2025,1,Jan
505227,2025-11-25,22704,19,2,0.15,495.95,511.96,870.33,Central,Consumer,2025,11,Nov
505228,2025-07-08,21761,16,4,0.0,113.27,116.29,465.16,West,Consumer,2025,7,Jul
505229,2024-08-19,20817,23,3,0.0,430.62,400.09,1200.27,East,Small Business,2024,8,Aug
505230,2025-08-18,23228,9,2,0.1,308.58,290.89,523.6,South,Small Business,2025,8,Aug
505231,2024-10-28,22193,13,3,0.1,509.47,491.11,1326.0,East,Small Business,2024,10,Oct
505232,2025-11-03,22039,15,4,0.15,203.7,202.12,687.21,North,Corporate,2025,11,Nov
505233,2024-01-16,23476,4,2,0.15,453.41,421.1,715.87,East,Consumer,2024,1,Jan
505234,2025-05-21,20975,10,4,0.1,452.53,446.97,1609.09,Central,Corporate,2025,5,May
505235,2025-04-07,23792,25,4,0.0,408.11,430.21,1720.84,West,Small Business,2025,4,Apr
505236,2024-08-05,20637,21,3,0.05,301.42,319.77,911.34,Central,Small Business,2024,8,Aug
505237,2025-03-26,22784,28,2,0.1,297.74,287.56,517.61,North,Consumer,2025,3,Mar
505238,2024-04-19,20701,19,2,0.05,495.95,517.06,982.41,North,Consumer,2024,4,Apr
505239,2024-04-27,20253,2,3,0.0,177.67,184.38,553.14,West,Consumer,2024,4,Apr
505240,2024-12-01,22700,6,1,0.0,183.47,189.41,189.41,Central,Consumer,2024,12,Dec
505241,2025-09-09,22616,10,4,0.0,452.53,475.87,1903.48,East,Small Business,2025,9,Sep
505242,2024-03-09,22996,12,2,0.2,119.8,126.61,202.58,Central,Small Business,2024,3,Mar
505243,2024-07-03,20044,30,3,0.05,300.75,305.74,871.36,South,Consumer,2024,7,Jul
505244,2025-10-30,20669,21,2,0.0,301.42,312.24,624.48,West,Corporate,2025,10,Oct
505245,2024-11-18,21539,27,4,0.0,282.82,260.9,1043.6,Central,Consumer,2024,11,Nov
505246,2025-12-17,23953,29,2,0.0,538.73,508.07,1016.14,Central,Consumer,2025,12,Dec
505247,2024-05-30,23745,18,2,0.0,376.89,351.0,702.0,Central,Consumer,2024,5,May
505248,2025-01-15,23658,12,2,0.15,119.8,115.86,196.96,Central,Consumer,2025,1,Jan
505249,2024-09-17,22868,16,3,0.1,113.27,108.41,292.71,Central,Consumer,2024,9,Sep
505250,2024-01-29,20972,22,4,0.0,356.25,379.59,1518.36,Central,Corporate,2024,1,Jan
505251,2025-10-15,23059,23,4,0.1,430.62,415.63,1496.27,Central,Consumer,2025,10,Oct
505252,2024-08-04,21256,13,2,0.05,509.47,477.18,906.64,East,Consumer,2024,8,Aug
505253,2024-02-22,21461,4,2,0.05,453.41,445.17,845.82,Central,Consumer,2024,2,Feb
505254,2024-10-10,23887,12,2,0.0,119.8,119.06,238.12,Central,Consumer,2024,10,Oct
505255,2025-01-21,21100,14,4,0.2,323.49,341.38,1092.42,Central,Consumer,2025,1,Jan
505256,2024-10-12,23991,19,2,0.0,495.95,497.1,994.2,South,Small Business,2024,10,Oct
505257,2024-08-16,23269,18,2,0.15,376.89,353.04,600.17,Central,Small Business,2024,8,Aug
505258,2025-05-28,21644,29,1,0.0,538.73,526.0,526.0,South,Consumer,2025,5,May
505259,2025-05-28,21161,21,1,0.0,301.42,322.49,322.49,Central,Consumer,2025,5,May
505260,2025-12-18,23352,10,1,0.05,452.53,487.04,462.69,West,Corporate,2025,12,Dec
505261,2024-04-06,23674,24,3,0.0,471.09,474.88,1424.64,South,Consumer,2024,4,Apr
505262,2024-01-18,23684,14,1,0.15,323.49,324.22,275.59,North,Small Business,2024,1,Jan
505263,2025-09-18,21194,11,3,0.05,526.43,499.76,1424.32,West,Consumer,2025,9,Sep
505264,2025-12-06,23521,2,4,0.05,177.67,172.8,656.64,Central,Consumer,2025,12,Dec
505265,2025-04-25,21490,24,2,0.05,471.09,462.74,879.21,North,Consumer,2025,4,Apr
505266,2025-11-01,22679,19,4,0.05,495.95,485.37,1844.41,West,Corporate,2025,11,Nov
505267,2025-03-19,22415,3,3,0.05,379.36,376.6,1073.31,South,Consumer,2025,3,Mar
505268,2025-09-17,21674,12,3,0.15,119.8,113.81,290.22,North,Consumer,2025,9,Sep
505269,2024-12-18,21391,13,3,0.05,509.47,532.57,1517.82,East,Consumer,2024,12,Dec
505270,2024-11-14,22019,4,1,0.05,453.41,463.01,439.86,Central,Corporate,2024,11,Nov
505271,2025-02-13,20261,24,1,0.0,471.09,475.38,475.38,South,Small Business,2025,2,Feb
505272,2024-10-13,22854,19,4,0.05,495.95,470.89,1789.38,West,Consumer,2024,10,Oct
505273,2024-10-07,20176,7,1,0.05,208.23,193.1,183.44,West,Small Business,2024,10,Oct
505274,2024-12-16,21036,21,4,0.0,301.42,300.13,1200.52,South,Corporate,2024,12,Dec
505275,2025-04-12,22462,17,2,0.05,364.39,364.59,692.72,East,Corporate,2025,4,Apr
505276,2025-04-22,22840,4,3,0.1,453.41,457.88,1236.28,Central,Small Business,2025,4,Apr
505277,2024-01-14,23091,18,4,0.1,376.89,353.34,1272.02,West,Consumer,2024,1,Jan
505278,2024-07-11,22104,18,4,0.15,376.89,347.16,1180.34,Central,Consumer,2024,7,Jul
505279,2024-07-06,22243,6,1,0.05,183.47,186.74,177.4,East,Consumer,2024,7,Jul
505280,2024-10-19,22327,26,4,0.0,173.18,184.52,738.08,South,Consumer,2024,10,Oct
505281,2025-04-11,23503,23,2,0.05,430.62,413.81,786.24,South,Corporate,2025,4,Apr
505282,2025-12-02,23344,17,1,0.0,364.39,369.8,369.8,Central,Consumer,2025,12,Dec
505283,2025-06-09,21787,22,2,0.05,356.25,336.04,638.48,Central,Consumer,2025,6,Jun
505284,2024-02-23,23773,24,3,0.15,471.09,458.34,1168.77,Central,Consumer,2024,2,Feb
505285,2025-05-12,21056,16,4,0.0,113.27,106.33,425.32,West,Consumer,2025,5,May
505286,2024-05-27,21222,15,2,0.1,203.7,196.04,352.87,West,Consumer,2024,5,May
505287,2025-06-03,20453,13,4,0.0,509.47,522.51,2090.04,West,Consumer,2025,6,Jun
505288,2024-01-31,23051,7,2,0.1,208.23,197.45,355.41,Central,Small Business,2024,1,Jan
505289,2024-09-15,22316,17,2,0.0,364.39,376.66,753.32,Central,Corporate,2024,9,Sep
505290,2025-03-09,22398,5,3,0.0,310.91,302.14,906.42,North,Consumer,2025,3,Mar
505291,2024-05-31,23154,1,2,0.1,118.77,125.0,225.0,North,Consumer,2024,5,May
505292,2025-01-14,21163,7,3,0.05,208.23,204.85,583.82,West,Consumer,2025,1,Jan
505293,2024-11-11,20970,4,2,0.15,453.41,466.93,793.78,Central,Corporate,2024,11,Nov
505294,2024-02-17,22589,20,3,0.0,187.69,187.53,562.59,Central,Small Business,2024,2,Feb
505295,2024-09-23,20018,5,1,0.05,310.91,305.99,290.69,North,Consumer,2024,9,Sep
505296,2024-12-03,22620,9,4,0.1,308.58,288.0,1036.8,South,Consumer,2024,12,Dec
505297,2025-02-18,20860,13,4,0.0,509.47,489.02,1956.08,Central,Consumer,2025,2,Feb
505298,2024-05-22,23281,17,2,0.0,364.39,374.37,748.74,Central,Consumer,2024,5,May
505299,2025-08-16,20947,5,4,0.1,310.91,310.02,1116.07,West,Corporate,2025,8,Aug
505300,2025-04-17,21623,25,4,0.05,408.11,433.95,1649.01,South,Consumer,2025,4,Apr
505301,2025-07-17,22702,4,2,0.2,453.41,471.43,754.29,Central,Consumer,2025,7,Jul
505302,2025-08-13,23246,3,3,0.0,379.36,350.08,1050.24,East,Consumer,2025,8,Aug
505303,2025-07-10,23414,5,3,0.0,310.91,316.7,950.1,Central,Consumer,2025,7,Jul
505304,2024-03-19,20978,4,1,0.0,453.41,418.08,418.08,Central,Corporate,2024,3,Mar
505305,2024-10-05,23436,5,2,0.15,310.91,333.49,566.93,South,Consumer,2024,10,Oct
505306,2025-07-05,21845,23,2,0.1,430.62,430.34,774.61,South,Corporate,2025,7,Jul
505307,2024-10-08,21772,19,2,0.2,495.95,499.89,799.82,East,Consumer,2024,10,Oct
505308,2024-11-18,22477,1,1,0.15,118.77,115.52,98.19,Central,Consumer,2024,11,Nov
505309,2024-10-22,23933,18,1,0.0,376.89,366.32,366.32,East,Consumer,2024,10,Oct
505310,2025-01-10,22394,7,1,0.15,208.23,215.73,183.37,North,Consumer,2025,1,Jan
505311,2024-01-23,21345,3,3,0.1,379.36,375.53,1013.93,Central,Corporate,2024,1,Jan
505312,2024-11-24,20196,13,3,0.0,509.47,475.24,1425.72,South,Consumer,2024,11,Nov
505313,2025-04-10,23487,25,3,0.05,408.11,411.28,1172.15,East,Corporate,2025,4,Apr
505314,2025-06-07,21411,30,4,0.05,300.75,280.07,1064.27,Central,Consumer,2025,6,Jun
505315,2025-03-14,23256,3,4,0.0,379.36,389.69,1558.76,East,Small Business,2025,3,Mar
505316,2025-06-04,21275,16,3,0.0,113.27,110.98,332.94,West,Consumer,2025,6,Jun
505317,2024-02-17,20409,15,3,0.1,203.7,187.48,506.2,North,Consumer,2024,2,Feb
505318,2025-03-05,23873,5,2,0.0,310.91,303.49,606.98,West,Consumer,2025,3,Mar
505319,2025-04-27,20336,18,4,0.0,376.89,403.21,1612.84,West,Consumer,2025,4,Apr
505320,2024-06-14,23875,18,1,0.15,376.89,383.43,325.92,Central,Consumer,2024,6,Jun
505321,2024-10-14,20805,1,2,0.15,118.77,120.57,204.97,East,Consumer,2024,10,Oct
505322,2024-10-04,21451,12,2,0.0,119.8,125.94,251.88,South,Small Business,2024,10,Oct
505323,2024-02-06,20629,28,2,0.0,297.74,303.26,606.52,West,Consumer,2024,2,Feb
505324,2025-08-18,23145,2,1,0.0,177.67,178.42,178.42,Central,Small Business,2025,8,Aug
505325,2025-02-26,20235,3,4,0.1,379.36,403.03,1450.91,Central,Consumer,2025,2,Feb
505326,2024-08-16,22209,16,4,0.0,113.27,104.83,419.32,North,Consumer,2024,8,Aug
505327,2025-12-01,23901,30,4,0.05,300.75,313.77,1192.33,East,Consumer,2025,12,Dec
505328,2025-11-02,21584,20,2,0.0,187.69,199.73,399.46,West,Consumer,2025,11,Nov
505329,2024-02-19,20773,21,3,0.05,301.42,278.75,794.44,East,Corporate,2024,2,Feb
505330,2024-07-29,23128,29,4,0.0,538.73,572.5,2290.0,Central,Consumer,2024,7,Jul
505331,2025-11-21,22464,2,3,0.0,177.67,164.45,493.35,South,Consumer,2025,11,Nov
505332,2025-02-06,23809,22,1,0.0,356.25,340.1,340.1,East,Consumer,2025,2,Feb
505333,2024-10-22,21735,28,2,0.05,297.74,317.39,603.04,North,Corporate,2024,10,Oct
505334,2025-03-22,21439,24,1,0.05,471.09,440.61,418.58,East,Consumer,2025,3,Mar
505335,2025-07-24,21297,7,1,0.0,208.23,194.89,194.89,South,Corporate,2025,7,Jul
505336,2024-05-03,20675,28,1,0.0,297.74,311.47,311.47,West,Small Business,2024,5,May
505337,2024-06-20,22197,14,2,0.0,323.49,348.25,696.5,North,Small Business,2024,6,Jun
505338,2024-12-26,23801,10,4,0.0,452.53,486.75,1947.0,East,Consumer,2024,12,Dec
505339,2024-05-18,22624,7,1,0.0,208.23,192.53,192.53,West,Corporate,2024,5,May
505340,2024-07-09,22833,17,2,0.1,364.39,376.63,677.93,West,Consumer,2024,7,Jul
505341,2024-04-09,22930,5,3,0.2,310.91,286.19,686.86,East,Corporate,2024,4,Apr
505342,2024-06-23,20863,30,3,0.05,300.75,310.68,885.44,Central,Small Business,2024,6,Jun
505343,2025-03-12,23139,8,3,0.0,289.09,307.84,923.52,East,Consumer,2025,3,Mar
505344,2024-12-22,20035,17,1,0.05,364.39,349.14,331.68,Central,Corporate,2024,12,Dec
505345,2025-03-06,21800,2,1,0.15,177.67,174.92,148.68,South,Consumer,2025,3,Mar
505346,2024-08-05,22653,4,1,0.15,453.41,431.71,366.95,South,Small Business,2024,8,Aug
505347,2025-07-01,20664,26,3,0.15,173.18,164.52,419.53,East,Corporate,2025,7,Jul
505348,2025-03-09,22492,29,2,0.15,538.73,574.43,976.53,Central,Consumer,2025,3,Mar
505349,2024-01-18,20278,13,1,0.15,509.47,481.62,409.38,South,Consumer,2024,1,Jan
505350,2025-06-02,20896,11,1,0.0,526.43,533.37,533.37,North,Consumer,2025,6,Jun
505351,2025-04-26,23061,20,1,0.05,187.69,174.77,166.03,West,Consumer,2025,4,Apr
505352,2025-06-16,22570,8,1,0.05,289.09,287.2,272.84,North,Consumer,2025,6,Jun
505353,2025-03-03,23816,9,1,0.05,308.58,323.47,307.3,Central,Small Business,2025,3,Mar
505354,2024-06-01,20618,19,1,0.05,495.95,463.04,439.89,North,Small Business,2024,6,Jun
505355,2025-08-04,23358,15,1,0.1,203.7,198.22,178.4,West,Consumer,2025,8,Aug
505356,2024-09-03,21617,11,2,0.1,526.43,494.62,890.32,Central,Consumer,2024,9,Sep
505357,2024-06-11,23146,9,1,0.05,308.58,311.51,295.93,Central,Consumer,2024,6,Jun
505358,2025-12-09,21246,13,2,0.05,509.47,548.6,1042.34,North,Consumer,2025,12,Dec
505359,2025-03-01,23094,26,2,0.05,173.18,166.67,316.67,Central,Consumer,2025,3,Mar
505360,2025-10-31,23456,7,2,0.1,208.23,195.43,351.77,East,Consumer,2025,10,Oct
505361,2024-09-21,22916,8,3,0.05,289.09,274.87,783.38,Central,Consumer,2024,9,Sep
505362,2025-11-03,21169,2,3,0.1,177.67,164.98,445.45,West,Consumer,2025,11,Nov
505363,2025-12-11,23415,6,2,0.0,183.47,175.04,350.08,Central,Consumer,2025,12,Dec
505364,2025-03-20,21127,3,2,0.05,379.36,374.52,711.59,West,Consumer,2025,3,Mar
505365,2024-08-13,20463,19,1,0.15,495.95,468.44,398.17,Central,Corporate,2024,8,Aug
505366,2025-02-12,23017,9,3,0.0,308.58,284.24,852.72,Central,Consumer,2025,2,Feb
505367,2025-03-07,20878,21,3,0.0,301.42,303.01,909.03,Central,Consumer,2025,3,Mar
505368,2025-01-24,20070,13,4,0.1,509.47,492.48,1772.93,West,Consumer,2025,1,Jan
505369,2024-08-21,20334,23,2,0.1,430.62,453.31,815.96,West,Consumer,2024,8,Aug
505370,2025-06-17,22876,25,3,0.05,408.11,409.44,1166.9,East,Consumer,2025,6,Jun
505371,2025-06-09,20153,1,3,0.0,118.77,118.18,354.54,East,Consumer,2025,6,Jun
505372,2024-02-03,20189,7,4,0.0,208.23,220.97,883.88,East,Consumer,2024,2,Feb
505373,2025-04-06,23982,26,3,0.1,173.18,167.44,452.09,East,Corporate,2025,4,Apr
505374,2024-04-27,20224,20,4,0.1,187.69,188.93,680.15,East,Consumer,2024,4,Apr
505375,2025-12-02,22783,1,4,0.0,118.77,118.52,474.08,South,Consumer,2025,12,Dec
505376,2024-07-16,21963,28,1,0.0,297.74,277.38,277.38,Central,Consumer,2024,7,Jul
505377,2025-03-19,21339,26,3,0.0,173.18,168.97,506.91,Central,Corporate,2025,3,Mar
505378,2025-04-15,23832,13,1,0.0,509.47,524.52,524.52,North,Consumer,2025,4,Apr
505379,2025-07-29,21369,16,3,0.0,113.27,121.82,365.46,Central,Small Business,2025,7,Jul
505380,2024-07-12,20651,30,1,0.05,300.75,305.69,290.41,Central,Small Business,2024,7,Jul
505381,2025-08-22,21573,30,2,0.0,300.75,278.49,556.98,Central,Consumer,2025,8,Aug
505382,2024-04-12,21217,20,2,0.05,187.69,186.72,354.77,West,Consumer,2024,4,Apr
505383,2024-01-08,23071,18,2,0.05,376.89,358.42,681.0,West,Consumer,2024,1,Jan
505384,2024-03-12,22725,29,4,0.0,538.73,532.96,2131.84,East,Small Business,2024,3,Mar
505385,2024-02-03,20396,7,3,0.0,208.23,222.77,668.31,North,Small Business,2024,2,Feb
505386,2025-10-17,23571,9,4,0.1,308.58,328.53,1182.71,Central,Consumer,2025,10,Oct
505387,2024-02-28,23494,19,3,0.0,495.95,484.38,1453.14,West,Consumer,2024,2,Feb
505388,2025-05-08,21981,20,2,0.15,187.69,199.86,339.76,Central,Consumer,2025,5,May
505389,2025-01-22,21564,10,1,0.0,452.53,420.08,420.08,South,Corporate,2025,1,Jan
505390,2024-11-03,21990,5,2,0.1,310.91,330.37,594.67,Central,Small Business,2024,11,Nov
505391,2024-05-03,22053,18,3,0.05,376.89,389.02,1108.71,Central,Consumer,2024,5,May
505392,2024-03-12,21246,28,4,0.1,297.74,318.01,1144.84,North,Consumer,2024,3,Mar
505393,2024-12-28,21735,2,1,0.05,177.67,174.08,165.38,North,Corporate,2024,12,Dec
505394,2025-04-09,21510,11,3,0.0,526.43,532.75,1598.25,East,Consumer,2025,4,Apr
505395,2025-04-12,23915,25,2,0.1,408.11,431.05,775.89,Central,Small Business,2025,4,Apr
505396,2025-03-29,20565,5,2,0.15,310.91,315.4,536.18,East,Consumer,2025,3,Mar
505397,2024-10-19,20235,26,2,0.1,173.18,165.64,298.15,Central,Consumer,2024,10,Oct
505398,2024-01-06,20486,16,1,0.0,113.27,116.61,116.61,Central,Consumer,2024,1,Jan
505399,2025-08-10,20619,2,3,0.0,177.67,168.77,506.31,North,Consumer,2025,8,Aug
505400,2024-08-22,22941,6,2,0.0,183.47,175.15,350.3,West,Consumer,2024,8,Aug
505401,2025-04-30,21412,3,3,0.1,379.36,357.84,966.17,South,Consumer,2025,4,Apr
505402,2025-07-14,21939,9,1,0.0,308.58,289.65,289.65,Central,Consumer,2025,7,Jul
505403,2025-12-27,23307,8,4,0.05,289.09,281.7,1070.46,East,Consumer,2025,12,Dec
505404,2025-09-23,23110,12,1,0.1,119.8,124.33,111.9,North,Small Business,2025,9,Sep
505405,2025-09-28,23650,17,2,0.05,364.39,377.56,717.36,East,Corporate,2025,9,Sep
505406,2024-07-04,22594,5,1,0.05,310.91,313.05,297.4,South,Consumer,2024,7,Jul
505407,2025-04-06,23077,30,4,0.0,300.75,320.4,1281.6,North,Corporate,2025,4,Apr
505408,2024-11-22,20014,2,3,0.0,177.67,171.39,514.17,North,Consumer,2024,11,Nov
505409,2024-12-26,21246,22,3,0.05,356.25,342.92,977.32,North,Consumer,2024,12,Dec
505410,2025-07-19,22016,12,2,0.05,119.8,124.66,236.85,South,Consumer,2025,7,Jul
505411,2025-11-23,23653,7,3,0.05,208.23,215.41,613.92,East,Consumer,2025,11,Nov
505412,2025-03-12,22199,7,4,0.05,208.23,202.56,769.73,North,Consumer,2025,3,Mar
505413,2024-04-02,22883,24,2,0.0,471.09,502.46,1004.92,South,Consumer,2024,4,Apr
505414,2024-09-15,20549,21,3,0.05,301.42,316.61,902.34,West,Consumer,2024,9,Sep
505415,2024-06-06,23093,22,2,0.05,356.25,342.9,651.51,Central,Small Business,2024,6,Jun
505416,2025-12-11,23825,1,1,0.1,118.77,117.94,106.15,Central,Corporate,2025,12,Dec
505417,2025-12-07,21421,27,2,0.0,282.82,272.03,544.06,East,Consumer,2025,12,Dec
505418,2025-01-08,23193,20,2,0.2,187.69,180.01,288.02,Central,Consumer,2025,1,Jan
505419,2024-05-23,20821,4,2,0.15,453.41,483.28,821.58,East,Consumer,2024,5,May
505420,2025-04-02,23600,17,3,0.1,364.39,371.26,1002.4,Central,Small Business,2025,4,Apr
505421,2025-11-17,22768,24,2,0.0,471.09,444.13,888.26,East,Consumer,2025,11,Nov
505422,2025-01-03,22390,16,4,0.05,113.27,106.2,403.56,Central,Small Business,2025,1,Jan
505423,2024-06-16,22357,21,4,0.05,301.42,295.88,1124.34,West,Consumer,2024,6,Jun
505424,2024-04-03,23331,16,4,0.1,113.27,110.52,397.87,South,Small Business,2024,4,Apr
505425,2025-03-15,21045,2,2,0.05,177.67,190.48,361.91,South,Small Business,2025,3,Mar
505426,2025-02-03,20722,17,2,0.05,364.39,382.69,727.11,South,Consumer,2025,2,Feb
505427,2024-09-07,22416,23,3,0.1,430.62,464.04,1252.91,Central,Corporate,2024,9,Sep
505428,2024-07-23,23418,16,1,0.05,113.27,121.1,115.04,Central,Consumer,2024,7,Jul
505429,2025-07-11,23680,30,3,0.1,300.75,313.62,846.77,South,Small Business,2025,7,Jul
505430,2024-01-18,23682,14,2,0.1,323.49,328.29,590.92,South,Consumer,2024,1,Jan
505431,2025-06-07,20663,21,1,0.05,301.42,296.17,281.36,South,Consumer,2025,6,Jun
505432,2024-04-28,20077,11,1,0.0,526.43,553.12,553.12,West,Consumer,2024,4,Apr
505433,2025-12-17,20841,1,3,0.1,118.77,113.21,305.67,Central,Corporate,2025,12,Dec
505434,2025-11-07,22564,11,2,0.1,526.43,551.37,992.47,Central,Consumer,2025,11,Nov
505435,2024-03-04,21628,22,3,0.1,356.25,349.78,944.41,South,Corporate,2024,3,Mar
505436,2025-08-08,20380,3,1,0.0,379.36,395.13,395.13,East,Consumer,2025,8,Aug
505437,2025-03-08,21556,6,4,0.0,183.47,182.69,730.76,North,Consumer,2025,3,Mar
505438,2024-01-17,22588,12,3,0.0,119.8,118.87,356.61,North,Consumer,2024,1,Jan
505439,2024-08-29,20213,26,3,0.05,173.18,184.39,525.51,West,Corporate,2024,8,Aug
505440,2025-03-21,23584,15,3,0.1,203.7,193.3,521.91,Central,Consumer,2025,3,Mar
505441,2024-04-13,21616,2,3,0.05,177.67,165.71,472.27,Central,Consumer,2024,4,Apr
505442,2025-03-06,20722,23,2,0.1,430.62,429.95,773.91,South,Consumer,2025,3,Mar
505443,2024-08-21,21558,17,3,0.0,364.39,342.4,1027.2,Central,Small Business,2024,8,Aug
505444,2024-12-10,21976,14,1,0.2,323.49,319.93,255.94,East,Small Business,2024,12,Dec
505445,2024-04-18,23152,8,4,0.0,289.09,266.54,1066.16,Central,Consumer,2024,4,Apr
505446,2024-04-15,20384,24,3,0.0,471.09,476.95,1430.85,East,Consumer,2024,4,Apr
505447,2025-11-17,21878,28,3,0.1,297.74,300.34,810.92,North,Small Business,2025,11,Nov
505448,2025-11-14,22602,24,1,0.0,471.09,438.5,438.5,East,Consumer,2025,11,Nov
505449,2025-08-15,23231,3,4,0.0,379.36,377.6,1510.4,North,Small Business,2025,8,Aug
505450,2025-01-15,20474,10,1,0.0,452.53,440.33,440.33,Central,Consumer,2025,1,Jan
505451,2025-11-08,20459,26,3,0.0,173.18,182.57,547.71,Central,Consumer,2025,11,Nov
505452,2025-06-19,23888,15,2,0.05,203.7,200.85,381.61,Central,Small Business,2025,6,Jun
505453,2025-01-31,23727,19,2,0.05,495.95,475.8,904.02,West,Consumer,2025,1,Jan
505454,2025-09-12,21283,10,2,0.0,452.53,428.01,856.02,South,Consumer,2025,9,Sep
505455,2025-09-24,21929,14,2,0.1,323.49,340.77,613.39,Central,Consumer,2025,9,Sep
505456,2025-12-04,20740,3,2,0.1,379.36,359.72,647.5,Central,Corporate,2025,12,Dec
505457,2025-12-28,23177,11,4,0.1,526.43,559.88,2015.57,Central,Consumer,2025,12,Dec
505458,2024-03-20,23812,26,4,0.15,173.18,169.49,576.27,West,Consumer,2024,3,Mar
505459,2025-12-17,22047,26,3,0.0,173.18,169.65,508.95,Central,Corporate,2025,12,Dec
505460,2024-10-07,22577,25,4,0.0,408.11,419.85,1679.4,South,Consumer,2024,10,Oct
505461,2025-04-25,22691,22,2,0.1,356.25,328.88,591.98,South,Consumer,2025,4,Apr
505462,2025-01-19,21950,3,4,0.0,379.36,367.23,1468.92,Central,Consumer,2025,1,Jan
505463,2024-08-15,21723,7,3,0.2,208.23,215.54,517.3,Central,Corporate,2024,8,Aug
505464,2025-02-26,23015,20,3,0.0,187.69,199.29,597.87,West,Small Business,2025,2,Feb
505465,2025-03-02,21259,6,4,0.0,183.47,186.32,745.28,East,Small Business,2025,3,Mar
505466,2025-10-27,23464,26,1,0.05,173.18,161.55,153.47,South,Small Business,2025,10,Oct
505467,2025-12-20,21621,19,4,0.0,495.95,526.54,2106.16,Central,Consumer,2025,12,Dec
505468,2024-12-17,23237,2,2,0.1,177.67,188.5,339.3,West,Consumer,2024,12,Dec
505469,2024-02-09,21833,17,4,0.1,364.39,381.83,1374.59,West,Consumer,2024,2,Feb
505470,2025-07-14,21423,12,2,0.0,119.8,118.08,236.16,South,Consumer,2025,7,Jul
505471,2025-10-06,20476,27,3,0.0,282.82,282.96,848.88,East,Small Business,2025,10,Oct
505472,2024-11-24,21585,8,3,0.1,289.09,281.23,759.32,Central,Consumer,2024,11,Nov
505473,2024-08-16,22794,30,3,0.05,300.75,288.87,823.28,West,Corporate,2024,8,Aug
505474,2024-10-07,22107,15,1,0.05,203.7,207.16,196.8,West,Consumer,2024,10,Oct
505475,2024-10-31,22438,6,2,0.05,183.47,178.94,339.99,Central,Corporate,2024,10,Oct
505476,2024-07-09,22346,5,2,0.15,310.91,291.44,495.45,Central,Consumer,2024,7,Jul
505477,2024-09-10,21806,7,2,0.0,208.23,192.16,384.32,East,Corporate,2024,9,Sep
505478,2024-08-09,21205,2,4,0.05,177.67,180.54,686.05,Central,Consumer,2024,8,Aug
505479,2024-04-01,20706,2,2,0.05,177.67,180.4,342.76,South,Consumer,2024,4,Apr
505480,2025-04-10,20545,1,4,0.0,118.77,111.55,446.2,East,Small Business,2025,4,Apr
505481,2024-10-09,22920,29,1,0.0,538.73,572.14,572.14,West,Corporate,2024,10,Oct
505482,2024-02-10,21756,29,1,0.05,538.73,511.66,486.08,West,Consumer,2024,2,Feb
505483,2025-03-31,20300,25,1,0.0,408.11,402.37,402.37,North,Small Business,2025,3,Mar
505484,2024-08-16,23261,3,4,0.05,379.36,408.89,1553.78,West,Consumer,2024,8,Aug
505485,2024-04-11,21497,4,1,0.15,453.41,438.28,372.54,South,Consumer,2024,4,Apr
505486,2025-05-08,21106,7,2,0.1,208.23,198.7,357.66,East,Small Business,2025,5,May
505487,2025-05-23,21886,22,1,0.0,356.25,372.52,372.52,Central,Small Business,2025,5,May
505488,2024-03-06,21499,19,1,0.0,495.95,519.5,519.5,East,Consumer,2024,3,Mar
505489,2025-07-07,21610,14,2,0.0,323.49,318.02,636.04,Central,Consumer,2025,7,Jul
505490,2025-01-30,21097,20,1,0.0,187.69,197.1,197.1,Central,Consumer,2025,1,Jan
505491,2024-04-23,20153,29,3,0.0,538.73,568.0,1704.0,East,Consumer,2024,4,Apr
505492,2024-12-01,22440,3,4,0.0,379.36,351.59,1406.36,North,Small Business,2024,12,Dec
505493,2025-12-26,22967,8,4,0.2,289.09,299.82,959.42,East,Small Business,2025,12,Dec
505494,2024-02-17,23808,17,2,0.2,364.39,379.09,606.54,Central,Consumer,2024,2,Feb
505495,2024-12-23,20587,12,4,0.0,119.8,126.46,505.84,East,Consumer,2024,12,Dec
505496,2024-02-25,20721,14,3,0.0,323.49,339.65,1018.95,Central,Consumer,2024,2,Feb
505497,2024-05-27,21691,1,1,0.15,118.77,111.72,94.96,West,Consumer,2024,5,May
505498,2025-03-15,23119,7,4,0.1,208.23,196.42,707.11,East,Consumer,2025,3,Mar
505499,2025-03-05,22526,6,3,0.1,183.47,176.29,475.98,Central,Consumer,2025,3,Mar
505500,2025-01-20,22659,25,3,0.05,408.11,418.87,1193.78,Central,Small Business,2025,1,Jan
505501,2025-03-01,22135,23,3,0.05,430.62,450.67,1284.41,North,Consumer,2025,3,Mar
505502,2025-06-10,23950,29,1,0.0,538.73,544.43,544.43,South,Consumer,2025,6,Jun
505503,2024-12-08,21571,28,2,0.15,297.74,289.43,492.03,West,Corporate,2024,12,Dec
505504,2025-04-01,20399,9,3,0.15,308.58,331.69,845.81,Central,Small Business,2025,4,Apr
505505,2025-10-14,21911,19,3,0.0,495.95,529.8,1589.4,North,Small Business,2025,10,Oct
505506,2024-12-25,23635,7,1,0.0,208.23,196.81,196.81,Central,Small Business,2024,12,Dec
505507,2024-03-27,22212,23,3,0.05,430.62,422.64,1204.52,Central,Consumer,2024,3,Mar
505508,2024-11-11,23231,11,2,0.2,526.43,522.86,836.58,North,Small Business,2024,11,Nov
505509,2025-05-23,22764,16,4,0.05,113.27,108.36,411.77,West,Small Business,2025,5,May
505510,2024-08-20,23623,27,4,0.15,282.82,289.11,982.97,West,Small Business,2024,8,Aug
505511,2024-09-08,22438,18,2,0.05,376.89,355.63,675.7,Central,Corporate,2024,9,Sep
505512,2024-01-30,23004,23,4,0.05,430.62,460.93,1751.53,Central,Consumer,2024,1,Jan
505513,2025-11-12,22456,5,3,0.1,310.91,324.23,875.42,Central,Consumer,2025,11,Nov
505514,2024-02-27,21126,23,2,0.2,430.62,431.53,690.45,South,Small Business,2024,2,Feb
505515,2025-09-23,20138,14,3,0.1,323.49,331.23,894.32,Central,Consumer,2025,9,Sep
505516,2025-02-26,21669,28,3,0.15,297.74,280.97,716.47,West,Corporate,2025,2,Feb
505517,2025-06-25,23773,9,2,0.0,308.58,331.25,662.5,Central,Consumer,2025,6,Jun
505518,2025-02-27,20435,7,4,0.0,208.23,219.1,876.4,Central,Consumer,2025,2,Feb
505519,2024-03-06,20969,19,1,0.0,495.95,502.62,502.62,Central,Small Business,2024,3,Mar
505520,2024-02-03,20009,26,2,0.0,173.18,160.82,321.64,Central,Consumer,2024,2,Feb
505521,2024-07-17,21680,4,2,0.1,453.41,483.79,870.82,West,Consumer,2024,7,Jul
505522,2024-11-13,23789,28,3,0.0,297.74,308.95,926.85,West,Consumer,2024,11,Nov
505523,2025-12-03,21731,18,4,0.0,376.89,351.69,1406.76,Central,Consumer,2025,12,Dec
505524,2025-11-25,23309,21,1,0.15,301.42,305.64,259.79,West,Consumer,2025,11,Nov
505525,2024-04-24,22380,26,4,0.15,173.18,163.23,554.98,South,Small Business,2024,4,Apr
505526,2024-05-17,20326,13,1,0.0,509.47,478.56,478.56,South,Small Business,2024,5,May
505527,2025-11-24,21199,27,4,0.05,282.82,283.64,1077.83,West,Consumer,2025,11,Nov
505528,2025-07-15,21819,28,2,0.0,297.74,312.91,625.82,West,Consumer,2025,7,Jul
505529,2024-09-29,21279,23,4,0.0,430.62,438.24,1752.96,West,Consumer,2024,9,Sep
505530,2025-01-06,21155,2,2,0.0,177.67,169.72,339.44,Central,Small Business,2025,1,Jan
505531,2024-01-25,22405,18,3,0.05,376.89,359.13,1023.52,Central,Consumer,2024,1,Jan
505532,2025-07-22,21190,9,1,0.15,308.58,302.05,256.74,North,Consumer,2025,7,Jul
505533,2025-08-21,23437,3,1,0.05,379.36,375.37,356.6,South,Consumer,2025,8,Aug
505534,2024-07-17,23579,3,4,0.1,379.36,401.34,1444.82,West,Corporate,2024,7,Jul
505535,2024-02-23,20089,27,2,0.0,282.82,296.24,592.48,Central,Small Business,2024,2,Feb
505536,2025-12-20,23969,12,2,0.0,119.8,117.78,235.56,West,Consumer,2025,12,Dec
505537,2024-12-18,22243,4,2,0.1,453.41,473.11,851.6,East,Consumer,2024,12,Dec
505538,2024-09-20,21689,23,4,0.0,430.62,455.59,1822.36,West,Small Business,2024,9,Sep
505539,2024-01-19,22205,20,2,0.0,187.69,187.64,375.28,West,Small Business,2024,1,Jan
505540,2025-04-03,23259,13,1,0.15,509.47,530.93,451.29,North,Consumer,2025,4,Apr
505541,2025-12-10,20502,16,4,0.0,113.27,109.77,439.08,North,Small Business,2025,12,Dec
505542,2025-05-14,20664,17,3,0.1,364.39,342.56,924.91,East,Corporate,2025,5,May
505543,2025-12-05,20168,28,2,0.0,297.74,310.55,621.1,North,Corporate,2025,12,Dec
505544,2025-04-27,23079,13,4,0.0,509.47,539.6,2158.4,South,Corporate,2025,4,Apr
505545,2025-05-28,23173,1,3,0.2,118.77,110.04,264.1,South,Consumer,2025,5,May
505546,2025-01-22,20204,1,4,0.05,118.77,121.57,461.97,South,Consumer,2025,1,Jan
505547,2025-08-16,23304,21,3,0.15,301.42,301.24,768.16,Central,Consumer,2025,8,Aug
505548,2025-05-09,21369,2,4,0.05,177.67,182.97,695.29,Central,Small Business,2025,5,May
505549,2025-03-09,20177,29,2,0.1,538.73,518.89,934.0,Central,Small Business,2025,3,Mar
505550,2025-05-11,22275,2,1,0.0,177.67,189.16,189.16,Central,Consumer,2025,5,May
505551,2025-10-29,22697,20,3,0.0,187.69,185.7,557.1,Central,Consumer,2025,10,Oct
505552,2025-06-23,20252,25,3,0.0,408.11,378.91,1136.73,Central,Consumer,2025,6,Jun
505553,2024-10-31,21011,5,2,0.0,310.91,291.27,582.54,Central,Corporate,2024,10,Oct
505554,2025-06-14,20472,3,4,0.05,379.36,409.19,1554.92,Central,Consumer,2025,6,Jun
505555,2025-10-17,20938,30,3,0.0,300.75,312.4,937.2,East,Consumer,2025,10,Oct
505556,2025-05-07,21276,10,1,0.05,452.53,416.87,396.03,South,Small Business,2025,5,May
505557,2025-01-20,23660,8,1,0.0,289.09,285.35,285.35,Central,Consumer,2025,1,Jan
505558,2025-10-27,21900,17,4,0.0,364.39,389.25,1557.0,Central,Consumer,2025,10,Oct
505559,2024-10-04,22466,8,3,0.05,289.09,285.11,812.56,East,Consumer,2024,10,Oct
505560,2025-10-18,20859,17,3,0.15,364.39,362.39,924.09,Central,Consumer,2025,10,Oct
505561,2025-01-30,22403,10,1,0.1,452.53,417.07,375.36,Central,Consumer,2025,1,Jan
505562,2024-02-01,21271,19,2,0.0,495.95,522.86,1045.72,West,Consumer,2024,2,Feb
505563,2024-02-11,21759,3,3,0.2,379.36,374.43,898.63,Central,Consumer,2024,2,Feb
505564,2025-12-18,20678,16,1,0.0,113.27,120.64,120.64,South,Corporate,2025,12,Dec
505565,2024-07-15,22551,17,4,0.0,364.39,335.69,1342.76,Central,Consumer,2024,7,Jul
505566,2025-08-03,20406,15,4,0.0,203.7,187.81,751.24,Central,Consumer,2025,8,Aug
505567,2025-04-19,21652,9,1,0.0,308.58,308.94,308.94,North,Consumer,2025,4,Apr
505568,2025-03-09,21680,21,1,0.15,301.42,283.43,240.92,West,Consumer,2025,3,Mar
505569,2025-01-10,21505,11,2,0.15,526.43,543.58,924.09,East,Consumer,2025,1,Jan
505570,2025-03-20,20884,9,3,0.05,308.58,289.03,823.74,South,Corporate,2025,3,Mar
505571,2025-07-24,20485,6,2,0.05,183.47,169.36,321.78,Central,Corporate,2025,7,Jul
505572,2024-10-11,22608,14,2,0.0,323.49,331.91,663.82,Central,Consumer,2024,10,Oct
505573,2025-04-16,23740,15,4,0.0,203.7,189.36,757.44,West,Consumer,2025,4,Apr
505574,2024-11-10,20910,13,3,0.05,509.47,489.51,1395.1,East,Consumer,2024,11,Nov
505575,2025-05-09,20446,10,1,0.0,452.53,458.64,458.64,Central,Corporate,2025,5,May
505576,2024-10-04,20762,11,4,0.05,526.43,515.46,1958.75,East,Small Business,2024,10,Oct
505577,2024-05-25,21190,20,2,0.1,187.69,181.05,325.89,North,Consumer,2024,5,May
505578,2025-11-24,21472,30,4,0.0,300.75,315.81,1263.24,North,Small Business,2025,11,Nov
505579,2025-12-03,21200,21,3,0.05,301.42,301.74,859.96,South,Consumer,2025,12,Dec
505580,2025-03-13,20415,28,4,0.05,297.74,302.94,1151.17,West,Consumer,2025,3,Mar
505581,2025-04-17,23009,16,1,0.05,113.27,107.61,102.23,South,Consumer,2025,4,Apr
505582,2024-04-26,20166,21,4,0.0,301.42,302.37,1209.48,West,Consumer,2024,4,Apr
505583,2025-06-23,21282,11,2,0.1,526.43,567.33,1021.19,West,Small Business,2025,6,Jun
505584,2025-07-17,23061,23,4,0.1,430.62,464.43,1671.95,West,Consumer,2025,7,Jul
505585,2024-03-28,22413,17,4,0.0,364.39,348.91,1395.64,North,Consumer,2024,3,Mar
505586,2025-05-22,20691,27,3,0.05,282.82,267.62,762.72,East,Consumer,2025,5,May
505587,2024-04-28,20474,13,1,0.15,509.47,531.53,451.8,Central,Consumer,2024,4,Apr
505588,2025-04-07,22447,11,1,0.05,526.43,540.9,513.85,South,Consumer,2025,4,Apr
505589,2025-07-26,20036,13,4,0.2,509.47,482.25,1543.2,West,Consumer,2025,7,Jul
505590,2024-07-12,21219,16,2,0.15,113.27,120.88,205.5,Central,Small Business,2024,7,Jul
505591,2025-09-24,23356,3,1,0.2,379.36,402.38,321.9,East,Consumer,2025,9,Sep
505592,2025-03-28,21306,11,1,0.0,526.43,528.14,528.14,Central,Corporate,2025,3,Mar
505593,2025-12-23,21375,15,2,0.15,203.7,213.23,362.49,Central,Small Business,2025,12,Dec
505594,2025-08-19,20633,27,3,0.05,282.82,271.01,772.38,South,Small Business,2025,8,Aug
505595,2025-04-05,21802,18,3,0.0,376.89,382.35,1147.05,Central,Consumer,2025,4,Apr
505596,2024-05-02,20920,19,1,0.05,495.95,493.07,468.42,East,Consumer,2024,5,May
505597,2025-11-26,20087,10,3,0.1,452.53,476.44,1286.39,South,Corporate,2025,11,Nov
505598,2025-02-04,22289,17,1,0.05,364.39,387.78,368.39,East,Consumer,2025,2,Feb
505599,2024-10-31,20062,27,1,0.1,282.82,294.99,265.49,Central,Consumer,2024,10,Oct
505600,2024-06-01,22351,14,3,0.15,323.49,311.76,794.99,Central,Consumer,2024,6,Jun
505601,2025-01-10,20799,23,3,0.05,430.62,397.58,1133.1,South,Small Business,2025,1,Jan
505602,2025-02-07,21147,18,2,0.05,376.89,404.21,768.0,South,Consumer,2025,2,Feb
505603,2024-02-02,20333,25,2,0.1,408.11,405.6,730.08,South,Corporate,2024,2,Feb
505604,2025-04-14,20842,9,4,0.0,308.58,292.03,1168.12,East,Consumer,2025,4,Apr
505605,2024-01-31,21452,13,2,0.1,509.47,532.61,958.7,West,Small Business,2024,1,Jan
505606,2025-08-15,21374,16,4,0.0,113.27,119.0,476.0,West,Consumer,2025,8,Aug
505607,2025-01-09,23926,7,1,0.1,208.23,206.39,185.75,Central,Consumer,2025,1,Jan
505608,2024-12-30,20352,7,2,0.0,208.23,219.94,439.88,West,Consumer,2024,12,Dec
505609,2024-10-21,21930,18,1,0.2,376.89,392.48,313.98,South,Small Business,2024,10,Oct
505610,2025-11-11,22118,8,4,0.2,289.09,285.19,912.61,East,Consumer,2025,11,Nov
505611,2025-06-30,23916,8,1,0.0,289.09,270.46,270.46,West,Small Business,2025,6,Jun
505612,2025-10-28,23294,6,3,0.05,183.47,179.71,512.17,Central,Consumer,2025,10,Oct
505613,2025-08-26,22464,23,4,0.0,430.62,461.58,1846.32,South,Consumer,2025,8,Aug
505614,2025-08-20,22520,6,2,0.2,183.47,185.18,296.29,North,Consumer,2025,8,Aug
505615,2025-09-01,23605,16,2,0.2,113.27,112.51,180.02,Central,Consumer,2025,9,Sep
505616,2025-02-09,20088,15,4,0.05,203.7,193.94,736.97,West,Corporate,2025,2,Feb
505617,2024-08-21,23164,4,3,0.0,453.41,440.46,1321.38,West,Consumer,2024,8,Aug
505618,2024-05-18,21092,2,4,0.05,177.67,175.47,666.79,South,Consumer,2024,5,May
505619,2024-07-18,22514,23,1,0.1,430.62,450.93,405.84,West,Consumer,2024,7,Jul
505620,2025-04-20,21886,10,3,0.15,452.53,418.38,1066.87,Central,Small Business,2025,4,Apr
505621,2024-11-03,21851,28,1,0.0,297.74,316.13,316.13,South,Consumer,2024,11,Nov
505622,2025-05-31,23641,15,3,0.0,203.7,212.44,637.32,Central,Small Business,2025,5,May
505623,2025-02-22,23521,11,3,0.05,526.43,496.62,1415.37,Central,Consumer,2025,2,Feb
505624,2024-12-27,20682,5,4,0.0,310.91,315.78,1263.12,West,Corporate,2024,12,Dec
505625,2024-06-20,21581,4,4,0.0,453.41,488.95,1955.8,Central,Corporate,2024,6,Jun
505626,2025-12-07,20297,11,2,0.15,526.43,566.4,962.88,South,Corporate,2025,12,Dec
505627,2025-01-27,20943,7,2,0.05,208.23,215.95,410.3,West,Consumer,2025,1,Jan
505628,2024-03-11,22119,17,4,0.1,364.39,392.1,1411.56,North,Consumer,2024,3,Mar
505629,2024-10-12,20938,1,1,0.1,118.77,118.45,106.6,East,Consumer,2024,10,Oct
505630,2025-09-16,22238,28,3,0.0,297.74,304.04,912.12,Central,Consumer,2025,9,Sep
505631,2024-08-20,22260,14,2,0.0,323.49,323.13,646.26,Central,Corporate,2024,8,Aug
505632,2025-10-22,23929,10,4,0.2,452.53,477.9,1529.28,Central,Consumer,2025,10,Oct
505633,2024-07-05,22999,2,2,0.1,177.67,172.36,310.25,Central,Small Business,2024,7,Jul
505634,2025-04-04,22165,1,4,0.1,118.77,112.04,403.34,North,Small Business,2025,4,Apr
505635,2025-01-11,20541,6,4,0.0,183.47,183.92,735.68,Central,Small Business,2025,1,Jan
505636,2025-10-10,20068,21,1,0.0,301.42,294.84,294.84,Central,Consumer,2025,10,Oct
505637,2024-07-23,23193,2,1,0.2,177.67,186.82,149.46,Central,Consumer,2024,7,Jul
505638,2024-06-04,22678,29,2,0.05,538.73,539.77,1025.56,East,Consumer,2024,6,Jun
505639,2024-06-21,23594,4,2,0.0,453.41,423.2,846.4,Central,Small Business,2024,6,Jun
505640,2024-09-09,20823,30,3,0.1,300.75,311.02,839.75,East,Consumer,2024,9,Sep
505641,2024-07-14,22169,11,4,0.0,526.43,497.62,1990.48,East,Small Business,2024,7,Jul
505642,2024-05-12,23256,14,1,0.0,323.49,318.96,318.96,East,Small Business,2024,5,May
505643,2025-02-26,21402,22,2,0.0,356.25,342.99,685.98,North,Corporate,2025,2,Feb
505644,2024-08-17,21766,6,2,0.0,183.47,181.78,363.56,East,Small Business,2024,8,Aug
505645,2024-04-24,23124,5,1,0.1,310.91,333.03,299.73,North,Corporate,2024,4,Apr
505646,2024-04-30,23452,21,2,0.0,301.42,301.49,602.98,South,Consumer,2024,4,Apr
505647,2024-03-24,21927,16,4,0.0,113.27,109.2,436.8,East,Consumer,2024,3,Mar
505648,2024-04-29,20703,25,3,0.05,408.11,415.9,1185.31,Central,Consumer,2024,4,Apr
505649,2025-11-19,23462,15,1,0.2,203.7,210.77,168.62,South,Small Business,2025,11,Nov
505650,2024-01-23,22387,17,1,0.0,364.39,392.67,392.67,Central,Small Business,2024,1,Jan
505651,2025-11-28,21768,10,3,0.1,452.53,427.87,1155.25,West,Consumer,2025,11,Nov
505652,2025-06-28,22809,11,4,0.2,526.43,514.84,1647.49,Central,Consumer,2025,6,Jun
505653,2024-07-25,21498,30,4,0.0,300.75,307.43,1229.72,Central,Small Business,2024,7,Jul
505654,2024-08-08,20174,11,2,0.0,526.43,549.2,1098.4,East,Consumer,2024,8,Aug
505655,2024-03-08,22210,27,2,0.0,282.82,291.98,583.96,Central,Small Business,2024,3,Mar
505656,2025-03-22,21898,14,1,0.05,323.49,328.2,311.79,Central,Consumer,2025,3,Mar
505657,2024-02-23,23720,19,3,0.2,495.95,486.8,1168.32,Central,Consumer,2024,2,Feb
505658,2025-05-22,22720,7,4,0.1,208.23,222.45,800.82,South,Consumer,2025,5,May
505659,2024-11-30,23686,10,1,0.05,452.53,474.61,450.88,North,Consumer,2024,11,Nov
505660,2025-05-05,22493,13,3,0.15,509.47,516.32,1316.62,Central,Consumer,2025,5,May
505661,2025-11-28,21607,23,1,0.05,430.62,397.53,377.65,South,Consumer,2025,11,Nov
505662,2025-11-11,20426,25,1,0.2,408.11,434.69,347.75,West,Consumer,2025,11,Nov
505663,2024-05-19,23500,17,3,0.0,364.39,337.27,1011.81,Central,Small Business,2024,5,May
505664,2025-06-10,20134,17,4,0.1,364.39,385.86,1389.1,South,Consumer,2025,6,Jun
505665,2025-02-08,23848,2,1,0.0,177.67,182.95,182.95,South,Small Business,2025,2,Feb
505666,2025-03-26,20869,8,4,0.0,289.09,268.93,1075.72,Central,Consumer,2025,3,Mar
505667,2024-02-26,22407,27,1,0.05,282.82,265.9,252.6,West,Consumer,2024,2,Feb
505668,2024-04-06,20961,21,4,0.1,301.42,324.95,1169.82,West,Corporate,2024,4,Apr
505669,2024-05-02,21880,26,4,0.0,173.18,173.06,692.24,South,Consumer,2024,5,May
505670,2024-01-16,22393,11,3,0.1,526.43,521.27,1407.43,South,Small Business,2024,1,Jan
505671,2024-03-12,23000,21,4,0.15,301.42,287.47,977.4,South,Small Business,2024,3,Mar
505672,2025-06-14,20096,6,3,0.0,183.47,174.15,522.45,West,Consumer,2025,6,Jun
505673,2024-08-24,23844,22,1,0.0,356.25,328.31,328.31,East,Consumer,2024,8,Aug
505674,2025-09-26,21091,2,4,0.1,177.67,171.59,617.72,East,Consumer,2025,9,Sep
505675,2025-07-26,22815,30,1,0.0,300.75,309.08,309.08,Central,Corporate,2025,7,Jul
505676,2025-03-13,20933,27,3,0.0,282.82,290.03,870.09,Central,Consumer,2025,3,Mar
505677,2024-09-25,23878,20,1,0.05,187.69,194.39,184.67,West,Consumer,2024,9,Sep
505678,2025-12-25,23345,17,1,0.05,364.39,376.19,357.38,East,Consumer,2025,12,Dec
505679,2025-04-07,20584,24,4,0.0,471.09,468.49,1873.96,South,Small Business,2025,4,Apr
505680,2025-10-11,21420,1,3,0.05,118.77,127.13,362.32,West,Consumer,2025,10,Oct
505681,2024-07-16,21691,6,3,0.0,183.47,170.32,510.96,West,Consumer,2024,7,Jul
505682,2025-11-17,22884,15,4,0.0,203.7,205.41,821.64,East,Consumer,2025,11,Nov
505683,2024-07-23,23638,4,2,0.0,453.41,478.74,957.48,South,Small Business,2024,7,Jul
505684,2025-06-18,23301,9,3,0.0,308.58,301.54,904.62,Central,Small Business,2025,6,Jun
505685,2025-12-30,21217,17,3,0.0,364.39,365.02,1095.06,West,Consumer,2025,12,Dec
505686,2025-12-05,22832,8,1,0.05,289.09,298.47,283.55,South,Consumer,2025,12,Dec
505687,2024-09-21,23601,12,4,0.05,119.8,126.14,479.33,West,Consumer,2024,9,Sep
505688,2025-03-14,20450,28,4,0.05,297.74,284.95,1082.81,Central,Consumer,2025,3,Mar
505689,2025-06-13,20848,22,4,0.0,356.25,345.29,1381.16,Central,Consumer,2025,6,Jun
505690,2024-12-08,22956,29,2,0.15,538.73,496.66,844.32,East,Small Business,2024,12,Dec
505691,2025-01-02,21526,8,3,0.15,289.09,302.2,770.61,East,Small Business,2025,1,Jan
505692,2024-02-03,23397,23,2,0.0,430.62,412.81,825.62,Central,Consumer,2024,2,Feb
505693,2024-03-02,23475,28,2,0.05,297.74,289.34,549.75,Central,Consumer,2024,3,Mar
505694,2025-11-04,21501,8,4,0.05,289.09,267.92,1018.1,Central,Consumer,2025,11,Nov
505695,2024-02-25,23981,4,2,0.05,453.41,450.5,855.95,East,Consumer,2024,2,Feb
505696,2024-10-15,23551,3,3,0.0,379.36,403.51,1210.53,East,Consumer,2024,10,Oct
505697,2025-07-15,21092,30,2,0.05,300.75,285.35,542.16,South,Consumer,2025,7,Jul
505698,2024-03-11,22758,2,2,0.05,177.67,186.78,354.88,Central,Small Business,2024,3,Mar
505699,2025-09-28,21750,14,3,0.05,323.49,314.72,896.95,South,Small Business,2025,9,Sep
505700,2025-06-04,22842,2,2,0.0,177.67,166.3,332.6,Central,Small Business,2025,6,Jun
505701,2024-11-13,22060,9,2,0.05,308.58,329.2,625.48,East,Small Business,2024,11,Nov
505702,2024-08-31,22186,30,4,0.0,300.75,317.47,1269.88,Central,Consumer,2024,8,Aug
505703,2024-03-08,22284,5,4,0.0,310.91,309.61,1238.44,Central,Consumer,2024,3,Mar
505704,2025-02-01,21534,6,2,0.0,183.47,191.31,382.62,West,Consumer,2025,2,Feb
505705,2025-07-14,22168,1,1,0.05,118.77,113.46,107.79,South,Consumer,2025,7,Jul
505706,2025-12-29,21285,22,2,0.0,356.25,343.91,687.82,West,Consumer,2025,12,Dec
505707,2024-07-17,23306,7,3,0.2,208.23,217.66,522.38,South,Consumer,2024,7,Jul
505708,2025-04-23,23195,10,2,0.15,452.53,417.8,710.26,East,Consumer,2025,4,Apr
505709,2024-01-21,21290,23,1,0.0,430.62,397.5,397.5,North,Consumer,2024,1,Jan
505710,2024-01-19,23358,23,4,0.15,430.62,435.86,1481.92,West,Consumer,2024,1,Jan
505711,2024-05-18,22097,15,1,0.0,203.7,214.64,214.64,North,Consumer,2024,5,May
505712,2024-02-10,21328,25,4,0.1,408.11,389.77,1403.17,North,Consumer,2024,2,Feb
505713,2024-08-08,21324,18,3,0.0,376.89,351.41,1054.23,West,Consumer,2024,8,Aug
505714,2025-02-27,22526,8,3,0.0,289.09,271.35,814.05,Central,Consumer,2025,2,Feb
505715,2024-04-29,23116,7,4,0.1,208.23,208.43,750.35,Central,Consumer,2024,4,Apr
505716,2024-02-07,22893,11,3,0.05,526.43,484.52,1380.88,West,Consumer,2024,2,Feb
505717,2024-10-05,22528,1,4,0.0,118.77,126.88,507.52,Central,Consumer,2024,10,Oct
505718,2024-01-05,20858,15,3,0.15,203.7,195.01,497.28,South,Corporate,2024,1,Jan
505719,2025-04-01,21328,4,3,0.05,453.41,483.85,1378.97,North,Consumer,2025,4,Apr
505720,2024-08-22,22521,2,1,0.05,177.67,173.95,165.25,North,Consumer,2024,8,Aug
505721,2025-07-20,20997,6,4,0.15,183.47,174.63,593.74,South,Small Business,2025,7,Jul
505722,2024-02-11,21358,1,4,0.0,118.77,112.23,448.92,South,Corporate,2024,2,Feb
505723,2024-09-08,21547,5,1,0.0,310.91,332.88,332.88,South,Consumer,2024,9,Sep
505724,2025-09-18,21093,25,4,0.2,408.11,420.75,1346.4,West,Consumer,2025,9,Sep
505725,2024-09-18,23295,28,1,0.0,297.74,307.73,307.73,North,Consumer,2024,9,Sep
505726,2024-09-29,21264,14,3,0.05,323.49,308.28,878.6,West,Small Business,2024,9,Sep
505727,2024-01-24,21547,16,4,0.0,113.27,115.65,462.6,South,Consumer,2024,1,Jan
505728,2024-12-16,21305,15,2,0.0,203.7,190.15,380.3,Central,Small Business,2024,12,Dec
505729,2025-05-30,23890,19,3,0.0,495.95,466.84,1400.52,Central,Small Business,2025,5,May
505730,2025-07-08,21981,19,2,0.15,495.95,458.71,779.81,Central,Consumer,2025,7,Jul
505731,2024-04-25,20112,10,3,0.1,452.53,460.23,1242.62,North,Consumer,2024,4,Apr
505732,2024-08-29,21419,10,4,0.05,452.53,481.03,1827.91,North,Small Business,2024,8,Aug
505733,2024-02-22,23141,21,1,0.1,301.42,312.85,281.57,South,Consumer,2024,2,Feb
505734,2024-08-23,22877,23,4,0.05,430.62,403.18,1532.08,Central,Consumer,2024,8,Aug
505735,2025-10-25,20737,7,3,0.2,208.23,193.99,465.58,East,Small Business,2025,10,Oct
505736,2024-07-15,23598,1,2,0.0,118.77,114.66,229.32,North,Consumer,2024,7,Jul
505737,2024-12-30,21930,1,4,0.2,118.77,117.7,376.64,South,Small Business,2024,12,Dec
505738,2025-12-14,23092,4,3,0.15,453.41,431.48,1100.27,West,Small Business,2025,12,Dec
505739,2025-11-25,21339,12,1,0.15,119.8,110.85,94.22,Central,Corporate,2025,11,Nov
505740,2024-06-02,22203,28,4,0.0,297.74,310.53,1242.12,Central,Consumer,2024,6,Jun
505741,2024-11-03,22608,18,3,0.0,376.89,394.93,1184.79,Central,Consumer,2024,11,Nov
505742,2025-05-15,22729,27,3,0.1,282.82,278.88,752.98,East,Consumer,2025,5,May
505743,2025-12-23,22680,27,2,0.05,282.82,288.59,548.32,East,Consumer,2025,12,Dec
505744,2025-04-16,23591,3,2,0.1,379.36,352.84,635.11,North,Small Business,2025,4,Apr
505745,2025-07-14,23036,5,2,0.05,310.91,300.17,570.32,West,Small Business,2025,7,Jul
505746,2024-12-03,22369,17,3,0.0,364.39,349.78,1049.34,Central,Small Business,2024,12,Dec
505747,2024-04-05,21356,28,4,0.0,297.74,276.41,1105.64,Central,Consumer,2024,4,Apr
505748,2025-07-11,20215,22,4,0.15,356.25,371.38,1262.69,Central,Small Business,2025,7,Jul
505749,2024-10-17,21044,14,3,0.0,323.49,323.97,971.91,Central,Consumer,2024,10,Oct
505750,2024-05-11,21191,8,1,0.05,289.09,286.25,271.94,South,Corporate,2024,5,May
505751,2025-01-01,23389,9,1,0.1,308.58,287.6,258.84,East,Consumer,2025,1,Jan
505752,2024-02-27,21323,1,4,0.15,118.77,120.6,410.04,Central,Small Business,2024,2,Feb
505753,2025-05-14,20066,19,4,0.0,495.95,498.31,1993.24,Central,Consumer,2025,5,May
505754,2025-04-12,23936,20,1,0.0,187.69,190.09,190.09,Central,Consumer,2025,4,Apr
505755,2024-11-21,21818,16,3,0.0,113.27,111.52,334.56,Central,Consumer,2024,11,Nov
505756,2024-07-09,22953,24,4,0.15,471.09,460.14,1564.48,East,Consumer,2024,7,Jul
505757,2024-12-13,20291,22,1,0.05,356.25,331.52,314.94,Central,Consumer,2024,12,Dec
505758,2025-10-01,21713,22,4,0.0,356.25,371.47,1485.88,West,Consumer,2025,10,Oct
505759,2024-07-29,23504,2,1,0.0,177.67,176.78,176.78,Central,Consumer,2024,7,Jul
505760,2025-02-21,21409,6,1,0.1,183.47,175.41,157.87,South,Consumer,2025,2,Feb
505761,2025-02-05,21870,27,3,0.0,282.82,268.16,804.48,Central,Corporate,2025,2,Feb
505762,2024-05-14,23847,18,4,0.1,376.89,365.51,1315.84,North,Corporate,2024,5,May
505763,2025-01-24,20452,4,4,0.05,453.41,486.08,1847.1,South,Corporate,2025,1,Jan
505764,2024-07-27,23063,7,1,0.0,208.23,206.8,206.8,West,Consumer,2024,7,Jul
505765,2025-09-08,21682,29,3,0.05,538.73,535.06,1524.92,South,Small Business,2025,9,Sep
505766,2025-03-12,20821,19,2,0.1,495.95,468.42,843.16,East,Consumer,2025,3,Mar
505767,2025-02-14,20962,14,2,0.05,323.49,342.61,650.96,Central,Small Business,2025,2,Feb
505768,2025-11-12,21898,15,1,0.1,203.7,200.48,180.43,Central,Consumer,2025,11,Nov
505769,2024-10-04,22194,18,2,0.0,376.89,352.21,704.42,Central,Consumer,2024,10,Oct
505770,2024-10-06,20904,18,1,0.0,376.89,352.95,352.95,Central,Consumer,2024,10,Oct
505771,2024-06-23,20528,18,4,0.05,376.89,366.07,1391.07,North,Consumer,2024,6,Jun
505772,2024-02-13,23960,10,1,0.0,452.53,430.0,430.0,South,Small Business,2024,2,Feb
505773,2025-08-17,22964,2,4,0.15,177.67,177.06,602.0,Central,Small Business,2025,8,Aug
505774,2025-05-19,22289,16,1,0.05,113.27,114.19,108.48,East,Consumer,2025,5,May
505775,2025-05-11,23160,18,1,0.05,376.89,397.32,377.45,North,Corporate,2025,5,May
505776,2025-02-10,20326,16,4,0.15,113.27,109.91,373.69,South,Small Business,2025,2,Feb
505777,2025-04-23,23515,30,2,0.15,300.75,295.63,502.57,South,Consumer,2025,4,Apr
505778,2025-07-05,21245,6,4,0.05,183.47,177.57,674.77,South,Consumer,2025,7,Jul
505779,2024-02-28,20869,23,1,0.05,430.62,461.96,438.86,Central,Consumer,2024,2,Feb
505780,2025-01-01,22126,1,2,0.0,118.77,126.43,252.86,Central,Consumer,2025,1,Jan
505781,2025-09-09,23673,10,4,0.05,452.53,432.02,1641.68,Central,Consumer,2025,9,Sep
505782,2024-10-18,22052,20,3,0.05,187.69,192.39,548.31,Central,Consumer,2024,10,Oct
505783,2025-02-14,20983,15,1,0.0,203.7,191.65,191.65,West,Corporate,2025,2,Feb
505784,2024-11-10,20882,8,1,0.1,289.09,300.32,270.29,West,Small Business,2024,11,Nov
505785,2025-09-11,21524,15,2,0.0,203.7,214.2,428.4,Central,Consumer,2025,9,Sep
505786,2025-08-16,22742,16,4,0.15,113.27,108.62,369.31,Central,Consumer,2025,8,Aug
505787,2025-08-02,22663,4,1,0.0,453.41,487.69,487.69,North,Consumer,2025,8,Aug
505788,2024-10-11,20934,1,3,0.15,118.77,125.05,318.88,East,Consumer,2024,10,Oct
505789,2025-11-28,22288,7,1,0.15,208.23,208.13,176.91,North,Small Business,2025,11,Nov
505790,2024-12-05,23932,9,3,0.0,308.58,288.68,866.04,Central,Consumer,2024,12,Dec
505791,2025-06-24,23408,16,4,0.1,113.27,111.38,400.97,South,Consumer,2025,6,Jun
505792,2024-07-02,23299,2,1,0.0,177.67,177.01,177.01,Central,Small Business,2024,7,Jul
505793,2024-05-12,22161,12,3,0.05,119.8,126.29,359.93,Central,Consumer,2024,5,May
505794,2024-01-11,21790,9,3,0.05,308.58,305.34,870.22,East,Consumer,2024,1,Jan
505795,2024-07-23,23401,19,1,0.2,495.95,457.38,365.9,East,Small Business,2024,7,Jul
505796,2024-06-03,21466,22,2,0.0,356.25,348.52,697.04,North,Consumer,2024,6,Jun
505797,2025-12-05,21863,23,4,0.0,430.62,420.87,1683.48,South,Consumer,2025,12,Dec
505798,2025-08-13,20707,19,4,0.15,495.95,509.18,1731.21,North,Corporate,2025,8,Aug
505799,2025-12-22,22067,16,4,0.0,113.27,108.64,434.56,Central,Small Business,2025,12,Dec
505800,2025-10-31,20337,5,3,0.1,310.91,293.67,792.91,North,Consumer,2025,10,Oct
505801,2025-02-21,21773,19,3,0.2,495.95,488.99,1173.58,Central,Consumer,2025,2,Feb
505802,2025-06-26,23019,4,2,0.15,453.41,461.1,783.87,West,Consumer,2025,6,Jun
505803,2024-06-04,20701,13,3,0.0,509.47,491.3,1473.9,North,Consumer,2024,6,Jun
505804,2024-11-15,23548,4,1,0.0,453.41,449.15,449.15,East,Small Business,2024,11,Nov
505805,2025-08-26,22612,9,1,0.15,308.58,318.46,270.69,West,Small Business,2025,8,Aug
505806,2025-05-12,21998,26,4,0.15,173.18,176.59,600.41,Central,Consumer,2025,5,May
505807,2025-12-01,21478,1,2,0.0,118.77,109.32,218.64,West,Consumer,2025,12,Dec
505808,2024-03-31,23582,9,1,0.05,308.58,287.01,272.66,Central,Small Business,2024,3,Mar
505809,2024-12-07,23443,3,1,0.0,379.36,377.76,377.76,North,Consumer,2024,12,Dec
505810,2024-03-08,23798,30,2,0.05,300.75,280.68,533.29,South,Corporate,2024,3,Mar
505811,2024-04-27,22647,27,3,0.1,282.82,297.05,802.04,West,Consumer,2024,4,Apr
505812,2024-05-17,22362,17,3,0.0,364.39,370.65,1111.95,Central,Consumer,2024,5,May
505813,2025-06-17,21370,6,3,0.0,183.47,170.03,510.09,Central,Small Business,2025,6,Jun
505814,2025-03-17,21018,30,3,0.0,300.75,302.58,907.74,Central,Consumer,2025,3,Mar
505815,2024-12-17,23445,3,1,0.2,379.36,371.2,296.96,East,Consumer,2024,12,Dec
505816,2024-11-03,23269,8,1,0.0,289.09,267.69,267.69,Central,Small Business,2024,11,Nov
505817,2025-09-03,21442,17,2,0.0,364.39,385.6,771.2,Central,Consumer,2025,9,Sep
505818,2024-05-13,20876,29,3,0.0,538.73,504.15,1512.45,Central,Consumer,2024,5,May
505819,2024-10-06,22085,5,3,0.05,310.91,332.82,948.54,Central,Consumer,2024,10,Oct
505820,2025-02-02,23718,28,1,0.2,297.74,306.29,245.03,Central,Consumer,2025,2,Feb
505821,2024-10-15,23431,7,4,0.15,208.23,211.42,718.83,East,Consumer,2024,10,Oct
505822,2025-10-28,20764,6,3,0.05,183.47,187.03,533.04,Central,Small Business,2025,10,Oct
505823,2024-10-13,22846,30,4,0.0,300.75,315.6,1262.4,South,Corporate,2024,10,Oct
505824,2025-02-06,21420,30,1,0.0,300.75,296.16,296.16,West,Consumer,2025,2,Feb
505825,2025-03-08,22276,4,4,0.0,453.41,418.98,1675.92,Central,Consumer,2025,3,Mar
505826,2025-01-13,20484,11,2,0.1,526.43,549.76,989.57,Central,Consumer,2025,1,Jan
505827,2024-05-22,20131,12,1,0.05,119.8,110.45,104.93,West,Consumer,2024,5,May
505828,2024-09-16,21133,5,3,0.05,310.91,291.07,829.55,Central,Corporate,2024,9,Sep
505829,2025-12-26,22862,28,4,0.15,297.74,288.46,980.76,North,Consumer,2025,12,Dec
505830,2024-01-10,22017,11,2,0.0,526.43,559.86,1119.72,North,Consumer,2024,1,Jan
505831,2025-09-03,21497,25,1,0.0,408.11,375.75,375.75,South,Consumer,2025,9,Sep
505832,2024-06-28,21554,3,4,0.05,379.36,354.91,1348.66,South,Consumer,2024,6,Jun
505833,2025-03-25,20277,12,3,0.15,119.8,121.69,310.31,North,Consumer,2025,3,Mar
505834,2024-08-29,22515,18,2,0.05,376.89,360.42,684.8,Central,Consumer,2024,8,Aug
505835,2024-04-26,21461,6,2,0.2,183.47,177.06,283.3,Central,Consumer,2024,4,Apr
505836,2024-11-28,21464,18,4,0.0,376.89,382.86,1531.44,West,Small Business,2024,11,Nov
505837,2024-11-23,22701,13,2,0.0,509.47,483.26,966.52,South,Consumer,2024,11,Nov
505838,2025-11-05,22278,10,3,0.0,452.53,466.16,1398.48,East,Small Business,2025,11,Nov
505839,2024-05-12,20718,12,1,0.0,119.8,121.38,121.38,Central,Corporate,2024,5,May
505840,2024-08-07,22518,10,1,0.0,452.53,451.63,451.63,Central,Corporate,2024,8,Aug
505841,2025-09-07,20183,9,2,0.05,308.58,307.38,584.02,Central,Small Business,2025,9,Sep
505842,2024-08-16,23703,2,3,0.1,177.67,186.98,504.85,South,Consumer,2024,8,Aug
505843,2024-01-13,22142,17,1,0.0,364.39,356.25,356.25,Central,Consumer,2024,1,Jan
505844,2024-08-22,23529,20,3,0.2,187.69,186.26,447.02,Central,Consumer,2024,8,Aug
505845,2024-11-29,23876,29,1,0.0,538.73,517.73,517.73,East,Corporate,2024,11,Nov
505846,2024-06-05,21060,8,1,0.2,289.09,280.27,224.22,North,Consumer,2024,6,Jun
505847,2024-04-29,23357,14,4,0.0,323.49,340.05,1360.2,South,Consumer,2024,4,Apr
505848,2024-11-12,21885,15,1,0.0,203.7,209.09,209.09,South,Consumer,2024,11,Nov
505849,2024-01-24,22892,20,1,0.1,187.69,200.94,180.85,South,Consumer,2024,1,Jan
505850,2025-06-30,20398,16,4,0.0,113.27,104.73,418.92,East,Consumer,2025,6,Jun
505851,2024-10-16,20959,14,1,0.05,323.49,336.39,319.57,Central,Consumer,2024,10,Oct
505852,2025-06-21,20890,24,2,0.1,471.09,502.64,904.75,South,Consumer,2025,6,Jun
505853,2024-12-25,21163,5,2,0.1,310.91,314.02,565.24,West,Consumer,2024,12,Dec
505854,2024-01-03,21177,19,3,0.15,495.95,481.16,1226.96,Central,Consumer,2024,1,Jan
505855,2025-12-21,21722,6,4,0.0,183.47,187.36,749.44,Central,Consumer,2025,12,Dec
505856,2025-07-15,23818,30,3,0.05,300.75,281.84,803.24,South,Consumer,2025,7,Jul
505857,2024-02-22,20047,21,1,0.0,301.42,281.66,281.66,North,Consumer,2024,2,Feb
505858,2024-10-14,23024,19,4,0.0,495.95,533.35,2133.4,North,Small Business,2024,10,Oct
505859,2025-04-22,23540,27,4,0.1,282.82,296.0,1065.6,South,Consumer,2025,4,Apr
505860,2024-01-15,23587,11,1,0.05,526.43,526.17,499.86,North,Consumer,2024,1,Jan
505861,2024-05-25,21394,3,1,0.0,379.36,403.71,403.71,Central,Consumer,2024,5,May
505862,2025-12-25,21195,27,1,0.2,282.82,274.94,219.95,South,Consumer,2025,12,Dec
505863,2025-06-15,21010,28,2,0.0,297.74,320.54,641.08,South,Small Business,2025,6,Jun
505864,2025-09-30,23436,16,2,0.15,113.27,105.52,179.38,South,Consumer,2025,9,Sep
505865,2025-10-18,23023,14,4,0.05,323.49,330.3,1255.14,East,Consumer,2025,10,Oct
505866,2024-09-18,23088,6,3,0.05,183.47,169.34,482.62,Central,Consumer,2024,9,Sep
505867,2025-08-12,23309,8,4,0.15,289.09,295.54,1004.84,West,Consumer,2025,8,Aug
505868,2025-05-13,20582,17,3,0.1,364.39,384.48,1038.1,Central,Consumer,2025,5,May
505869,2025-03-27,23646,6,4,0.0,183.47,195.6,782.4,West,Corporate,2025,3,Mar
505870,2025-04-11,21287,4,1,0.0,453.41,480.16,480.16,West,Small Business,2025,4,Apr
505871,2024-05-23,23094,9,3,0.0,308.58,326.01,978.03,Central,Consumer,2024,5,May
505872,2025-12-21,22846,11,4,0.1,526.43,551.11,1984.0,South,Corporate,2025,12,Dec
505873,2024-04-23,21465,8,4,0.05,289.09,278.83,1059.55,Central,Consumer,2024,4,Apr
505874,2024-05-12,21305,1,3,0.05,118.77,121.2,345.42,Central,Small Business,2024,5,May
505875,2025-10-14,22566,10,2,0.1,452.53,484.21,871.58,East,Consumer,2025,10,Oct
505876,2024-06-04,21007,3,2,0.0,379.36,370.72,741.44,North,Consumer,2024,6,Jun
505877,2024-02-20,22443,23,2,0.05,430.62,406.21,771.8,South,Consumer,2024,2,Feb
505878,2025-05-04,23966,7,2,0.05,208.23,216.8,411.92,North,Consumer,2025,5,May
505879,2024-08-15,21202,1,3,0.2,118.77,128.21,307.7,Central,Consumer,2024,8,Aug
505880,2024-02-24,21937,19,3,0.05,495.95,457.16,1302.91,South,Small Business,2024,2,Feb
505881,2024-05-18,21127,12,1,0.0,119.8,119.69,119.69,West,Consumer,2024,5,May
505882,2025-08-23,21393,15,4,0.2,203.7,187.52,600.06,East,Consumer,2025,8,Aug
505883,2024-04-20,20191,19,2,0.0,495.95,503.05,1006.1,East,Consumer,2024,4,Apr
505884,2024-06-05,21428,13,2,0.05,509.47,473.94,900.49,Central,Consumer,2024,6,Jun
505885,2025-04-21,22215,4,3,0.1,453.41,467.49,1262.22,Central,Corporate,2025,4,Apr
505886,2025-07-14,22473,18,2,0.05,376.89,360.5,684.95,East,Small Business,2025,7,Jul
505887,2025-02-13,21663,17,2,0.15,364.39,380.85,647.45,East,Consumer,2025,2,Feb
505888,2024-04-22,22580,6,2,0.0,183.47,192.07,384.14,South,Consumer,2024,4,Apr
505889,2024-08-07,20077,23,1,0.15,430.62,461.28,392.09,West,Consumer,2024,8,Aug
505890,2025-06-25,23462,21,1,0.0,301.42,311.68,311.68,South,Small Business,2025,6,Jun
505891,2024-12-05,20880,21,1,0.1,301.42,289.11,260.2,Central,Consumer,2024,12,Dec
505892,2024-02-28,22630,17,1,0.05,364.39,354.52,336.79,Central,Small Business,2024,2,Feb
505893,2025-10-03,20526,20,4,0.0,187.69,196.03,784.12,East,Consumer,2025,10,Oct
505894,2024-03-17,23750,5,4,0.05,310.91,310.45,1179.71,Central,Consumer,2024,3,Mar
505895,2025-05-15,21621,4,2,0.05,453.41,472.13,897.05,Central,Consumer,2025,5,May
505896,2024-02-05,22298,17,2,0.0,364.39,387.81,775.62,South,Consumer,2024,2,Feb
505897,2024-10-29,21636,23,3,0.1,430.62,443.58,1197.67,Central,Consumer,2024,10,Oct
505898,2025-04-27,21974,4,3,0.1,453.41,423.32,1142.96,South,Corporate,2025,4,Apr
505899,2024-05-02,23251,19,4,0.0,495.95,506.64,2026.56,South,Consumer,2024,5,May
505900,2024-05-01,23142,21,1,0.1,301.42,306.69,276.02,Central,Small Business,2024,5,May
505901,2025-04-23,20534,30,4,0.15,300.75,283.6,964.24,West,Consumer,2025,4,Apr
505902,2024-09-22,20854,7,3,0.15,208.23,206.99,527.82,West,Small Business,2024,9,Sep
505903,2024-07-20,21357,24,4,0.0,471.09,455.39,1821.56,Central,Small Business,2024,7,Jul
505904,2025-10-11,22538,2,2,0.2,177.67,184.62,295.39,East,Consumer,2025,10,Oct
505905,2024-08-04,22388,24,3,0.0,471.09,439.0,1317.0,East,Consumer,2024,8,Aug
505906,2024-08-19,21602,6,1,0.1,183.47,171.83,154.65,Central,Consumer,2024,8,Aug
505907,2025-08-07,21086,14,4,0.05,323.49,326.79,1241.8,Central,Consumer,2025,8,Aug
505908,2024-04-30,20537,15,2,0.15,203.7,211.93,360.28,West,Consumer,2024,4,Apr
505909,2024-11-24,20243,29,1,0.0,538.73,554.11,554.11,South,Consumer,2024,11,Nov
505910,2025-05-04,21272,22,3,0.15,356.25,373.46,952.32,South,Consumer,2025,5,May
505911,2024-02-21,23330,15,2,0.05,203.7,195.64,371.72,North,Small Business,2024,2,Feb
505912,2024-04-26,22530,12,4,0.05,119.8,120.59,458.24,East,Consumer,2024,4,Apr
505913,2025-11-02,21664,30,1,0.05,300.75,312.0,296.4,West,Small Business,2025,11,Nov
505914,2025-06-16,23768,11,1,0.0,526.43,499.99,499.99,West,Consumer,2025,6,Jun
505915,2024-08-31,23948,26,2,0.15,173.18,170.4,289.68,South,Consumer,2024,8,Aug
505916,2024-11-21,22208,14,1,0.0,323.49,325.55,325.55,Central,Small Business,2024,11,Nov
505917,2024-09-30,22059,6,4,0.05,183.47,197.12,749.06,West,Small Business,2024,9,Sep
505918,2025-11-13,21652,26,4,0.05,173.18,184.8,702.24,North,Consumer,2025,11,Nov
505919,2025-06-27,23258,3,3,0.05,379.36,350.76,999.67,East,Consumer,2025,6,Jun
505920,2024-06-18,23580,25,3,0.05,408.11,399.34,1138.12,Central,Consumer,2024,6,Jun
505921,2024-03-04,23085,24,1,0.0,471.09,480.33,480.33,West,Consumer,2024,3,Mar
505922,2024-12-21,20797,28,4,0.0,297.74,313.38,1253.52,Central,Consumer,2024,12,Dec
505923,2025-08-11,22600,30,4,0.15,300.75,321.25,1092.25,Central,Small Business,2025,8,Aug
505924,2025-09-14,20325,24,1,0.05,471.09,436.98,415.13,South,Consumer,2025,9,Sep
505925,2024-03-16,20778,2,3,0.1,177.67,191.4,516.78,East,Consumer,2024,3,Mar
505926,2025-04-19,21293,14,3,0.0,323.49,328.05,984.15,North,Small Business,2025,4,Apr
505927,2024-12-02,20185,25,1,0.1,408.11,390.62,351.56,West,Small Business,2024,12,Dec
505928,2024-05-29,20350,18,1,0.15,376.89,395.14,335.87,South,Small Business,2024,5,May
505929,2025-01-30,21005,16,1,0.0,113.27,105.61,105.61,Central,Consumer,2025,1,Jan
505930,2024-02-21,21679,17,2,0.0,364.39,376.75,753.5,North,Consumer,2024,2,Feb
505931,2024-02-11,20560,7,1,0.0,208.23,224.37,224.37,Central,Small Business,2024,2,Feb
505932,2025-02-14,20965,30,3,0.05,300.75,322.95,920.41,East,Corporate,2025,2,Feb
505933,2024-05-02,21624,6,1,0.0,183.47,169.45,169.45,East,Consumer,2024,5,May
505934,2025-02-19,20751,23,2,0.0,430.62,426.88,853.76,Central,Consumer,2025,2,Feb
505935,2025-12-16,23824,3,1,0.15,379.36,364.69,309.99,Central,Corporate,2025,12,Dec
505936,2024-06-05,20771,17,3,0.0,364.39,383.1,1149.3,North,Small Business,2024,6,Jun
505937,2025-06-10,21228,30,2,0.0,300.75,321.43,642.86,West,Consumer,2025,6,Jun
505938,2025-08-01,20996,20,2,0.1,187.69,189.59,341.26,North,Consumer,2025,8,Aug
505939,2024-04-03,21468,25,2,0.0,408.11,380.92,761.84,Central,Consumer,2024,4,Apr
505940,2024-06-21,22161,29,4,0.0,538.73,563.97,2255.88,Central,Consumer,2024,6,Jun
505941,2024-06-05,21373,18,3,0.05,376.89,365.92,1042.87,Central,Consumer,2024,6,Jun
505942,2025-12-11,20007,6,1,0.0,183.47,191.88,191.88,West,Consumer,2025,12,Dec
505943,2025-03-05,22466,21,4,0.0,301.42,280.44,1121.76,East,Consumer,2025,3,Mar
505944,2025-06-04,22469,29,1,0.1,538.73,524.19,471.77,West,Consumer,2025,6,Jun
505945,2024-03-28,23739,22,3,0.1,356.25,379.4,1024.38,East,Consumer,2024,3,Mar
505946,2025-03-18,22816,11,4,0.15,526.43,496.15,1686.91,South,Consumer,2025,3,Mar
505947,2025-02-12,23739,6,4,0.0,183.47,195.37,781.48,East,Consumer,2025,2,Feb
505948,2025-04-23,22860,11,4,0.0,526.43,558.48,2233.92,Central,Consumer,2025,4,Apr
505949,2024-11-22,23143,23,2,0.0,430.62,410.86,821.72,West,Consumer,2024,11,Nov
505950,2024-01-05,22031,7,4,0.05,208.23,203.29,772.5,East,Corporate,2024,1,Jan
505951,2025-05-01,22736,8,4,0.0,289.09,276.9,1107.6,North,Consumer,2025,5,May
505952,2024-09-20,21857,11,2,0.05,526.43,560.7,1065.33,Central,Small Business,2024,9,Sep
505953,2024-07-10,21331,9,3,0.1,308.58,330.08,891.22,North,Small Business,2024,7,Jul
505954,2025-09-25,22408,16,2,0.2,113.27,104.52,167.23,North,Corporate,2025,9,Sep
505955,2024-05-06,21869,21,2,0.05,301.42,316.99,602.28,Central,Corporate,2024,5,May
505956,2025-11-04,21196,6,2,0.05,183.47,192.94,366.59,North,Corporate,2025,11,Nov
505957,2024-12-25,23848,25,1,0.0,408.11,397.68,397.68,South,Small Business,2024,12,Dec
505958,2024-05-19,20459,6,2,0.15,183.47,195.67,332.64,Central,Consumer,2024,5,May
505959,2025-09-09,20479,22,4,0.0,356.25,359.51,1438.04,North,Consumer,2025,9,Sep
505960,2025-10-18,22034,9,1,0.0,308.58,305.6,305.6,South,Consumer,2025,10,Oct
505961,2025-11-22,20073,18,1,0.0,376.89,356.98,356.98,South,Consumer,2025,11,Nov
505962,2024-09-29,23469,1,3,0.1,118.77,111.23,300.32,East,Consumer,2024,9,Sep
505963,2025-11-06,21288,6,3,0.1,183.47,198.11,534.9,West,Corporate,2025,11,Nov
505964,2025-05-23,21945,20,3,0.0,187.69,181.59,544.77,East,Small Business,2025,5,May
505965,2024-10-15,22278,5,2,0.0,310.91,314.06,628.12,East,Small Business,2024,10,Oct
505966,2025-10-01,21119,7,4,0.15,208.23,198.68,675.51,Central,Corporate,2025,10,Oct
505967,2025-01-11,20464,23,1,0.1,430.62,397.69,357.92,Central,Small Business,2025,1,Jan
505968,2024-06-11,20846,27,3,0.05,282.82,271.08,772.58,West,Consumer,2024,6,Jun
505969,2025-07-02,20363,25,4,0.0,408.11,426.52,1706.08,Central,Small Business,2025,7,Jul
505970,2024-04-09,20265,12,1,0.0,119.8,120.45,120.45,South,Consumer,2024,4,Apr
505971,2024-08-02,22812,18,4,0.0,376.89,401.23,1604.92,Central,Consumer,2024,8,Aug
505972,2024-12-11,23699,14,4,0.15,323.49,329.13,1119.04,Central,Consumer,2024,12,Dec
505973,2025-03-14,21606,4,2,0.1,453.41,476.11,857.0,Central,Consumer,2025,3,Mar
505974,2025-03-31,21311,28,2,0.0,297.74,309.05,618.1,West,Consumer,2025,3,Mar
505975,2025-08-23,21508,24,2,0.05,471.09,439.27,834.61,Central,Consumer,2025,8,Aug
505976,2025-02-19,23593,1,3,0.0,118.77,117.06,351.18,South,Consumer,2025,2,Feb
505977,2025-01-06,21138,1,4,0.0,118.77,118.82,475.28,South,Corporate,2025,1,Jan
505978,2025-05-11,23781,22,1,0.15,356.25,363.25,308.76,West,Small Business,2025,5,May
505979,2025-01-10,21141,10,3,0.1,452.53,474.76,1281.85,Central,Small Business,2025,1,Jan
505980,2025-11-02,21779,16,2,0.0,113.27,113.14,226.28,West,Consumer,2025,11,Nov
505981,2024-10-13,21121,14,1,0.0,323.49,328.53,328.53,West,Consumer,2024,10,Oct
505982,2024-03-24,21689,20,3,0.1,187.69,198.5,535.95,West,Small Business,2024,3,Mar
505983,2025-03-27,22728,25,2,0.05,408.11,382.16,726.1,Central,Consumer,2025,3,Mar
505984,2025-12-05,21264,30,3,0.0,300.75,286.98,860.94,West,Small Business,2025,12,Dec
505985,2024-05-26,20171,8,3,0.0,289.09,293.36,880.08,South,Consumer,2024,5,May
505986,2024-04-27,22553,4,2,0.15,453.41,448.76,762.89,Central,Corporate,2024,4,Apr
505987,2024-11-05,22818,9,2,0.0,308.58,323.38,646.76,North,Small Business,2024,11,Nov
505988,2025-11-12,20856,21,3,0.0,301.42,299.4,898.2,South,Consumer,2025,11,Nov
505989,2024-07-21,22749,9,1,0.0,308.58,332.79,332.79,West,Consumer,2024,7,Jul
505990,2025-07-08,21352,22,1,0.1,356.25,353.1,317.79,Central,Consumer,2025,7,Jul
505991,2024-07-16,22781,7,1,0.1,208.23,194.75,175.28,South,Small Business,2024,7,Jul
505992,2025-08-16,21178,14,3,0.05,323.49,322.01,917.73,South,Corporate,2025,8,Aug
505993,2024-07-06,20289,4,3,0.0,453.41,474.39,1423.17,North,Consumer,2024,7,Jul
505994,2025-10-01,21498,6,4,0.1,183.47,170.34,613.22,Central,Small Business,2025,10,Oct
505995,2024-12-30,20355,30,4,0.05,300.75,295.81,1124.08,North,Small Business,2024,12,Dec
505996,2024-03-23,20298,6,3,0.05,183.47,181.54,517.39,East,Consumer,2024,3,Mar
505997,2025-11-18,20881,13,3,0.0,509.47,546.33,1638.99,South,Consumer,2025,11,Nov
505998,2025-04-30,22116,13,2,0.0,509.47,476.24,952.48,South,Consumer,2025,4,Apr
505999,2024-01-04,20631,21,4,0.0,301.42,284.65,1138.6,Central,Consumer,2024,1,Jan
506000,2024-09-09,20367,21,2,0.05,301.42,300.77,571.46,East,Consumer,2024,9,Sep
506001,2025-10-13,21531,16,4,0.0,113.27,120.47,481.88,North,Consumer,2025,10,Oct
506002,2024-10-04,23135,17,1,0.1,364.39,361.0,324.9,North,Small Business,2024,10,Oct
506003,2025-11-28,21233,24,2,0.0,471.09,495.83,991.66,North,Consumer,2025,11,Nov
506004,2025-01-19,21682,4,2,0.15,453.41,435.65,740.6,South,Small Business,2025,1,Jan
506005,2024-03-28,23490,7,2,0.0,208.23,197.45,394.9,East,Consumer,2024,3,Mar
506006,2025-03-13,22945,2,4,0.0,177.67,187.88,751.52,South,Small Business,2025,3,Mar
506007,2024-02-16,21706,10,2,0.05,452.53,446.13,847.65,East,Consumer,2024,2,Feb
506008,2025-05-28,20522,12,4,0.1,119.8,125.57,452.05,West,Consumer,2025,5,May
506009,2024-03-01,22622,4,2,0.0,453.41,479.53,959.06,Central,Small Business,2024,3,Mar
506010,2025-03-22,22315,4,1,0.0,453.41,443.47,443.47,East,Corporate,2025,3,Mar
506011,2024-04-27,21122,15,4,0.0,203.7,188.02,752.08,North,Small Business,2024,4,Apr
506012,2024-06-14,20766,5,3,0.05,310.91,325.65,928.1,East,Consumer,2024,6,Jun
506013,2024-05-25,21131,22,3,0.0,356.25,347.85,1043.55,South,Consumer,2024,5,May
506014,2024-09-21,22319,21,3,0.0,301.42,313.2,939.6,South,Consumer,2024,9,Sep
506015,2025-03-18,21595,18,2,0.2,376.89,379.23,606.77,Central,Consumer,2025,3,Mar
506016,2025-09-21,21691,15,4,0.0,203.7,210.31,841.24,West,Consumer,2025,9,Sep
506017,2025-04-17,23120,27,4,0.0,282.82,283.27,1133.08,Central,Small Business,2025,4,Apr
506018,2025-06-05,22587,20,2,0.05,187.69,185.26,351.99,Central,Consumer,2025,6,Jun
506019,2025-09-15,23283,27,3,0.0,282.82,282.54,847.62,West,Consumer,2025,9,Sep
506020,2024-12-02,20363,11,1,0.0,526.43,547.37,547.37,Central,Small Business,2024,12,Dec
506021,2024-03-12,22807,16,2,0.05,113.27,110.2,209.38,West,Consumer,2024,3,Mar
506022,2024-06-22,23608,3,1,0.0,379.36,401.73,401.73,North,Consumer,2024,6,Jun
506023,2025-12-24,21434,15,2,0.05,203.7,199.67,379.37,East,Consumer,2025,12,Dec
506024,2025-08-31,21930,2,4,0.1,177.67,186.27,670.57,South,Small Business,2025,8,Aug
506025,2025-12-26,21152,12,2,0.1,119.8,114.34,205.81,Central,Consumer,2025,12,Dec
506026,2024-07-01,22692,1,3,0.1,118.77,110.34,297.92,Central,Small Business,2024,7,Jul
506027,2024-04-19,22153,8,4,0.0,289.09,268.28,1073.12,South,Consumer,2024,4,Apr
506028,2025-10-22,21027,26,4,0.05,173.18,171.2,650.56,Central,Small Business,2025,10,Oct
506029,2025-12-31,20215,22,2,0.1,356.25,384.34,691.81,Central,Small Business,2025,12,Dec
506030,2024-11-17,22893,29,1,0.0,538.73,576.39,576.39,West,Consumer,2024,11,Nov
506031,2025-12-17,22188,29,4,0.0,538.73,559.07,2236.28,Central,Small Business,2025,12,Dec
506032,2025-04-29,23760,5,4,0.0,310.91,287.91,1151.64,Central,Consumer,2025,4,Apr
506033,2025-09-09,20952,6,4,0.0,183.47,198.06,792.24,South,Corporate,2025,9,Sep
506034,2024-06-11,23827,29,1,0.0,538.73,547.1,547.1,East,Consumer,2024,6,Jun
506035,2025-02-21,21892,25,1,0.15,408.11,402.34,341.99,West,Small Business,2025,2,Feb
506036,2024-04-22,23190,8,3,0.05,289.09,294.34,838.87,Central,Corporate,2024,4,Apr
506037,2025-07-06,21520,10,3,0.0,452.53,443.14,1329.42,Central,Consumer,2025,7,Jul
506038,2024-06-22,21601,20,3,0.1,187.69,190.83,515.24,West,Small Business,2024,6,Jun
506039,2025-09-16,22600,17,1,0.05,364.39,340.27,323.26,Central,Small Business,2025,9,Sep
506040,2025-02-11,20735,12,1,0.1,119.8,118.63,106.77,South,Consumer,2025,2,Feb
506041,2025-05-16,23372,11,2,0.0,526.43,551.19,1102.38,Central,Consumer,2025,5,May
506042,2025-05-17,21064,19,3,0.05,495.95,475.12,1354.09,South,Corporate,2025,5,May
506043,2025-10-22,22319,28,1,0.15,297.74,285.52,242.69,South,Consumer,2025,10,Oct
506044,2024-12-18,23010,26,2,0.1,173.18,165.16,297.29,North,Corporate,2024,12,Dec
506045,2024-10-16,21528,23,3,0.0,430.62,422.68,1268.04,West,Consumer,2024,10,Oct
506046,2025-07-29,21133,26,4,0.1,173.18,179.45,646.02,Central,Corporate,2025,7,Jul
506047,2024-10-19,22604,2,3,0.0,177.67,171.29,513.87,Central,Consumer,2024,10,Oct
506048,2024-04-20,21125,27,3,0.0,282.82,280.18,840.54,Central,Consumer,2024,4,Apr
506049,2025-04-06,21911,12,2,0.0,119.8,118.88,237.76,North,Small Business,2025,4,Apr
506050,2025-11-16,21096,8,1,0.2,289.09,287.88,230.3,West,Corporate,2025,11,Nov
506051,2025-04-11,22391,26,3,0.0,173.18,171.48,514.44,Central,Small Business,2025,4,Apr
506052,2025-03-14,21284,24,3,0.05,471.09,437.68,1247.39,North,Small Business,2025,3,Mar
506053,2024-07-13,22695,3,1,0.05,379.36,382.88,363.74,Central,Consumer,2024,7,Jul
506054,2024-08-30,22180,11,4,0.0,526.43,510.7,2042.8,Central,Consumer,2024,8,Aug
506055,2025-03-16,20287,21,2,0.0,301.42,317.08,634.16,West,Consumer,2025,3,Mar
506056,2025-02-04,22784,6,4,0.0,183.47,169.87,679.48,North,Consumer,2025,2,Feb
506057,2025-11-20,22757,6,2,0.05,183.47,179.97,341.94,North,Consumer,2025,11,Nov
506058,2024-11-19,21558,10,3,0.0,452.53,431.51,1294.53,Central,Small Business,2024,11,Nov
506059,2025-05-09,22189,10,1,0.0,452.53,451.53,451.53,West,Consumer,2025,5,May
506060,2025-08-13,21545,11,4,0.0,526.43,507.5,2030.0,Central,Consumer,2025,8,Aug
506061,2025-05-02,22201,24,4,0.0,471.09,460.1,1840.4,South,Small Business,2025,5,May
506062,2024-07-28,23324,17,3,0.0,364.39,339.88,1019.64,South,Small Business,2024,7,Jul
506063,2025-08-25,20244,14,2,0.0,323.49,304.1,608.2,East,Corporate,2025,8,Aug
506064,2025-04-01,20794,19,1,0.05,495.95,476.87,453.03,Central,Consumer,2025,4,Apr
506065,2024-12-16,22413,30,3,0.0,300.75,309.36,928.08,North,Consumer,2024,12,Dec
506066,2025-06-17,22443,12,2,0.0,119.8,117.01,234.02,South,Consumer,2025,6,Jun
506067,2025-08-30,22803,15,3,0.1,203.7,203.94,550.64,West,Corporate,2025,8,Aug
506068,2025-12-11,22223,25,1,0.0,408.11,378.37,378.37,South,Consumer,2025,12,Dec
506069,2025-06-23,22598,7,2,0.15,208.23,215.67,366.64,West,Small Business,2025,6,Jun
506070,2024-03-07,21840,2,2,0.0,177.67,180.25,360.5,Central,Corporate,2024,3,Mar
506071,2025-03-12,20153,19,3,0.2,495.95,518.3,1243.92,East,Consumer,2025,3,Mar
506072,2025-03-30,23609,27,2,0.05,282.82,260.82,495.56,West,Consumer,2025,3,Mar
506073,2024-02-22,21445,19,2,0.05,495.95,510.32,969.61,Central,Consumer,2024,2,Feb
506074,2024-09-22,20047,22,3,0.0,356.25,368.13,1104.39,North,Consumer,2024,9,Sep
506075,2024-03-05,22519,6,1,0.0,183.47,179.63,179.63,South,Consumer,2024,3,Mar
506076,2024-10-14,23211,11,1,0.1,526.43,545.53,490.98,Central,Consumer,2024,10,Oct
506077,2024-11-19,21253,10,3,0.0,452.53,482.87,1448.61,North,Small Business,2024,11,Nov
506078,2024-11-07,21632,19,1,0.05,495.95,477.54,453.66,South,Consumer,2024,11,Nov
506079,2025-07-10,23830,8,1,0.1,289.09,281.6,253.44,Central,Small Business,2025,7,Jul
506080,2024-09-02,23298,13,4,0.0,509.47,474.15,1896.6,North,Consumer,2024,9,Sep
506081,2024-09-28,23041,5,1,0.0,310.91,324.97,324.97,South,Consumer,2024,9,Sep
506082,2025-01-21,21809,4,4,0.0,453.41,469.58,1878.32,Central,Consumer,2025,1,Jan
506083,2024-04-12,20531,10,2,0.05,452.53,426.82,810.96,West,Consumer,2024,4,Apr
506084,2024-06-27,20727,29,2,0.15,538.73,565.71,961.71,West,Corporate,2024,6,Jun
506085,2025-04-06,23347,3,3,0.0,379.36,396.64,1189.92,Central,Consumer,2025,4,Apr
506086,2025-09-13,22260,11,1,0.1,526.43,531.4,478.26,Central,Corporate,2025,9,Sep
506087,2025-04-28,21700,17,2,0.0,364.39,389.32,778.64,Central,Consumer,2025,4,Apr
506088,2025-09-02,23894,26,2,0.05,173.18,171.25,325.38,South,Consumer,2025,9,Sep
506089,2024-05-18,20716,2,1,0.0,177.67,175.58,175.58,West,Small Business,2024,5,May
506090,2024-03-09,20432,24,2,0.15,471.09,469.64,798.39,West,Small Business,2024,3,Mar
506091,2025-08-18,21292,22,2,0.0,356.25,356.55,713.1,West,Consumer,2025,8,Aug
506092,2024-02-25,23540,23,3,0.05,430.62,412.86,1176.65,South,Consumer,2024,2,Feb
506093,2025-10-11,23478,19,2,0.15,495.95,519.37,882.93,South,Consumer,2025,10,Oct
506094,2024-11-01,22492,2,2,0.15,177.67,171.65,291.8,Central,Consumer,2024,11,Nov
506095,2024-01-20,20582,1,1,0.05,118.77,109.67,104.19,Central,Consumer,2024,1,Jan
506096,2025-05-03,23289,26,3,0.0,173.18,177.3,531.9,Central,Consumer,2025,5,May
506097,2025-12-30,23453,26,4,0.2,173.18,184.16,589.31,South,Consumer,2025,12,Dec
506098,2025-03-15,23300,15,4,0.15,203.7,216.09,734.71,Central,Consumer,2025,3,Mar
506099,2025-08-12,23189,12,4,0.0,119.8,111.7,446.8,Central,Corporate,2025,8,Aug
506100,2024-05-31,20492,27,2,0.05,282.82,296.49,563.33,Central,Consumer,2024,5,May
506101,2025-11-08,23756,25,4,0.0,408.11,395.17,1580.68,South,Consumer,2025,11,Nov
506102,2025-02-06,21590,12,1,0.0,119.8,113.49,113.49,West,Consumer,2025,2,Feb
506103,2025-07-09,23202,6,2,0.05,183.47,192.8,366.32,West,Consumer,2025,7,Jul
506104,2024-01-15,22292,20,4,0.05,187.69,176.36,670.17,South,Small Business,2024,1,Jan
506105,2024-09-14,21443,27,3,0.0,282.82,282.04,846.12,South,Consumer,2024,9,Sep
506106,2024-04-30,23271,10,3,0.05,452.53,420.44,1198.25,West,Consumer,2024,4,Apr
506107,2025-11-05,21233,5,4,0.0,310.91,315.18,1260.72,North,Consumer,2025,11,Nov
506108,2024-07-23,21201,22,1,0.1,356.25,333.36,300.02,East,Small Business,2024,7,Jul
506109,2025-02-07,20795,2,4,0.1,177.67,164.62,592.63,East,Consumer,2025,2,Feb
506110,2025-06-18,23856,30,4,0.05,300.75,314.3,1194.34,South,Consumer,2025,6,Jun
506111,2024-07-08,20584,12,3,0.0,119.8,126.24,378.72,South,Small Business,2024,7,Jul
506112,2025-07-03,20171,10,1,0.1,452.53,461.83,415.65,South,Consumer,2025,7,Jul
506113,2025-04-25,20219,30,4,0.0,300.75,295.13,1180.52,North,Consumer,2025,4,Apr
506114,2024-03-30,22288,10,3,0.2,452.53,485.96,1166.3,North,Small Business,2024,3,Mar
506115,2024-07-03,20437,6,3,0.1,183.47,184.15,497.21,East,Consumer,2024,7,Jul
506116,2024-05-03,22597,23,2,0.05,430.62,423.69,805.01,West,Consumer,2024,5,May
506117,2024-06-04,21291,18,1,0.05,376.89,395.26,375.5,Central,Consumer,2024,6,Jun
506118,2024-05-23,22303,15,4,0.05,203.7,208.75,793.25,North,Consumer,2024,5,May
506119,2025-03-20,23852,1,4,0.05,118.77,126.52,480.78,Central,Consumer,2025,3,Mar
506120,2025-02-21,20239,9,3,0.0,308.58,325.25,975.75,East,Small Business,2025,2,Feb
506121,2024-12-23,22108,21,2,0.0,301.42,315.27,630.54,West,Corporate,2024,12,Dec
506122,2024-03-03,21817,30,2,0.0,300.75,309.15,618.3,Central,Small Business,2024,3,Mar
506123,2025-06-15,20064,2,2,0.0,177.67,187.77,375.54,North,Consumer,2025,6,Jun
506124,2025-07-29,20770,2,2,0.0,177.67,187.29,374.58,West,Consumer,2025,7,Jul
506125,2025-07-15,22396,2,2,0.15,177.67,176.76,300.49,North,Consumer,2025,7,Jul
506126,2025-05-09,22177,27,2,0.0,282.82,281.2,562.4,Central,Consumer,2025,5,May
506127,2025-03-06,22693,17,1,0.15,364.39,373.87,317.79,East,Consumer,2025,3,Mar
506128,2025-06-04,21464,2,4,0.05,177.67,171.38,651.24,West,Small Business,2025,6,Jun
506129,2024-10-01,20204,20,2,0.1,187.69,200.11,360.2,South,Consumer,2024,10,Oct
506130,2024-08-03,23305,20,2,0.15,187.69,192.0,326.4,West,Small Business,2024,8,Aug
506131,2025-02-21,20821,5,4,0.0,310.91,292.4,1169.6,East,Consumer,2025,2,Feb
506132,2025-02-06,20256,11,3,0.0,526.43,559.06,1677.18,Central,Small Business,2025,2,Feb
506133,2024-04-21,20850,10,2,0.15,452.53,439.26,746.74,West,Consumer,2024,4,Apr
506134,2024-08-11,21708,21,1,0.0,301.42,316.4,316.4,Central,Consumer,2024,8,Aug
506135,2024-04-29,21002,15,2,0.0,203.7,193.61,387.22,Central,Consumer,2024,4,Apr
506136,2024-11-11,23436,20,1,0.05,187.69,199.59,189.61,South,Consumer,2024,11,Nov
506137,2025-07-21,22333,18,3,0.0,376.89,350.14,1050.42,South,Consumer,2025,7,Jul
506138,2024-03-06,22622,9,1,0.0,308.58,294.73,294.73,Central,Small Business,2024,3,Mar
506139,2025-03-25,20234,1,1,0.05,118.77,115.92,110.12,North,Consumer,2025,3,Mar
506140,2024-05-23,20705,11,1,0.15,526.43,561.4,477.19,East,Consumer,2024,5,May
506141,2025-02-19,22253,15,3,0.0,203.7,210.2,630.6,North,Consumer,2025,2,Feb
506142,2024-03-01,23233,23,2,0.15,430.62,408.51,694.47,North,Small Business,2024,3,Mar
506143,2024-05-17,23610,25,4,0.05,408.11,439.73,1670.97,Central,Consumer,2024,5,May
506144,2025-03-28,21343,1,2,0.1,118.77,114.48,206.06,West,Consumer,2025,3,Mar
506145,2025-12-01,23578,28,1,0.15,297.74,302.26,256.92,West,Consumer,2025,12,Dec
506146,2025-08-10,22088,12,3,0.05,119.8,111.31,317.23,South,Small Business,2025,8,Aug
506147,2025-12-27,22845,25,3,0.15,408.11,430.29,1097.24,North,Consumer,2025,12,Dec
506148,2025-12-16,22347,6,3,0.0,183.47,193.79,581.37,South,Consumer,2025,12,Dec
506149,2025-02-13,23924,27,2,0.15,282.82,282.13,479.62,Central,Small Business,2025,2,Feb
506150,2025-05-16,20473,15,2,0.15,203.7,202.14,343.64,East,Consumer,2025,5,May
506151,2024-11-10,22228,20,3,0.05,187.69,196.96,561.34,West,Consumer,2024,11,Nov
506152,2025-09-19,22646,7,2,0.05,208.23,196.52,373.39,Central,Consumer,2025,9,Sep
506153,2024-05-19,22111,28,2,0.1,297.74,310.61,559.1,Central,Small Business,2024,5,May
506154,2024-09-09,22737,21,2,0.2,301.42,319.47,511.15,Central,Consumer,2024,9,Sep
506155,2025-11-17,20013,9,2,0.0,308.58,314.96,629.92,East,Consumer,2025,11,Nov
506156,2025-08-09,22538,24,2,0.05,471.09,452.76,860.24,East,Consumer,2025,8,Aug
506157,2024-02-28,22403,6,1,0.0,183.47,177.14,177.14,Central,Consumer,2024,2,Feb
506158,2024-06-14,22707,9,3,0.0,308.58,307.58,922.74,East,Small Business,2024,6,Jun
506159,2025-08-16,22409,6,3,0.0,183.47,192.37,577.11,North,Corporate,2025,8,Aug
506160,2025-02-09,20962,17,3,0.1,364.39,345.63,933.2,Central,Small Business,2025,2,Feb
506161,2025-07-25,23404,23,3,0.0,430.62,397.46,1192.38,East,Consumer,2025,7,Jul
506162,2024-10-02,20922,15,3,0.1,203.7,219.15,591.71,West,Consumer,2024,10,Oct
506163,2025-07-29,23068,20,3,0.15,187.69,184.95,471.62,Central,Small Business,2025,7,Jul
506164,2025-05-17,20995,8,2,0.0,289.09,299.63,599.26,West,Small Business,2025,5,May
506165,2025-02-11,22796,24,1,0.0,471.09,478.61,478.61,West,Small Business,2025,2,Feb
506166,2025-03-04,21055,23,3,0.15,430.62,448.7,1144.18,Central,Consumer,2025,3,Mar
506167,2024-02-06,23360,28,1,0.2,297.74,277.93,222.34,South,Consumer,2024,2,Feb
506168,2025-07-22,21450,9,4,0.1,308.58,322.07,1159.45,East,Small Business,2025,7,Jul
506169,2025-03-22,21652,8,4,0.0,289.09,306.57,1226.28,North,Consumer,2025,3,Mar
506170,2024-06-18,21001,18,3,0.05,376.89,350.53,999.01,South,Small Business,2024,6,Jun
506171,2024-03-16,21301,3,3,0.15,379.36,378.58,965.38,East,Consumer,2024,3,Mar
506172,2025-10-14,23869,26,1,0.05,173.18,182.79,173.65,South,Consumer,2025,10,Oct
506173,2024-11-20,23720,13,2,0.0,509.47,518.56,1037.12,Central,Consumer,2024,11,Nov
506174,2024-08-17,20335,20,3,0.0,187.69,179.24,537.72,Central,Small Business,2024,8,Aug
506175,2025-09-30,22479,8,1,0.0,289.09,274.94,274.94,North,Consumer,2025,9,Sep
506176,2024-02-19,23395,12,4,0.1,119.8,115.48,415.73,West,Small Business,2024,2,Feb
506177,2025-10-02,22334,16,4,0.0,113.27,114.81,459.24,Central,Consumer,2025,10,Oct
506178,2024-10-15,21428,16,3,0.0,113.27,117.58,352.74,Central,Consumer,2024,10,Oct
506179,2025-07-30,23194,21,4,0.1,301.42,305.79,1100.84,North,Corporate,2025,7,Jul
506180,2024-01-25,22431,27,1,0.1,282.82,283.36,255.02,North,Consumer,2024,1,Jan
506181,2025-07-07,20773,24,3,0.0,471.09,461.6,1384.8,East,Corporate,2025,7,Jul
506182,2025-04-25,21268,20,4,0.05,187.69,175.05,665.19,Central,Small Business,2025,4,Apr
506183,2025-10-09,20275,2,1,0.0,177.67,188.19,188.19,East,Small Business,2025,10,Oct
506184,2024-05-17,23609,17,2,0.1,364.39,344.87,620.77,West,Consumer,2024,5,May
506185,2024-03-17,20748,4,2,0.0,453.41,456.17,912.34,North,Consumer,2024,3,Mar
506186,2025-06-24,20265,13,2,0.0,509.47,542.62,1085.24,South,Consumer,2025,6,Jun
506187,2025-05-03,23705,29,2,0.05,538.73,504.85,959.22,South,Consumer,2025,5,May
506188,2025-10-26,21058,23,4,0.0,430.62,423.96,1695.84,South,Consumer,2025,10,Oct
506189,2025-07-25,22563,7,1,0.1,208.23,195.5,175.95,North,Consumer,2025,7,Jul
506190,2025-03-07,23845,6,1,0.1,183.47,190.09,171.08,East,Consumer,2025,3,Mar
506191,2025-08-25,20485,9,2,0.0,308.58,315.88,631.76,Central,Corporate,2025,8,Aug
506192,2025-04-30,21432,22,2,0.05,356.25,349.92,664.85,Central,Consumer,2025,4,Apr
506193,2024-04-19,20839,10,4,0.0,452.53,473.42,1893.68,East,Small Business,2024,4,Apr
506194,2024-11-08,21006,17,4,0.05,364.39,391.89,1489.18,North,Consumer,2024,11,Nov
506195,2024-06-11,23576,16,2,0.0,113.27,117.06,234.12,South,Consumer,2024,6,Jun
506196,2024-03-05,21188,3,4,0.15,379.36,408.1,1387.54,Central,Small Business,2024,3,Mar
506197,2024-04-28,20929,20,3,0.05,187.69,185.85,529.67,West,Consumer,2024,4,Apr
506198,2024-11-10,20460,26,1,0.2,173.18,168.87,135.1,East,Consumer,2024,11,Nov
506199,2025-02-18,23021,14,1,0.0,323.49,307.9,307.9,Central,Consumer,2025,2,Feb
506200,2024-10-26,21359,18,4,0.0,376.89,390.39,1561.56,South,Consumer,2024,10,Oct
506201,2025-12-15,20268,22,1,0.0,356.25,382.43,382.43,Central,Corporate,2025,12,Dec
506202,2024-10-09,21274,19,1,0.2,495.95,485.31,388.25,North,Small Business,2024,10,Oct
506203,2024-12-19,23490,10,3,0.1,452.53,441.64,1192.43,East,Consumer,2024,12,Dec
506204,2025-04-01,21116,18,3,0.0,376.89,351.78,1055.34,West,Consumer,2025,4,Apr
506205,2024-06-15,23251,17,2,0.15,364.39,384.76,654.09,South,Consumer,2024,6,Jun
506206,2025-01-09,20326,28,3,0.05,297.74,287.23,818.61,South,Small Business,2025,1,Jan
506207,2024-06-13,21341,28,1,0.0,297.74,275.99,275.99,South,Consumer,2024,6,Jun
506208,2025-10-26,22378,17,2,0.0,364.39,360.27,720.54,South,Consumer,2025,10,Oct
506209,2024-11-28,20028,28,2,0.1,297.74,296.63,533.93,Central,Consumer,2024,11,Nov
506210,2025-07-07,22747,23,4,0.05,430.62,450.96,1713.65,Central,Corporate,2025,7,Jul
506211,2024-11-24,23990,13,1,0.0,509.47,527.69,527.69,South,Consumer,2024,11,Nov
506212,2025-06-05,22811,17,3,0.0,364.39,383.82,1151.46,Central,Consumer,2025,6,Jun
506213,2024-04-02,23258,19,1,0.0,495.95,514.63,514.63,East,Consumer,2024,4,Apr
506214,2025-10-23,20646,25,1,0.1,408.11,378.79,340.91,Central,Consumer,2025,10,Oct
506215,2024-08-11,21990,6,2,0.0,183.47,192.18,384.36,Central,Small Business,2024,8,Aug
506216,2024-12-16,22589,24,1,0.0,471.09,484.36,484.36,Central,Small Business,2024,12,Dec
506217,2025-07-08,21792,29,3,0.1,538.73,549.37,1483.3,South,Consumer,2025,7,Jul
506218,2025-11-02,23557,30,3,0.2,300.75,306.98,736.75,Central,Consumer,2025,11,Nov
506219,2025-01-23,23099,1,4,0.0,118.77,118.43,473.72,South,Small Business,2025,1,Jan
506220,2024-10-30,23913,18,2,0.1,376.89,393.57,708.43,South,Small Business,2024,10,Oct
506221,2024-12-11,22920,15,3,0.05,203.7,196.7,560.59,West,Corporate,2024,12,Dec
506222,2024-07-29,23577,11,3,0.05,526.43,509.62,1452.42,South,Small Business,2024,7,Jul
506223,2024-10-11,23129,18,4,0.0,376.89,349.09,1396.36,East,Consumer,2024,10,Oct
506224,2025-08-01,20549,28,3,0.2,297.74,316.45,759.48,West,Consumer,2025,8,Aug
506225,2025-05-26,23501,1,1,0.0,118.77,114.0,114.0,West,Corporate,2025,5,May
506226,2025-08-08,23816,20,2,0.2,187.69,202.63,324.21,Central,Small Business,2025,8,Aug
506227,2024-08-13,22593,8,1,0.1,289.09,302.91,272.62,South,Consumer,2024,8,Aug
506228,2024-10-27,21297,19,2,0.15,495.95,521.44,886.45,South,Corporate,2024,10,Oct
506229,2024-03-08,21682,23,2,0.0,430.62,405.29,810.58,South,Small Business,2024,3,Mar
506230,2025-04-08,20120,23,2,0.05,430.62,438.21,832.6,East,Consumer,2025,4,Apr
506231,2025-05-30,20034,4,1,0.1,453.41,424.44,382.0,Central,Corporate,2025,5,May
506232,2025-09-25,21458,16,2,0.15,113.27,107.8,183.26,North,Corporate,2025,9,Sep
506233,2025-10-06,21274,22,1,0.0,356.25,384.15,384.15,North,Small Business,2025,10,Oct
506234,2024-01-21,21230,22,1,0.0,356.25,343.11,343.11,East,Consumer,2024,1,Jan
506235,2024-05-06,20897,12,4,0.0,119.8,123.78,495.12,West,Small Business,2024,5,May
506236,2025-07-12,22705,30,1,0.1,300.75,303.1,272.79,Central,Consumer,2025,7,Jul
506237,2024-12-04,21527,7,2,0.1,208.23,202.93,365.27,Central,Consumer,2024,12,Dec
506238,2024-09-11,23936,22,4,0.1,356.25,377.82,1360.15,Central,Consumer,2024,9,Sep
506239,2024-11-29,23590,7,1,0.0,208.23,219.63,219.63,Central,Consumer,2024,11,Nov
506240,2025-11-11,22908,23,4,0.0,430.62,452.49,1809.96,South,Consumer,2025,11,Nov
506241,2025-12-01,23332,11,4,0.1,526.43,565.39,2035.4,South,Consumer,2025,12,Dec
506242,2024-04-11,22712,22,3,0.0,356.25,351.37,1054.11,Central,Consumer,2024,4,Apr
506243,2025-04-18,20862,3,1,0.05,379.36,370.63,352.1,Central,Consumer,2025,4,Apr
506244,2025-04-15,20678,20,2,0.0,187.69,197.36,394.72,South,Corporate,2025,4,Apr
506245,2024-11-11,22014,18,3,0.05,376.89,374.76,1068.07,West,Consumer,2024,11,Nov
506246,2025-07-08,22879,20,3,0.1,187.69,200.93,542.51,Central,Corporate,2025,7,Jul
506247,2024-05-18,22141,29,2,0.15,538.73,497.02,844.93,North,Consumer,2024,5,May
506248,2024-04-15,21088,30,1,0.05,300.75,302.13,287.02,South,Corporate,2024,4,Apr
506249,2024-09-13,20283,16,3,0.1,113.27,105.73,285.47,West,Small Business,2024,9,Sep
506250,2025-10-01,21116,20,4,0.2,187.69,201.12,643.58,West,Consumer,2025,10,Oct
506251,2024-01-28,23572,4,4,0.0,453.41,446.66,1786.64,South,Small Business,2024,1,Jan
506252,2024-10-23,21733,2,2,0.1,177.67,188.33,338.99,Central,Corporate,2024,10,Oct
506253,2025-03-27,23637,12,3,0.05,119.8,119.15,339.58,South,Consumer,2025,3,Mar
506254,2024-01-23,23573,7,3,0.0,208.23,217.75,653.25,Central,Consumer,2024,1,Jan
506255,2024-07-17,20581,16,3,0.0,113.27,109.81,329.43,Central,Consumer,2024,7,Jul
506256,2025-04-25,20869,9,2,0.05,308.58,299.15,568.38,Central,Consumer,2025,4,Apr
506257,2025-07-18,22145,13,3,0.0,509.47,534.04,1602.12,Central,Corporate,2025,7,Jul
506258,2024-01-04,23570,21,1,0.0,301.42,279.1,279.1,North,Small Business,2024,1,Jan
506259,2025-05-10,21041,13,3,0.1,509.47,485.51,1310.88,Central,Consumer,2025,5,May
506260,2025-11-16,21986,5,3,0.0,310.91,293.35,880.05,East,Small Business,2025,11,Nov
506261,2024-12-29,21630,15,2,0.0,203.7,209.54,419.08,East,Corporate,2024,12,Dec
506262,2025-01-09,20276,27,1,0.05,282.82,280.23,266.22,East,Consumer,2025,1,Jan
506263,2025-08-02,22151,24,2,0.0,471.09,498.74,997.48,North,Small Business,2025,8,Aug
506264,2025-10-03,22695,6,3,0.0,183.47,180.73,542.19,Central,Consumer,2025,10,Oct
506265,2024-08-03,22564,25,4,0.1,408.11,429.55,1546.38,Central,Consumer,2024,8,Aug
506266,2025-05-03,22686,26,4,0.0,173.18,167.18,668.72,North,Consumer,2025,5,May
506267,2025-06-15,23211,20,3,0.05,187.69,187.2,533.52,Central,Consumer,2025,6,Jun
506268,2025-11-16,23864,28,2,0.05,297.74,296.8,563.92,South,Small Business,2025,11,Nov
506269,2024-11-03,23829,18,3,0.05,376.89,389.88,1111.16,West,Consumer,2024,11,Nov
506270,2025-01-31,21280,30,4,0.1,300.75,311.53,1121.51,West,Consumer,2025,1,Jan
506271,2024-10-04,20542,4,2,0.0,453.41,442.78,885.56,West,Consumer,2024,10,Oct
506272,2024-08-25,20395,1,2,0.1,118.77,121.87,219.37,Central,Consumer,2024,8,Aug
506273,2024-09-02,23127,13,4,0.15,509.47,506.43,1721.86,West,Consumer,2024,9,Sep
506274,2024-02-28,21776,15,2,0.1,203.7,212.56,382.61,North,Consumer,2024,2,Feb
506275,2025-06-26,21975,18,2,0.0,376.89,404.19,808.38,West,Corporate,2025,6,Jun
506276,2024-07-04,21127,24,4,0.0,471.09,449.56,1798.24,West,Consumer,2024,7,Jul
506277,2025-03-03,21035,24,2,0.15,471.09,477.66,812.02,Central,Consumer,2025,3,Mar
506278,2025-10-23,22189,28,3,0.0,297.74,316.91,950.73,West,Consumer,2025,10,Oct
506279,2024-11-05,21001,9,2,0.05,308.58,316.84,602.0,South,Small Business,2024,11,Nov
506280,2025-12-19,22275,16,3,0.15,113.27,104.97,267.67,Central,Consumer,2025,12,Dec
506281,2024-02-14,23021,19,3,0.0,495.95,488.63,1465.89,Central,Consumer,2024,2,Feb
506282,2024-01-27,21372,8,1,0.0,289.09,280.68,280.68,South,Consumer,2024,1,Jan
506283,2024-09-03,22274,17,2,0.0,364.39,387.99,775.98,West,Consumer,2024,9,Sep
506284,2024-07-06,23813,11,1,0.2,526.43,530.01,424.01,North,Corporate,2024,7,Jul
506285,2025-07-18,23079,12,2,0.1,119.8,113.87,204.97,South,Corporate,2025,7,Jul
506286,2024-05-28,20695,13,3,0.15,509.47,508.81,1297.47,South,Consumer,2024,5,May
506287,2025-08-27,21278,15,3,0.05,203.7,208.56,594.4,East,Consumer,2025,8,Aug
506288,2025-01-11,20869,24,2,0.1,471.09,461.98,831.56,Central,Consumer,2025,1,Jan
506289,2024-06-22,22124,3,2,0.1,379.36,357.85,644.13,South,Small Business,2024,6,Jun
506290,2024-12-01,21541,29,1,0.0,538.73,531.01,531.01,East,Consumer,2024,12,Dec
506291,2025-04-14,21121,7,2,0.0,208.23,195.45,390.9,West,Consumer,2025,4,Apr
506292,2025-12-18,22158,14,1,0.0,323.49,343.01,343.01,Central,Small Business,2025,12,Dec
506293,2024-02-16,22244,23,4,0.0,430.62,436.73,1746.92,Central,Small Business,2024,2,Feb
506294,2024-09-15,22144,29,1,0.0,538.73,501.9,501.9,Central,Consumer,2024,9,Sep
506295,2024-11-27,21655,2,2,0.1,177.67,181.98,327.56,West,Consumer,2024,11,Nov
506296,2025-03-09,22824,21,3,0.05,301.42,298.67,851.21,West,Small Business,2025,3,Mar
506297,2025-10-05,20939,17,2,0.0,364.39,348.97,697.94,East,Consumer,2025,10,Oct
506298,2025-08-04,20348,14,4,0.15,323.49,307.85,1046.69,South,Small Business,2025,8,Aug
506299,2025-01-07,20241,13,3,0.05,509.47,468.81,1336.11,North,Corporate,2025,1,Jan
506300,2024-01-12,23776,4,3,0.15,453.41,442.03,1127.18,Central,Small Business,2024,1,Jan
506301,2024-06-26,21089,4,4,0.0,453.41,482.63,1930.52,North,Small Business,2024,6,Jun
506302,2025-07-31,20221,16,2,0.0,113.27,110.75,221.5,East,Small Business,2025,7,Jul
506303,2024-12-17,20531,23,4,0.15,430.62,446.16,1516.94,West,Consumer,2024,12,Dec
506304,2025-05-21,22549,12,3,0.0,119.8,110.77,332.31,East,Consumer,2025,5,May
506305,2025-05-23,21243,22,1,0.05,356.25,359.51,341.53,Central,Small Business,2025,5,May
506306,2025-10-26,22102,4,4,0.0,453.41,471.12,1884.48,West,Consumer,2025,10,Oct
506307,2024-07-22,23061,19,4,0.15,495.95,524.64,1783.78,West,Consumer,2024,7,Jul
506308,2025-12-05,20993,27,4,0.0,282.82,276.14,1104.56,South,Consumer,2025,12,Dec
506309,2025-06-10,20792,1,3,0.0,118.77,113.79,341.37,West,Consumer,2025,6,Jun
506310,2025-02-18,21511,4,2,0.05,453.41,444.56,844.66,Central,Consumer,2025,2,Feb
506311,2024-04-09,21723,21,3,0.2,301.42,284.95,683.88,Central,Corporate,2024,4,Apr
506312,2025-06-20,21964,29,3,0.0,538.73,541.51,1624.53,East,Small Business,2025,6,Jun
506313,2025-11-26,23475,20,1,0.0,187.69,175.41,175.41,Central,Consumer,2025,11,Nov
506314,2025-12-22,20217,1,1,0.1,118.77,119.47,107.52,West,Small Business,2025,12,Dec
506315,2024-07-05,23293,5,2,0.0,310.91,305.47,610.94,West,Consumer,2024,7,Jul
506316,2025-09-08,21444,6,4,0.0,183.47,195.27,781.08,Central,Consumer,2025,9,Sep
506317,2025-11-22,23475,4,4,0.1,453.41,472.57,1701.25,Central,Consumer,2025,11,Nov
506318,2025-03-01,21666,22,1,0.0,356.25,335.3,335.3,Central,Consumer,2025,3,Mar
506319,2024-02-20,20526,9,2,0.1,308.58,330.24,594.43,East,Consumer,2024,2,Feb
506320,2024-04-17,21969,29,2,0.0,538.73,565.79,1131.58,Central,Consumer,2024,4,Apr
506321,2025-05-23,23153,6,3,0.1,183.47,191.26,516.4,Central,Small Business,2025,5,May
506322,2024-09-28,21931,2,3,0.05,177.67,172.05,490.34,Central,Consumer,2024,9,Sep
506323,2025-01-12,20198,25,2,0.05,408.11,417.92,794.05,Central,Consumer,2025,1,Jan
506324,2025-10-02,23897,8,3,0.1,289.09,291.87,788.05,Central,Consumer,2025,10,Oct
506325,2025-03-18,23000,23,1,0.05,430.62,399.75,379.76,South,Small Business,2025,3,Mar
506326,2024-03-01,23531,18,3,0.0,376.89,393.17,1179.51,South,Corporate,2024,3,Mar
506327,2024-11-03,23697,23,4,0.05,430.62,464.14,1763.73,Central,Consumer,2024,11,Nov
506328,2025-10-10,22806,29,4,0.0,538.73,520.78,2083.12,Central,Small Business,2025,10,Oct
506329,2025-08-30,21936,4,3,0.1,453.41,454.56,1227.31,West,Consumer,2025,8,Aug
506330,2025-04-06,23907,13,1,0.15,509.47,532.55,452.67,East,Consumer,2025,4,Apr
506331,2024-12-15,20037,4,1,0.0,453.41,482.86,482.86,West,Small Business,2024,12,Dec
506332,2025-08-14,21315,18,4,0.05,376.89,346.97,1318.49,North,Consumer,2025,8,Aug
506333,2025-01-26,21497,28,3,0.0,297.74,302.8,908.4,South,Consumer,2025,1,Jan
506334,2024-10-20,21213,11,1,0.0,526.43,542.62,542.62,East,Consumer,2024,10,Oct
506335,2024-04-24,20612,16,2,0.0,113.27,114.62,229.24,Central,Corporate,2024,4,Apr
506336,2024-08-12,21858,4,1,0.0,453.41,443.25,443.25,West,Consumer,2024,8,Aug
506337,2025-08-07,20911,4,3,0.15,453.41,455.12,1160.56,West,Consumer,2025,8,Aug
506338,2025-12-09,22725,1,4,0.05,118.77,116.06,441.03,East,Small Business,2025,12,Dec
506339,2025-03-12,23255,12,1,0.2,119.8,127.98,102.38,North,Corporate,2025,3,Mar
506340,2025-03-07,22825,21,4,0.0,301.42,315.47,1261.88,South,Consumer,2025,3,Mar
506341,2025-04-25,22459,1,3,0.1,118.77,120.78,326.11,North,Consumer,2025,4,Apr
506342,2025-05-16,22610,27,1,0.0,282.82,277.14,277.14,Central,Consumer,2025,5,May
506343,2025-03-23,21397,19,2,0.0,495.95,474.02,948.04,Central,Corporate,2025,3,Mar
506344,2025-11-08,20770,5,2,0.05,310.91,299.77,569.56,West,Consumer,2025,11,Nov
506345,2025-10-02,21208,15,4,0.05,203.7,200.68,762.58,South,Consumer,2025,10,Oct
506346,2024-12-13,20872,18,1,0.05,376.89,372.26,353.65,Central,Corporate,2024,12,Dec
506347,2024-07-26,22229,27,3,0.15,282.82,272.58,695.08,East,Small Business,2024,7,Jul
506348,2024-03-01,21253,23,3,0.05,430.62,414.99,1182.72,North,Small Business,2024,3,Mar
506349,2025-03-10,21919,26,3,0.15,173.18,174.42,444.77,Central,Small Business,2025,3,Mar
506350,2024-06-30,21739,9,4,0.0,308.58,321.73,1286.92,Central,Consumer,2024,6,Jun
506351,2024-05-23,22573,2,3,0.15,177.67,171.49,437.3,West,Small Business,2024,5,May
506352,2025-03-31,21456,12,3,0.0,119.8,126.2,378.6,Central,Small Business,2025,3,Mar
506353,2025-06-29,22613,27,2,0.05,282.82,287.57,546.38,East,Consumer,2025,6,Jun
506354,2025-07-11,22668,28,3,0.1,297.74,294.39,794.85,West,Consumer,2025,7,Jul
506355,2024-10-06,22070,14,4,0.15,323.49,335.49,1140.67,South,Small Business,2024,10,Oct
506356,2025-01-04,22671,11,4,0.0,526.43,502.42,2009.68,East,Consumer,2025,1,Jan
506357,2024-12-02,21058,18,2,0.0,376.89,383.23,766.46,South,Consumer,2024,12,Dec
506358,2025-04-13,21275,9,3,0.15,308.58,318.32,811.72,West,Consumer,2025,4,Apr
506359,2024-09-28,22811,4,2,0.0,453.41,487.58,975.16,Central,Consumer,2024,9,Sep
506360,2025-05-13,22981,3,3,0.1,379.36,379.66,1025.08,Central,Consumer,2025,5,May
506361,2024-05-29,22038,30,3,0.0,300.75,305.6,916.8,South,Small Business,2024,5,May
506362,2024-01-31,21471,19,2,0.0,495.95,508.81,1017.62,Central,Consumer,2024,1,Jan
506363,2024-11-24,20183,24,4,0.1,471.09,442.25,1592.1,Central,Small Business,2024,11,Nov
506364,2024-12-13,20139,15,3,0.0,203.7,217.41,652.23,East,Consumer,2024,12,Dec
506365,2025-02-12,23019,10,4,0.0,452.53,467.02,1868.08,West,Consumer,2025,2,Feb
506366,2025-10-03,22614,29,3,0.0,538.73,532.54,1597.62,North,Consumer,2025,10,Oct
506367,2024-08-17,21689,30,3,0.05,300.75,280.74,800.11,West,Small Business,2024,8,Aug
506368,2024-02-13,23155,18,3,0.0,376.89,375.07,1125.21,South,Consumer,2024,2,Feb
506369,2024-07-24,22255,28,1,0.0,297.74,306.82,306.82,South,Corporate,2024,7,Jul
506370,2025-05-08,22713,8,2,0.15,289.09,281.31,478.23,South,Corporate,2025,5,May
506371,2025-12-05,21794,4,3,0.0,453.41,460.94,1382.82,East,Consumer,2025,12,Dec
506372,2025-02-07,20753,2,1,0.0,177.67,170.12,170.12,West,Consumer,2025,2,Feb
506373,2024-07-19,23045,11,3,0.05,526.43,494.36,1408.93,Central,Small Business,2024,7,Jul
506374,2025-06-09,21723,27,1,0.0,282.82,300.59,300.59,Central,Corporate,2025,6,Jun
506375,2024-07-29,23054,3,3,0.1,379.36,361.6,976.32,East,Corporate,2024,7,Jul
506376,2025-10-13,23200,23,4,0.1,430.62,439.7,1582.92,West,Corporate,2025,10,Oct
506377,2024-04-14,21654,6,1,0.2,183.47,187.81,150.25,West,Small Business,2024,4,Apr
506378,2025-10-11,20294,18,1,0.1,376.89,397.68,357.91,East,Small Business,2025,10,Oct
506379,2025-03-11,23913,26,4,0.1,173.18,169.88,611.57,South,Small Business,2025,3,Mar
506380,2025-08-24,23776,14,3,0.0,323.49,311.72,935.16,Central,Small Business,2025,8,Aug
506381,2025-04-09,23634,18,4,0.0,376.89,352.22,1408.88,South,Consumer,2025,4,Apr
506382,2024-11-12,20161,2,3,0.05,177.67,185.93,529.9,Central,Small Business,2024,11,Nov
506383,2025-05-14,21608,29,1,0.1,538.73,575.01,517.51,Central,Corporate,2025,5,May
506384,2024-05-10,20749,18,1,0.0,376.89,370.81,370.81,East,Consumer,2024,5,May
506385,2024-08-18,22640,17,3,0.15,364.39,352.22,898.16,North,Consumer,2024,8,Aug
506386,2025-06-09,22453,4,1,0.05,453.41,436.27,414.46,East,Corporate,2025,6,Jun
506387,2024-01-19,23193,4,4,0.0,453.41,483.22,1932.88,Central,Consumer,2024,1,Jan
506388,2025-07-04,21894,23,1,0.1,430.62,423.27,380.94,Central,Consumer,2025,7,Jul
506389,2024-03-16,22489,30,1,0.0,300.75,311.9,311.9,Central,Small Business,2024,3,Mar
506390,2024-04-18,22402,27,3,0.0,282.82,288.29,864.87,South,Corporate,2024,4,Apr
506391,2024-03-18,23454,13,2,0.0,509.47,508.57,1017.14,Central,Consumer,2024,3,Mar
506392,2025-06-25,21813,28,1,0.05,297.74,287.35,272.98,Central,Small Business,2025,6,Jun
506393,2024-01-12,20217,21,4,0.1,301.42,312.41,1124.68,West,Small Business,2024,1,Jan
506394,2025-06-25,23334,2,2,0.0,177.67,175.89,351.78,West,Consumer,2025,6,Jun
506395,2025-08-28,20910,17,3,0.0,364.39,343.09,1029.27,East,Consumer,2025,8,Aug
506396,2025-01-31,23861,13,2,0.05,509.47,505.19,959.86,Central,Consumer,2025,1,Jan
506397,2024-03-17,23849,21,4,0.05,301.42,320.56,1218.13,Central,Corporate,2024,3,Mar
506398,2025-09-17,23083,19,1,0.05,495.95,495.27,470.51,North,Consumer,2025,9,Sep
506399,2024-06-16,21349,12,3,0.05,119.8,126.35,360.1,Central,Consumer,2024,6,Jun
506400,2025-10-21,22380,14,1,0.0,323.49,319.85,319.85,South,Small Business,2025,10,Oct
506401,2025-03-27,23749,4,1,0.15,453.41,418.89,356.06,Central,Small Business,2025,3,Mar
506402,2024-05-10,21518,20,1,0.15,187.69,187.06,159.0,North,Corporate,2024,5,May
506403,2024-03-07,20945,16,3,0.05,113.27,104.69,298.37,West,Consumer,2024,3,Mar
506404,2024-05-08,22531,16,4,0.0,113.27,108.1,432.4,East,Corporate,2024,5,May
506405,2025-02-24,23713,28,2,0.0,297.74,282.71,565.42,East,Small Business,2025,2,Feb
506406,2024-03-08,23176,4,4,0.05,453.41,434.39,1650.68,Central,Small Business,2024,3,Mar
506407,2024-11-26,21477,9,1,0.1,308.58,295.61,266.05,East,Consumer,2024,11,Nov
506408,2025-11-03,23151,5,3,0.05,310.91,328.85,937.22,Central,Consumer,2025,11,Nov
506409,2025-12-17,23532,14,1,0.15,323.49,317.25,269.66,Central,Small Business,2025,12,Dec
506410,2024-04-30,20033,20,1,0.0,187.69,196.43,196.43,East,Consumer,2024,4,Apr
506411,2025-04-01,22870,13,1,0.0,509.47,473.09,473.09,East,Consumer,2025,4,Apr
506412,2025-01-26,22799,25,3,0.05,408.11,382.07,1088.9,South,Consumer,2025,1,Jan
506413,2024-12-12,22106,2,3,0.0,177.67,168.34,505.02,Central,Consumer,2024,12,Dec
506414,2024-03-08,20811,1,4,0.05,118.77,115.07,437.27,North,Corporate,2024,3,Mar
506415,2024-10-05,23299,30,2,0.1,300.75,277.97,500.35,Central,Small Business,2024,10,Oct
506416,2025-03-08,22133,11,4,0.0,526.43,486.36,1945.44,West,Consumer,2025,3,Mar
506417,2025-04-24,23622,30,2,0.05,300.75,308.16,585.5,Central,Small Business,2025,4,Apr
506418,2024-11-05,22982,7,3,0.15,208.23,224.48,572.42,East,Consumer,2024,11,Nov
506419,2025-11-04,21171,16,4,0.0,113.27,114.96,459.84,North,Consumer,2025,11,Nov
506420,2024-06-19,23832,29,1,0.1,538.73,545.61,491.05,North,Consumer,2024,6,Jun
506421,2025-01-31,21472,3,4,0.05,379.36,351.79,1336.8,North,Small Business,2025,1,Jan
506422,2025-05-12,20145,10,2,0.0,452.53,467.48,934.96,South,Consumer,2025,5,May
506423,2024-05-31,20204,19,1,0.0,495.95,513.43,513.43,South,Consumer,2024,5,May
506424,2024-12-09,21311,14,4,0.0,323.49,318.98,1275.92,West,Consumer,2024,12,Dec
506425,2024-03-17,20926,12,1,0.1,119.8,125.2,112.68,South,Consumer,2024,3,Mar
506426,2024-12-23,20247,22,4,0.05,356.25,357.45,1358.31,North,Corporate,2024,12,Dec
506427,2025-04-23,23399,10,2,0.0,452.53,418.77,837.54,East,Consumer,2025,4,Apr
506428,2025-12-08,23084,4,3,0.05,453.41,417.54,1189.99,West,Consumer,2025,12,Dec
506429,2024-01-22,20142,16,4,0.05,113.27,105.58,401.2,Central,Corporate,2024,1,Jan
506430,2024-08-18,20689,9,2,0.05,308.58,289.96,550.92,West,Consumer,2024,8,Aug
506431,2024-08-11,23374,3,2,0.05,379.36,396.88,754.07,Central,Consumer,2024,8,Aug
506432,2025-12-26,20498,27,1,0.0,282.82,302.84,302.84,West,Consumer,2025,12,Dec
506433,2025-09-25,20300,3,1,0.05,379.36,353.21,335.55,North,Small Business,2025,9,Sep
506434,2025-09-05,20387,20,2,0.0,187.69,193.14,386.28,Central,Small Business,2025,9,Sep
506435,2025-09-18,23187,14,1,0.0,323.49,328.05,328.05,East,Consumer,2025,9,Sep
506436,2024-04-27,22841,15,1,0.05,203.7,190.63,181.1,South,Corporate,2024,4,Apr
506437,2024-05-25,22109,21,4,0.0,301.42,296.1,1184.4,Central,Consumer,2024,5,May
506438,2024-09-14,20361,20,2,0.0,187.69,190.47,380.94,Central,Small Business,2024,9,Sep
506439,2025-05-08,22330,8,4,0.1,289.09,270.4,973.44,Central,Consumer,2025,5,May
506440,2024-08-17,21794,20,4,0.1,187.69,178.45,642.42,East,Consumer,2024,8,Aug
506441,2025-08-13,21062,7,3,0.15,208.23,203.61,519.21,South,Corporate,2025,8,Aug
506442,2025-06-18,20641,8,1,0.1,289.09,266.64,239.98,Central,Consumer,2025,6,Jun
506443,2025-05-31,20150,28,4,0.0,297.74,305.12,1220.48,North,Consumer,2025,5,May
506444,2024-07-13,22526,29,2,0.0,538.73,520.34,1040.68,Central,Consumer,2024,7,Jul
506445,2025-01-17,22704,8,3,0.05,289.09,269.27,767.42,Central,Consumer,2025,1,Jan
506446,2024-07-23,20577,11,2,0.15,526.43,492.72,837.62,South,Small Business,2024,7,Jul
506447,2025-03-24,21114,15,3,0.0,203.7,194.75,584.25,Central,Corporate,2025,3,Mar
506448,2025-06-22,20933,13,4,0.1,509.47,499.16,1796.98,Central,Consumer,2025,6,Jun
506449,2024-11-23,23905,9,3,0.15,308.58,314.57,802.15,East,Small Business,2024,11,Nov
506450,2025-07-20,23429,4,1,0.05,453.41,480.93,456.88,Central,Corporate,2025,7,Jul
506451,2024-07-31,20393,26,1,0.0,173.18,185.53,185.53,East,Consumer,2024,7,Jul
506452,2025-06-21,20067,16,2,0.05,113.27,116.7,221.73,South,Consumer,2025,6,Jun
506453,2024-05-31,23692,8,1,0.0,289.09,293.69,293.69,North,Consumer,2024,5,May
506454,2024-12-28,20139,19,4,0.0,495.95,458.79,1835.16,East,Consumer,2024,12,Dec
506455,2025-09-29,20889,3,1,0.0,379.36,349.99,349.99,East,Small Business,2025,9,Sep
506456,2025-06-27,22936,16,4,0.0,113.27,106.82,427.28,South,Small Business,2025,6,Jun
506457,2024-12-18,20662,23,4,0.0,430.62,402.42,1609.68,Central,Small Business,2024,12,Dec
506458,2025-03-08,20848,23,3,0.05,430.62,428.18,1220.31,Central,Consumer,2025,3,Mar
506459,2025-04-14,22788,20,2,0.0,187.69,186.54,373.08,Central,Consumer,2025,4,Apr
506460,2025-09-18,20928,11,3,0.1,526.43,568.15,1534.0,Central,Small Business,2025,9,Sep
506461,2024-08-09,22536,30,2,0.15,300.75,321.16,545.97,South,Small Business,2024,8,Aug
506462,2025-05-31,20032,18,3,0.0,376.89,355.4,1066.2,North,Consumer,2025,5,May
506463,2025-11-16,23837,22,2,0.1,356.25,380.46,684.83,Central,Consumer,2025,11,Nov
506464,2025-03-24,22044,7,1,0.15,208.23,219.62,186.68,Central,Small Business,2025,3,Mar
506465,2025-06-06,22216,5,3,0.0,310.91,322.02,966.06,West,Consumer,2025,6,Jun
506466,2025-03-28,21585,29,1,0.0,538.73,537.22,537.22,Central,Consumer,2025,3,Mar
506467,2025-11-13,22118,26,2,0.05,173.18,185.23,351.94,East,Consumer,2025,11,Nov
506468,2024-08-02,23334,23,1,0.0,430.62,409.45,409.45,West,Consumer,2024,8,Aug
506469,2025-11-17,23916,7,1,0.2,208.23,193.63,154.9,West,Small Business,2025,11,Nov
506470,2025-03-08,20415,8,2,0.1,289.09,301.8,543.24,West,Consumer,2025,3,Mar
506471,2025-03-23,21923,15,2,0.0,203.7,203.16,406.32,Central,Consumer,2025,3,Mar
506472,2025-12-13,23993,3,3,0.05,379.36,377.46,1075.76,Central,Consumer,2025,12,Dec
506473,2024-02-16,23088,15,3,0.0,203.7,199.99,599.97,Central,Consumer,2024,2,Feb
506474,2025-11-22,20222,6,2,0.05,183.47,198.04,376.28,Central,Consumer,2025,11,Nov
506475,2025-11-21,23655,22,4,0.1,356.25,351.28,1264.61,North,Small Business,2025,11,Nov
506476,2024-03-29,20882,5,1,0.05,310.91,297.21,282.35,West,Small Business,2024,3,Mar
506477,2025-04-10,20606,2,2,0.0,177.67,175.93,351.86,East,Small Business,2025,4,Apr
506478,2024-10-14,20560,22,3,0.0,356.25,361.63,1084.89,Central,Small Business,2024,10,Oct
506479,2024-06-10,20921,19,4,0.0,495.95,459.85,1839.4,East,Consumer,2024,6,Jun
506480,2024-06-15,23107,1,2,0.0,118.77,116.38,232.76,West,Consumer,2024,6,Jun
506481,2024-01-01,21005,20,2,0.0,187.69,182.88,365.76,Central,Consumer,2024,1,Jan
506482,2025-07-18,21135,8,4,0.0,289.09,292.72,1170.88,South,Consumer,2025,7,Jul
506483,2024-07-23,22224,30,3,0.2,300.75,305.61,733.46,Central,Corporate,2024,7,Jul
506484,2025-02-13,20094,13,4,0.05,509.47,501.57,1905.97,Central,Consumer,2025,2,Feb
506485,2024-10-29,21376,6,2,0.0,183.47,191.97,383.94,East,Small Business,2024,10,Oct
506486,2025-10-10,22123,1,2,0.1,118.77,122.56,220.61,South,Consumer,2025,10,Oct
506487,2024-04-12,22602,4,4,0.0,453.41,485.79,1943.16,East,Consumer,2024,4,Apr
506488,2024-04-03,20955,8,2,0.05,289.09,298.42,567.0,West,Consumer,2024,4,Apr
506489,2025-06-15,20782,12,2,0.1,119.8,127.3,229.14,West,Small Business,2025,6,Jun
506490,2025-03-30,22479,24,2,0.05,471.09,457.24,868.76,North,Consumer,2025,3,Mar
506491,2025-02-20,21035,14,1,0.0,323.49,345.64,345.64,Central,Consumer,2025,2,Feb
506492,2024-12-20,21787,26,2,0.15,173.18,179.6,305.32,Central,Consumer,2024,12,Dec
506493,2025-01-26,23800,11,2,0.05,526.43,511.08,971.05,North,Small Business,2025,1,Jan
506494,2025-03-04,20343,14,3,0.15,323.49,328.17,836.83,Central,Consumer,2025,3,Mar
506495,2025-11-13,23589,28,4,0.0,297.74,318.44,1273.76,South,Consumer,2025,11,Nov
506496,2025-08-19,23601,22,3,0.05,356.25,370.3,1055.36,West,Consumer,2025,8,Aug
506497,2025-10-27,23926,30,4,0.05,300.75,308.72,1173.14,Central,Consumer,2025,10,Oct
506498,2025-09-09,20907,26,2,0.0,173.18,182.56,365.12,West,Consumer,2025,9,Sep
506499,2024-06-12,21775,3,2,0.05,379.36,364.27,692.11,Central,Corporate,2024,6,Jun
506500,2024-01-01,20032,3,1,0.1,379.36,409.46,368.51,North,Consumer,2024,1,Jan
506501,2025-02-05,21615,2,3,0.0,177.67,163.81,491.43,East,Consumer,2025,2,Feb
506502,2025-09-16,22330,25,1,0.05,408.11,436.52,414.69,Central,Consumer,2025,9,Sep
506503,2024-10-31,23190,22,2,0.1,356.25,356.19,641.14,Central,Corporate,2024,10,Oct
506504,2025-12-17,23311,26,3,0.2,173.18,185.93,446.23,North,Consumer,2025,12,Dec
506505,2024-07-05,20677,24,1,0.0,471.09,442.81,442.81,East,Small Business,2024,7,Jul
506506,2025-07-14,21972,22,2,0.15,356.25,378.59,643.6,Central,Consumer,2025,7,Jul
506507,2024-03-25,20084,3,1,0.05,379.36,387.73,368.34,South,Corporate,2024,3,Mar
506508,2024-05-23,23398,13,3,0.0,509.47,545.73,1637.19,West,Consumer,2024,5,May
506509,2025-10-26,23103,30,2,0.05,300.75,277.19,526.66,South,Consumer,2025,10,Oct
506510,2024-08-04,20295,16,2,0.0,113.27,115.16,230.32,South,Small Business,2024,8,Aug
506511,2025-11-23,23601,2,1,0.15,177.67,183.97,156.37,West,Consumer,2025,11,Nov
506512,2024-03-13,21142,5,3,0.1,310.91,321.06,866.86,South,Consumer,2024,3,Mar
506513,2025-10-21,23351,12,1,0.2,119.8,128.37,102.7,East,Small Business,2025,10,Oct
506514,2025-12-24,22568,23,2,0.0,430.62,408.6,817.2,Central,Consumer,2025,12,Dec
506515,2025-12-24,22617,25,2,0.0,408.11,409.14,818.28,South,Small Business,2025,12,Dec
506516,2024-10-29,23093,22,4,0.1,356.25,366.89,1320.8,Central,Small Business,2024,10,Oct
506517,2024-11-28,20961,20,4,0.15,187.69,185.98,632.33,West,Corporate,2024,11,Nov
506518,2025-10-21,20314,19,2,0.1,495.95,479.97,863.95,South,Consumer,2025,10,Oct
506519,2024-04-13,23077,17,4,0.0,364.39,363.29,1453.16,North,Corporate,2024,4,Apr
506520,2025-07-16,22448,25,3,0.0,408.11,413.95,1241.85,Central,Corporate,2025,7,Jul
506521,2024-03-08,22464,22,2,0.0,356.25,374.83,749.66,South,Consumer,2024,3,Mar
506522,2024-09-16,23079,3,3,0.0,379.36,368.72,1106.16,South,Corporate,2024,9,Sep
506523,2025-07-26,22979,29,1,0.0,538.73,534.63,534.63,South,Consumer,2025,7,Jul
506524,2024-07-08,20507,16,4,0.2,113.27,107.83,345.06,Central,Consumer,2024,7,Jul
506525,2024-03-04,20610,6,1,0.0,183.47,186.59,186.59,North,Corporate,2024,3,Mar
506526,2024-11-28,20591,10,3,0.0,452.53,458.0,1374.0,West,Consumer,2024,11,Nov
506527,2025-04-22,21449,25,2,0.1,408.11,413.59,744.46,South,Small Business,2025,4,Apr
506528,2024-09-01,22031,18,2,0.15,376.89,355.07,603.62,East,Corporate,2024,9,Sep
506529,2025-04-26,22748,27,1,0.0,282.82,285.36,285.36,West,Consumer,2025,4,Apr
506530,2025-02-10,21731,1,1,0.1,118.77,123.87,111.48,Central,Consumer,2025,2,Feb
506531,2025-05-21,20198,16,4,0.0,113.27,108.04,432.16,Central,Consumer,2025,5,May
506532,2024-01-22,21702,9,2,0.0,308.58,293.94,587.88,South,Consumer,2024,1,Jan
506533,2024-05-15,22133,23,1,0.0,430.62,446.91,446.91,West,Consumer,2024,5,May
506534,2025-03-31,23471,3,4,0.1,379.36,401.26,1444.54,Central,Small Business,2025,3,Mar
506535,2024-10-22,21065,3,4,0.15,379.36,396.79,1349.09,South,Consumer,2024,10,Oct
506536,2025-10-10,20263,14,4,0.05,323.49,316.01,1200.84,East,Consumer,2025,10,Oct
506537,2024-07-17,22169,27,3,0.1,282.82,279.64,755.03,East,Small Business,2024,7,Jul
506538,2024-06-13,22943,28,2,0.0,297.74,298.63,597.26,West,Consumer,2024,6,Jun
506539,2024-01-24,21951,11,3,0.0,526.43,519.69,1559.07,West,Small Business,2024,1,Jan
506540,2024-09-08,23272,2,2,0.15,177.67,163.98,278.77,West,Consumer,2024,9,Sep
506541,2024-02-19,21109,7,1,0.15,208.23,202.48,172.11,West,Consumer,2024,2,Feb
506542,2025-10-28,21538,28,1,0.05,297.74,312.17,296.56,West,Consumer,2025,10,Oct
506543,2025-01-01,23878,19,2,0.0,495.95,476.52,953.04,West,Consumer,2025,1,Jan
506544,2025-05-24,22771,21,2,0.0,301.42,315.2,630.4,North,Corporate,2025,5,May
506545,2025-03-19,23430,6,2,0.0,183.47,193.69,387.38,North,Small Business,2025,3,Mar
506546,2024-01-10,22348,27,3,0.15,282.82,291.66,743.73,East,Consumer,2024,1,Jan
506547,2025-02-23,21010,20,3,0.0,187.69,189.76,569.28,South,Small Business,2025,2,Feb
506548,2024-10-27,21060,24,4,0.2,471.09,475.94,1523.01,North,Consumer,2024,10,Oct
506549,2025-08-15,20893,12,2,0.15,119.8,117.27,199.36,North,Consumer,2025,8,Aug
506550,2024-03-29,22048,13,3,0.1,509.47,511.7,1381.59,East,Consumer,2024,3,Mar
506551,2024-11-15,21429,1,4,0.15,118.77,114.87,390.56,Central,Consumer,2024,11,Nov
506552,2024-06-21,20232,14,1,0.05,323.49,332.61,315.98,North,Consumer,2024,6,Jun
506553,2024-09-19,21422,23,3,0.1,430.62,431.27,1164.43,West,Consumer,2024,9,Sep
506554,2025-07-15,23239,1,2,0.0,118.77,122.52,245.04,Central,Consumer,2025,7,Jul
506555,2024-03-09,22272,27,3,0.0,282.82,295.61,886.83,Central,Consumer,2024,3,Mar
506556,2024-03-04,20224,16,4,0.05,113.27,115.43,438.63,East,Consumer,2024,3,Mar
506557,2025-07-27,21551,23,3,0.05,430.62,406.95,1159.81,South,Consumer,2025,7,Jul
506558,2024-08-30,21166,16,4,0.15,113.27,113.84,387.06,South,Consumer,2024,8,Aug
506559,2024-02-07,20206,21,1,0.0,301.42,312.17,312.17,West,Consumer,2024,2,Feb
506560,2024-04-26,21639,23,1,0.0,430.62,433.63,433.63,West,Corporate,2024,4,Apr
506561,2024-03-05,21585,18,4,0.1,376.89,347.12,1249.63,Central,Consumer,2024,3,Mar
506562,2025-07-15,21999,18,2,0.0,376.89,369.35,738.7,Central,Consumer,2025,7,Jul
506563,2025-08-01,22953,8,3,0.0,289.09,299.3,897.9,East,Consumer,2025,8,Aug
506564,2024-10-10,22132,9,2,0.1,308.58,288.84,519.91,Central,Consumer,2024,10,Oct
506565,2025-01-09,20996,24,1,0.0,471.09,477.45,477.45,North,Consumer,2025,1,Jan
506566,2024-12-18,22414,7,4,0.05,208.23,196.4,746.32,South,Consumer,2024,12,Dec
506567,2024-10-23,20771,19,2,0.0,495.95,512.42,1024.84,North,Small Business,2024,10,Oct
506568,2024-04-09,23667,24,3,0.05,471.09,475.51,1355.2,East,Consumer,2024,4,Apr
506569,2024-04-04,22414,18,4,0.15,376.89,403.93,1373.36,South,Consumer,2024,4,Apr
506570,2025-10-25,21911,16,1,0.0,113.27,104.37,104.37,North,Small Business,2025,10,Oct
506571,2024-06-18,21046,10,3,0.1,452.53,440.86,1190.32,Central,Small Business,2024,6,Jun
506572,2025-09-26,22610,4,3,0.2,453.41,444.69,1067.26,Central,Consumer,2025,9,Sep
506573,2025-07-05,20488,5,4,0.0,310.91,314.99,1259.96,Central,Consumer,2025,7,Jul
506574,2025-07-30,20357,24,3,0.0,471.09,504.93,1514.79,West,Consumer,2025,7,Jul
506575,2024-06-14,22450,5,2,0.1,310.91,324.22,583.6,West,Consumer,2024,6,Jun
506576,2025-08-30,23367,12,2,0.1,119.8,125.4,225.72,South,Corporate,2025,8,Aug
506577,2025-01-24,23505,28,3,0.15,297.74,284.9,726.49,Central,Small Business,2025,1,Jan
506578,2025-12-28,21352,9,4,0.15,308.58,293.45,997.73,Central,Consumer,2025,12,Dec
506579,2025-11-14,22431,11,3,0.2,526.43,518.66,1244.78,North,Consumer,2025,11,Nov
506580,2025-01-29,22364,4,4,0.0,453.41,439.17,1756.68,South,Consumer,2025,1,Jan
506581,2025-01-17,21283,15,2,0.2,203.7,211.96,339.14,South,Consumer,2025,1,Jan
506582,2025-09-26,23924,6,3,0.0,183.47,182.38,547.14,Central,Small Business,2025,9,Sep
506583,2025-02-14,20644,19,4,0.05,495.95,516.76,1963.69,North,Consumer,2025,2,Feb
506584,2025-10-02,23031,2,2,0.0,177.67,166.65,333.3,North,Small Business,2025,10,Oct
506585,2025-09-12,23528,12,1,0.0,119.8,127.31,127.31,West,Consumer,2025,9,Sep
506586,2024-12-16,21621,22,1,0.1,356.25,356.83,321.15,Central,Consumer,2024,12,Dec
506587,2025-12-21,22272,15,2,0.0,203.7,219.71,439.42,Central,Consumer,2025,12,Dec
506588,2024-05-09,21806,19,1,0.1,495.95,494.73,445.26,East,Corporate,2024,5,May
506589,2024-10-29,20224,10,4,0.0,452.53,433.5,1734.0,East,Consumer,2024,10,Oct
506590,2025-02-19,20583,29,4,0.15,538.73,509.91,1733.69,Central,Consumer,2025,2,Feb
506591,2025-08-30,21172,24,3,0.15,471.09,481.16,1226.96,Central,Corporate,2025,8,Aug
506592,2025-07-27,22526,5,4,0.15,310.91,325.68,1107.31,Central,Consumer,2025,7,Jul
506593,2024-03-04,23150,27,2,0.1,282.82,301.79,543.22,North,Consumer,2024,3,Mar
506594,2025-05-05,22212,10,1,0.0,452.53,428.63,428.63,Central,Consumer,2025,5,May
506595,2024-06-15,22713,11,3,0.05,526.43,500.33,1425.94,South,Corporate,2024,6,Jun
506596,2025-06-08,22372,20,1,0.0,187.69,186.14,186.14,West,Small Business,2025,6,Jun
506597,2025-09-04,22692,15,1,0.0,203.7,195.18,195.18,Central,Small Business,2025,9,Sep
506598,2024-05-17,21071,17,3,0.0,364.39,382.36,1147.08,North,Corporate,2024,5,May
506599,2024-09-14,20675,21,2,0.15,301.42,293.05,498.18,West,Small Business,2024,9,Sep
506600,2024-03-17,22842,17,3,0.1,364.39,359.54,970.76,Central,Small Business,2024,3,Mar
506601,2024-04-09,22329,5,1,0.05,310.91,286.51,272.18,Central,Consumer,2024,4,Apr
506602,2024-08-12,21195,3,2,0.0,379.36,351.98,703.96,South,Consumer,2024,8,Aug
506603,2024-05-14,20574,18,2,0.05,376.89,381.82,725.46,South,Consumer,2024,5,May
506604,2025-01-31,21789,1,2,0.2,118.77,125.57,200.91,Central,Consumer,2025,1,Jan
506605,2024-06-17,22184,25,4,0.0,408.11,404.73,1618.92,Central,Consumer,2024,6,Jun
506606,2024-06-05,20598,22,1,0.0,356.25,378.48,378.48,Central,Consumer,2024,6,Jun
506607,2025-11-23,23834,19,3,0.1,495.95,459.79,1241.43,Central,Consumer,2025,11,Nov
506608,2024-05-20,22861,22,1,0.05,356.25,378.62,359.69,South,Consumer,2024,5,May
506609,2025-05-02,22848,12,3,0.05,119.8,121.44,346.1,Central,Corporate,2025,5,May
506610,2025-12-21,20704,1,1,0.05,118.77,115.72,109.93,Central,Consumer,2025,12,Dec
506611,2025-11-14,23056,25,1,0.0,408.11,382.02,382.02,South,Consumer,2025,11,Nov
506612,2025-07-06,22350,25,2,0.0,408.11,390.92,781.84,Central,Consumer,2025,7,Jul
506613,2025-09-27,22692,19,4,0.05,495.95,521.95,1983.41,Central,Small Business,2025,9,Sep
506614,2024-09-20,23302,24,3,0.0,471.09,507.6,1522.8,Central,Corporate,2024,9,Sep
506615,2025-11-08,22080,3,2,0.0,379.36,353.34,706.68,East,Consumer,2025,11,Nov
506616,2024-03-30,22360,7,4,0.15,208.23,196.78,669.05,Central,Small Business,2024,3,Mar
506617,2024-10-15,20450,7,3,0.1,208.23,203.85,550.4,Central,Consumer,2024,10,Oct
506618,2024-04-20,22420,17,1,0.15,364.39,392.24,333.4,East,Small Business,2024,4,Apr
506619,2025-03-21,23585,21,2,0.05,301.42,283.65,538.93,West,Corporate,2025,3,Mar
506620,2024-10-17,23520,8,4,0.1,289.09,309.34,1113.62,Central,Corporate,2024,10,Oct
506621,2025-08-17,20682,14,1,0.05,323.49,313.28,297.62,West,Corporate,2025,8,Aug
506622,2024-06-03,23990,26,1,0.0,173.18,172.32,172.32,South,Consumer,2024,6,Jun
506623,2024-07-18,21648,12,2,0.0,119.8,115.89,231.78,Central,Corporate,2024,7,Jul
506624,2024-01-18,20781,6,3,0.0,183.47,189.63,568.89,South,Small Business,2024,1,Jan
506625,2024-05-28,22235,30,2,0.05,300.75,280.3,532.57,Central,Corporate,2024,5,May
506626,2025-08-13,21906,25,1,0.0,408.11,430.53,430.53,East,Small Business,2025,8,Aug
506627,2024-06-21,21718,29,4,0.0,538.73,538.27,2153.08,South,Consumer,2024,6,Jun
506628,2024-07-09,21451,20,1,0.05,187.69,176.26,167.45,South,Small Business,2024,7,Jul
506629,2024-03-26,23050,21,1,0.0,301.42,289.99,289.99,Central,Small Business,2024,3,Mar
506630,2025-09-21,20280,6,1,0.2,183.47,171.96,137.57,West,Corporate,2025,9,Sep
506631,2024-12-12,21853,21,1,0.1,301.42,304.58,274.12,East,Corporate,2024,12,Dec
506632,2025-11-18,21468,26,1,0.2,173.18,185.03,148.02,Central,Consumer,2025,11,Nov
506633,2024-05-05,22738,21,3,0.15,301.42,289.15,737.33,Central,Small Business,2024,5,May
506634,2024-12-19,22799,25,2,0.1,408.11,436.03,784.85,South,Consumer,2024,12,Dec
506635,2025-05-27,23770,2,3,0.0,177.67,170.66,511.98,South,Consumer,2025,5,May
506636,2024-07-03,23406,20,1,0.15,187.69,177.53,150.9,West,Corporate,2024,7,Jul
506637,2025-07-03,23652,4,4,0.05,453.41,479.61,1822.52,Central,Consumer,2025,7,Jul
506638,2025-04-13,23290,15,2,0.05,203.7,205.11,389.71,West,Consumer,2025,4,Apr
506639,2025-07-20,22630,3,2,0.1,379.36,370.25,666.45,Central,Small Business,2025,7,Jul
506640,2025-11-24,20081,19,2,0.05,495.95,511.6,972.04,Central,Consumer,2025,11,Nov
506641,2025-08-06,23428,16,2,0.05,113.27,112.51,213.77,South,Consumer,2025,8,Aug
506642,2025-07-04,21581,21,4,0.05,301.42,280.58,1066.2,Central,Corporate,2025,7,Jul
506643,2024-12-11,21456,20,2,0.1,187.69,192.61,346.7,Central,Small Business,2024,12,Dec
506644,2024-04-22,23795,4,4,0.05,453.41,466.38,1772.24,Central,Consumer,2024,4,Apr
506645,2024-07-02,22050,28,4,0.1,297.74,297.71,1071.76,Central,Consumer,2024,7,Jul
506646,2025-08-25,22214,13,1,0.1,509.47,514.23,462.81,East,Small Business,2025,8,Aug
506647,2024-03-21,21277,1,1,0.0,118.77,109.72,109.72,East,Corporate,2024,3,Mar
506648,2025-02-15,23921,29,3,0.1,538.73,519.19,1401.81,South,Consumer,2025,2,Feb
506649,2025-07-29,21496,26,1,0.2,173.18,164.71,131.77,Central,Corporate,2025,7,Jul
506650,2024-11-30,21377,24,2,0.0,471.09,494.8,989.6,East,Small Business,2024,11,Nov
506651,2025-03-17,23063,23,4,0.05,430.62,409.02,1554.28,West,Consumer,2025,3,Mar
506652,2024-05-13,21600,3,2,0.05,379.36,395.27,751.01,Central,Consumer,2024,5,May
506653,2025-08-23,23763,10,2,0.05,452.53,458.0,870.2,Central,Consumer,2025,8,Aug
506654,2025-01-29,21823,26,2,0.1,173.18,170.11,306.2,North,Consumer,2025,1,Jan
506655,2024-07-03,22724,3,3,0.0,379.36,394.18,1182.54,Central,Consumer,2024,7,Jul
506656,2025-06-24,23413,2,3,0.15,177.67,176.24,449.41,West,Small Business,2025,6,Jun
506657,2025-08-19,23871,3,3,0.05,379.36,393.54,1121.59,Central,Consumer,2025,8,Aug
506658,2024-10-03,21161,21,1,0.1,301.42,317.08,285.37,Central,Consumer,2024,10,Oct
506659,2025-06-06,21425,24,1,0.0,471.09,454.18,454.18,Central,Consumer,2025,6,Jun
506660,2025-11-27,21750,11,2,0.15,526.43,553.69,941.27,South,Small Business,2025,11,Nov
506661,2025-08-08,21928,28,3,0.05,297.74,297.13,846.82,North,Consumer,2025,8,Aug
506662,2024-05-03,23143,9,4,0.05,308.58,319.4,1213.72,West,Consumer,2024,5,May
506663,2024-09-26,23924,10,2,0.0,452.53,486.1,972.2,Central,Small Business,2024,9,Sep
506664,2024-01-16,21323,15,4,0.15,203.7,193.87,659.16,Central,Small Business,2024,1,Jan
506665,2025-08-24,20027,12,3,0.15,119.8,123.4,314.67,South,Small Business,2025,8,Aug
506666,2025-01-05,21632,3,1,0.1,379.36,407.6,366.84,South,Consumer,2025,1,Jan
506667,2024-05-10,20390,18,4,0.1,376.89,352.72,1269.79,Central,Consumer,2024,5,May
506668,2024-05-04,23523,30,2,0.05,300.75,296.11,562.61,South,Small Business,2024,5,May
506669,2024-01-11,23083,12,2,0.05,119.8,114.25,217.08,North,Consumer,2024,1,Jan
506670,2025-04-14,21410,29,2,0.1,538.73,554.95,998.91,Central,Consumer,2025,4,Apr
506671,2024-08-15,21738,26,4,0.0,173.18,160.32,641.28,West,Consumer,2024,8,Aug
506672,2024-11-12,22189,6,3,0.05,183.47,196.89,561.14,West,Consumer,2024,11,Nov
506673,2024-06-17,22937,30,2,0.1,300.75,286.01,514.82,West,Consumer,2024,6,Jun
506674,2024-10-27,20271,29,2,0.05,538.73,560.89,1065.69,South,Corporate,2024,10,Oct
506675,2024-10-19,21522,21,4,0.15,301.42,324.42,1103.03,North,Consumer,2024,10,Oct
506676,2024-11-28,23803,29,4,0.1,538.73,530.22,1908.79,East,Consumer,2024,11,Nov
506677,2024-10-17,21613,10,1,0.0,452.53,459.73,459.73,East,Consumer,2024,10,Oct
506678,2024-03-29,22648,4,3,0.05,453.41,479.2,1365.72,East,Small Business,2024,3,Mar
506679,2025-09-20,21022,5,4,0.05,310.91,297.08,1128.9,South,Consumer,2025,9,Sep
506680,2024-07-19,23852,1,4,0.0,118.77,122.18,488.72,Central,Consumer,2024,7,Jul
506681,2024-01-01,22524,26,2,0.1,173.18,184.47,332.05,East,Consumer,2024,1,Jan
506682,2024-11-23,23249,15,3,0.1,203.7,192.27,519.13,North,Consumer,2024,11,Nov
506683,2024-08-11,23984,15,3,0.1,203.7,206.46,557.44,Central,Consumer,2024,8,Aug
506684,2025-07-12,23054,11,4,0.05,526.43,560.67,2130.55,East,Corporate,2025,7,Jul
506685,2024-09-20,20773,16,3,0.1,113.27,122.25,330.08,East,Corporate,2024,9,Sep
506686,2025-10-08,20541,15,3,0.0,203.7,205.56,616.68,Central,Small Business,2025,10,Oct
506687,2024-08-05,21188,14,1,0.1,323.49,323.16,290.84,Central,Small Business,2024,8,Aug
506688,2024-07-17,21947,16,1,0.1,113.27,108.27,97.44,Central,Consumer,2024,7,Jul
506689,2024-03-06,21293,8,3,0.0,289.09,283.66,850.98,North,Small Business,2024,3,Mar
506690,2024-04-24,20062,23,3,0.1,430.62,447.26,1207.6,Central,Consumer,2024,4,Apr
506691,2024-08-10,20468,1,4,0.0,118.77,120.4,481.6,Central,Small Business,2024,8,Aug
506692,2024-09-24,22247,19,1,0.0,495.95,522.87,522.87,Central,Consumer,2024,9,Sep
506693,2024-07-08,20069,4,2,0.05,453.41,444.68,844.89,West,Consumer,2024,7,Jul
506694,2024-09-26,23828,16,1,0.05,113.27,116.04,110.24,North,Consumer,2024,9,Sep
506695,2024-02-16,21061,19,1,0.05,495.95,471.94,448.34,East,Consumer,2024,2,Feb
506696,2024-11-27,21546,16,4,0.1,113.27,105.73,380.63,Central,Small Business,2024,11,Nov
506697,2024-03-03,21168,30,4,0.1,300.75,282.79,1018.04,East,Consumer,2024,3,Mar
506698,2025-03-23,21392,29,4,0.0,538.73,563.44,2253.76,North,Small Business,2025,3,Mar
506699,2024-06-21,22576,29,3,0.0,538.73,580.74,1742.22,East,Consumer,2024,6,Jun
506700,2024-11-05,21144,9,1,0.05,308.58,332.86,316.22,Central,Consumer,2024,11,Nov
506701,2024-12-20,22020,30,4,0.15,300.75,316.67,1076.68,East,Consumer,2024,12,Dec
506702,2024-07-04,22302,6,2,0.0,183.47,195.24,390.48,East,Consumer,2024,7,Jul
506703,2024-05-01,23315,11,1,0.05,526.43,541.54,514.46,South,Consumer,2024,5,May
506704,2024-02-29,23619,10,4,0.0,452.53,449.02,1796.08,East,Consumer,2024,2,Feb
506705,2025-11-09,20927,7,4,0.0,208.23,220.13,880.52,West,Consumer,2025,11,Nov
506706,2025-08-10,22355,24,1,0.1,471.09,442.03,397.83,Central,Consumer,2025,8,Aug
506707,2024-01-31,20349,23,2,0.05,430.62,408.06,775.31,Central,Consumer,2024,1,Jan
506708,2025-06-24,23017,9,4,0.05,308.58,305.16,1159.61,Central,Consumer,2025,6,Jun
506709,2024-11-20,21651,21,1,0.0,301.42,310.12,310.12,Central,Small Business,2024,11,Nov
506710,2025-09-17,21473,20,4,0.0,187.69,194.89,779.56,West,Consumer,2025,9,Sep
506711,2024-10-04,23356,29,2,0.0,538.73,547.21,1094.42,East,Consumer,2024,10,Oct
506712,2024-05-18,21481,12,4,0.1,119.8,121.22,436.39,South,Consumer,2024,5,May
506713,2025-07-10,21144,6,2,0.0,183.47,181.44,362.88,Central,Consumer,2025,7,Jul
506714,2025-09-13,20949,12,4,0.0,119.8,118.86,475.44,West,Consumer,2025,9,Sep
506715,2024-01-20,22704,2,1,0.0,177.67,171.05,171.05,Central,Consumer,2024,1,Jan
506716,2025-10-22,20388,23,3,0.05,430.62,446.82,1273.44,South,Corporate,2025,10,Oct
506717,2024-09-23,23664,30,4,0.15,300.75,279.37,949.86,Central,Consumer,2024,9,Sep
506718,2025-09-09,23343,6,4,0.05,183.47,198.02,752.48,Central,Consumer,2025,9,Sep
506719,2025-03-16,20403,27,1,0.1,282.82,275.15,247.64,South,Consumer,2025,3,Mar
506720,2024-01-29,22908,19,1,0.0,495.95,494.14,494.14,South,Consumer,2024,1,Jan
506721,2025-11-24,20037,20,3,0.2,187.69,188.25,451.8,West,Small Business,2025,11,Nov
506722,2024-09-10,20526,18,1,0.0,376.89,363.46,363.46,East,Consumer,2024,9,Sep
506723,2024-04-07,22489,5,1,0.0,310.91,315.08,315.08,Central,Small Business,2024,4,Apr
506724,2025-12-08,22152,25,3,0.15,408.11,436.9,1114.09,West,Consumer,2025,12,Dec
506725,2024-09-11,23294,8,1,0.15,289.09,276.4,234.94,Central,Consumer,2024,9,Sep
506726,2025-01-28,22501,28,1,0.05,297.74,321.33,305.26,South,Consumer,2025,1,Jan
506727,2024-12-26,20237,26,1,0.0,173.18,172.92,172.92,Central,Consumer,2024,12,Dec
506728,2025-07-16,23460,5,3,0.0,310.91,286.21,858.63,East,Consumer,2025,7,Jul
506729,2024-08-05,21306,14,1,0.05,323.49,308.43,293.01,Central,Corporate,2024,8,Aug
506730,2024-08-13,20564,8,3,0.0,289.09,290.64,871.92,Central,Consumer,2024,8,Aug
506731,2025-11-19,21590,26,2,0.05,173.18,167.28,317.83,West,Consumer,2025,11,Nov
506732,2024-11-22,20453,5,3,0.05,310.91,317.59,905.13,West,Consumer,2024,11,Nov
506733,2024-05-05,21008,7,4,0.0,208.23,219.42,877.68,Central,Consumer,2024,5,May
506734,2024-10-07,21031,30,1,0.0,300.75,285.83,285.83,Central,Consumer,2024,10,Oct
506735,2024-10-25,23657,22,2,0.0,356.25,383.13,766.26,North,Small Business,2024,10,Oct
506736,2025-08-05,20956,19,4,0.1,495.95,479.82,1727.35,East,Small Business,2025,8,Aug
506737,2024-03-28,22249,3,2,0.05,379.36,402.07,763.93,South,Consumer,2024,3,Mar
506738,2024-04-19,20589,29,3,0.1,538.73,537.4,1450.98,Central,Consumer,2024,4,Apr
506739,2025-03-13,20496,6,3,0.0,183.47,175.41,526.23,Central,Consumer,2025,3,Mar
506740,2024-12-02,23510,29,2,0.0,538.73,515.22,1030.44,South,Consumer,2024,12,Dec
506741,2024-02-11,21558,17,4,0.15,364.39,341.97,1162.7,Central,Small Business,2024,2,Feb
506742,2025-10-10,23974,28,3,0.1,297.74,315.7,852.39,East,Consumer,2025,10,Oct
506743,2024-01-08,20902,14,3,0.15,323.49,312.42,796.67,South,Consumer,2024,1,Jan
506744,2025-09-23,22621,8,2,0.05,289.09,284.93,541.37,Central,Small Business,2025,9,Sep
506745,2025-03-30,20073,4,3,0.0,453.41,424.31,1272.93,South,Consumer,2025,3,Mar
506746,2025-08-18,23029,16,4,0.1,113.27,106.92,384.91,Central,Consumer,2025,8,Aug
506747,2025-09-30,23449,19,3,0.05,495.95,482.09,1373.96,Central,Consumer,2025,9,Sep
506748,2024-03-18,22099,8,2,0.0,289.09,295.26,590.52,East,Consumer,2024,3,Mar
506749,2025-03-15,22835,10,2,0.1,452.53,469.18,844.52,Central,Consumer,2025,3,Mar
506750,2025-02-28,22499,13,2,0.05,509.47,484.72,920.97,East,Consumer,2025,2,Feb
506751,2024-11-09,22001,4,3,0.0,453.41,481.54,1444.62,Central,Consumer,2024,11,Nov
506752,2024-08-23,23403,13,4,0.0,509.47,497.74,1990.96,North,Small Business,2024,8,Aug
506753,2025-04-12,23081,11,4,0.0,526.43,546.71,2186.84,West,Consumer,2025,4,Apr
506754,2025-12-10,23544,28,2,0.0,297.74,279.59,559.18,West,Consumer,2025,12,Dec
506755,2025-12-23,20977,9,4,0.0,308.58,310.49,1241.96,South,Consumer,2025,12,Dec
506756,2025-02-26,21305,21,4,0.15,301.42,319.52,1086.37,Central,Small Business,2025,2,Feb
506757,2024-12-16,20395,24,3,0.1,471.09,472.51,1275.78,Central,Consumer,2024,12,Dec
506758,2025-10-20,23190,23,2,0.0,430.62,427.76,855.52,Central,Corporate,2025,10,Oct
506759,2024-05-07,21588,14,3,0.2,323.49,324.39,778.54,Central,Consumer,2024,5,May
506760,2024-05-11,20065,23,3,0.1,430.62,418.09,1128.84,Central,Small Business,2024,5,May
506761,2024-06-30,23924,14,2,0.1,323.49,305.8,550.44,Central,Small Business,2024,6,Jun
506762,2025-08-27,20487,17,2,0.0,364.39,369.83,739.66,South,Consumer,2025,8,Aug
506763,2024-05-29,23780,16,4,0.0,113.27,115.43,461.72,South,Consumer,2024,5,May
506764,2024-10-30,21173,11,3,0.1,526.43,491.41,1326.81,West,Small Business,2024,10,Oct
506765,2024-04-29,22484,11,1,0.0,526.43,524.17,524.17,West,Consumer,2024,4,Apr
506766,2024-12-20,21973,26,4,0.05,173.18,162.97,619.29,South,Consumer,2024,12,Dec
506767,2024-11-09,21938,4,1,0.05,453.41,472.32,448.7,South,Consumer,2024,11,Nov
506768,2025-08-24,20930,11,1,0.15,526.43,538.56,457.78,Central,Corporate,2025,8,Aug
506769,2024-02-23,21756,15,2,0.1,203.7,216.22,389.2,West,Consumer,2024,2,Feb
506770,2024-05-25,23483,16,4,0.05,113.27,117.65,447.07,Central,Small Business,2024,5,May
506771,2025-06-20,21303,6,4,0.15,183.47,188.27,640.12,West,Consumer,2025,6,Jun
506772,2024-04-29,22168,5,4,0.15,310.91,317.23,1078.58,South,Consumer,2024,4,Apr
506773,2024-10-16,23607,20,3,0.15,187.69,187.94,479.25,South,Consumer,2024,10,Oct
506774,2024-02-07,21654,18,3,0.0,376.89,397.91,1193.73,West,Small Business,2024,2,Feb
506775,2025-04-01,23954,6,2,0.05,183.47,181.68,345.19,Central,Small Business,2025,4,Apr
506776,2025-01-29,23176,15,2,0.1,203.7,205.66,370.19,Central,Small Business,2025,1,Jan
506777,2025-01-16,22417,21,4,0.05,301.42,315.71,1199.7,West,Consumer,2025,1,Jan
506778,2025-05-25,22823,27,3,0.1,282.82,297.8,804.06,South,Consumer,2025,5,May
506779,2024-08-26,23053,1,1,0.05,118.77,118.38,112.46,West,Consumer,2024,8,Aug
506780,2025-11-09,23016,10,3,0.0,452.53,478.27,1434.81,West,Corporate,2025,11,Nov
506781,2025-11-30,21050,23,3,0.05,430.62,434.55,1238.47,North,Small Business,2025,11,Nov
506782,2025-07-15,21295,10,4,0.0,452.53,445.66,1782.64,East,Consumer,2025,7,Jul
506783,2025-10-25,23730,5,4,0.1,310.91,333.91,1202.08,Central,Consumer,2025,10,Oct
506784,2025-03-28,21255,4,2,0.0,453.41,467.84,935.68,East,Consumer,2025,3,Mar
506785,2025-11-05,22888,19,4,0.15,495.95,483.07,1642.44,North,Consumer,2025,11,Nov
506786,2025-01-06,21201,15,4,0.0,203.7,198.56,794.24,East,Small Business,2025,1,Jan
506787,2025-08-01,21412,8,4,0.05,289.09,308.85,1173.63,South,Consumer,2025,8,Aug
506788,2024-11-29,23162,23,2,0.15,430.62,419.03,712.35,South,Consumer,2024,11,Nov
506789,2025-06-19,22566,6,2,0.15,183.47,185.36,315.11,East,Consumer,2025,6,Jun
506790,2024-11-15,21528,20,2,0.05,187.69,180.91,343.73,West,Consumer,2024,11,Nov
506791,2024-09-03,22484,28,4,0.0,297.74,306.71,1226.84,West,Consumer,2024,9,Sep
506792,2025-08-12,20492,3,2,0.05,379.36,381.4,724.66,Central,Consumer,2025,8,Aug
506793,2024-04-18,21204,15,2,0.05,203.7,201.14,382.17,Central,Consumer,2024,4,Apr
506794,2024-09-17,22007,10,1,0.0,452.53,470.77,470.77,North,Small Business,2024,9,Sep
506795,2025-11-13,23360,24,3,0.0,471.09,449.28,1347.84,South,Consumer,2025,11,Nov
506796,2024-08-17,20843,10,1,0.15,452.53,478.18,406.45,East,Consumer,2024,8,Aug
506797,2025-02-15,21650,24,1,0.05,471.09,438.57,416.64,Central,Consumer,2025,2,Feb
506798,2025-10-14,22308,19,4,0.0,495.95,467.47,1869.88,East,Corporate,2025,10,Oct
506799,2025-11-01,21004,24,1,0.1,471.09,475.15,427.64,Central,Small Business,2025,11,Nov
506800,2025-09-29,22100,24,4,0.05,471.09,469.13,1782.69,West,Small Business,2025,9,Sep
506801,2024-05-23,22795,22,2,0.0,356.25,352.87,705.74,North,Small Business,2024,5,May
506802,2025-06-22,21086,30,4,0.05,300.75,323.97,1231.09,Central,Consumer,2025,6,Jun
506803,2025-07-10,20912,25,3,0.0,408.11,392.81,1178.43,West,Consumer,2025,7,Jul
506804,2025-04-23,23704,8,1,0.1,289.09,295.38,265.84,South,Consumer,2025,4,Apr
506805,2025-08-08,22843,4,2,0.05,453.41,459.27,872.61,Central,Small Business,2025,8,Aug
506806,2024-09-22,21762,6,2,0.0,183.47,175.72,351.44,Central,Consumer,2024,9,Sep
506807,2025-07-18,21292,13,2,0.0,509.47,514.76,1029.52,West,Consumer,2025,7,Jul
506808,2025-07-14,22129,13,1,0.1,509.47,549.54,494.59,East,Consumer,2025,7,Jul
506809,2025-09-11,23388,23,3,0.0,430.62,407.93,1223.79,Central,Consumer,2025,9,Sep
506810,2025-07-28,22857,21,3,0.0,301.42,285.95,857.85,West,Corporate,2025,7,Jul
506811,2025-02-25,22082,5,3,0.1,310.91,299.86,809.62,South,Consumer,2025,2,Feb
506812,2025-01-04,22551,22,1,0.2,356.25,358.54,286.83,Central,Consumer,2025,1,Jan
506813,2025-03-06,20573,19,1,0.0,495.95,493.74,493.74,South,Consumer,2025,3,Mar
506814,2024-10-10,20160,25,3,0.0,408.11,425.3,1275.9,West,Small Business,2024,10,Oct
506815,2025-12-15,22858,14,3,0.0,323.49,345.19,1035.57,Central,Consumer,2025,12,Dec
506816,2024-03-27,21972,10,2,0.0,452.53,467.41,934.82,Central,Consumer,2024,3,Mar
506817,2025-11-14,23604,9,3,0.0,308.58,311.48,934.44,Central,Consumer,2025,11,Nov
506818,2025-02-27,23610,26,3,0.0,173.18,162.6,487.8,Central,Consumer,2025,2,Feb
506819,2024-07-22,23895,8,2,0.0,289.09,275.69,551.38,South,Consumer,2024,7,Jul
506820,2025-01-15,23556,21,1,0.0,301.42,313.65,313.65,West,Consumer,2025,1,Jan
506821,2024-03-27,22403,14,1,0.05,323.49,328.95,312.5,Central,Consumer,2024,3,Mar
506822,2025-04-10,20517,1,4,0.0,118.77,109.55,438.2,West,Corporate,2025,4,Apr
506823,2025-12-16,22582,16,1,0.0,113.27,115.58,115.58,North,Small Business,2025,12,Dec
506824,2024-01-10,21191,30,1,0.0,300.75,297.32,297.32,South,Corporate,2024,1,Jan
506825,2024-12-29,23416,10,2,0.15,452.53,476.65,810.3,East,Consumer,2024,12,Dec
506826,2025-04-01,21101,8,1,0.0,289.09,284.26,284.26,North,Consumer,2025,4,Apr
506827,2025-03-14,23544,16,1,0.0,113.27,113.34,113.34,West,Consumer,2025,3,Mar
506828,2025-08-24,23664,3,1,0.0,379.36,386.73,386.73,Central,Consumer,2025,8,Aug
506829,2025-06-03,21902,12,3,0.15,119.8,122.17,311.53,Central,Consumer,2025,6,Jun
506830,2025-03-06,23874,14,1,0.05,323.49,346.81,329.47,East,Small Business,2025,3,Mar
506831,2025-11-20,21573,13,1,0.0,509.47,506.9,506.9,Central,Consumer,2025,11,Nov
506832,2024-11-26,21756,17,3,0.0,364.39,383.29,1149.87,West,Consumer,2024,11,Nov
506833,2024-06-18,23668,15,3,0.05,203.7,213.67,608.96,Central,Consumer,2024,6,Jun
506834,2025-12-28,22782,15,2,0.0,203.7,213.36,426.72,North,Consumer,2025,12,Dec
506835,2025-06-28,20734,10,1,0.15,452.53,419.6,356.66,Central,Small Business,2025,6,Jun
506836,2025-03-24,20668,24,2,0.0,471.09,467.89,935.78,Central,Consumer,2025,3,Mar
506837,2024-09-08,22071,11,1,0.0,526.43,546.75,546.75,North,Small Business,2024,9,Sep
506838,2025-08-06,22640,4,3,0.05,453.41,449.61,1281.39,North,Consumer,2025,8,Aug
506839,2024-03-04,22262,21,1,0.0,301.42,304.46,304.46,East,Small Business,2024,3,Mar
506840,2024-06-11,20192,25,3,0.05,408.11,437.01,1245.48,South,Small Business,2024,6,Jun
506841,2025-10-20,20638,1,2,0.1,118.77,121.85,219.33,Central,Corporate,2025,10,Oct
506842,2024-05-21,20314,15,3,0.1,203.7,216.08,583.42,South,Consumer,2024,5,May
506843,2024-01-21,23141,3,2,0.05,379.36,381.97,725.74,South,Consumer,2024,1,Jan
506844,2025-11-06,21575,3,2,0.0,379.36,354.76,709.52,Central,Consumer,2025,11,Nov
506845,2024-09-10,21501,24,4,0.05,471.09,484.72,1841.94,Central,Consumer,2024,9,Sep
506846,2025-11-08,23428,30,1,0.1,300.75,301.31,271.18,South,Consumer,2025,11,Nov
506847,2024-01-02,23886,1,3,0.0,118.77,122.09,366.27,South,Consumer,2024,1,Jan
506848,2024-04-03,20052,27,1,0.0,282.82,291.74,291.74,Central,Consumer,2024,4,Apr
506849,2025-01-29,23536,8,1,0.05,289.09,297.73,282.84,West,Consumer,2025,1,Jan
506850,2025-12-05,21323,10,2,0.0,452.53,473.41,946.82,Central,Small Business,2025,12,Dec
506851,2024-11-26,23067,14,1,0.0,323.49,344.84,344.84,East,Consumer,2024,11,Nov
506852,2025-06-16,22538,16,1,0.0,113.27,116.45,116.45,East,Consumer,2025,6,Jun
506853,2024-01-06,20559,5,4,0.05,310.91,310.19,1178.72,Central,Corporate,2024,1,Jan
506854,2024-08-06,21227,8,2,0.05,289.09,294.08,558.75,Central,Small Business,2024,8,Aug
506855,2025-01-09,21568,14,3,0.05,323.49,330.6,942.21,East,Small Business,2025,1,Jan
506856,2024-06-08,20029,16,4,0.0,113.27,108.81,435.24,Central,Consumer,2024,6,Jun
506857,2024-05-20,21521,13,1,0.0,509.47,513.74,513.74,North,Small Business,2024,5,May
506858,2025-04-21,22124,8,2,0.0,289.09,304.5,609.0,South,Small Business,2025,4,Apr
506859,2024-06-27,22420,8,1,0.0,289.09,273.75,273.75,East,Small Business,2024,6,Jun
506860,2024-03-12,20493,12,4,0.1,119.8,113.1,407.16,East,Consumer,2024,3,Mar
506861,2024-05-31,22852,12,1,0.0,119.8,124.74,124.74,Central,Consumer,2024,5,May
506862,2025-06-03,21262,9,3,0.0,308.58,331.86,995.58,Central,Consumer,2025,6,Jun
506863,2025-03-13,22065,7,1,0.0,208.23,210.83,210.83,Central,Consumer,2025,3,Mar
506864,2025-08-24,23597,14,1,0.1,323.49,313.44,282.1,North,Corporate,2025,8,Aug
506865,2024-01-31,21999,26,3,0.05,173.18,179.85,512.57,Central,Consumer,2024,1,Jan
506866,2025-01-07,22374,3,4,0.0,379.36,399.09,1596.36,Central,Consumer,2025,1,Jan
506867,2025-11-17,23605,4,4,0.0,453.41,426.68,1706.72,Central,Consumer,2025,11,Nov
506868,2025-08-26,22928,17,3,0.0,364.39,360.59,1081.77,Central,Consumer,2025,8,Aug
506869,2025-03-20,21510,24,1,0.05,471.09,491.38,466.81,East,Consumer,2025,3,Mar
506870,2025-05-08,20636,7,3,0.0,208.23,211.45,634.35,Central,Small Business,2025,5,May
506871,2024-03-01,21710,10,1,0.05,452.53,479.06,455.11,South,Small Business,2024,3,Mar
506872,2025-02-26,22993,6,1,0.1,183.47,175.13,157.62,South,Small Business,2025,2,Feb
506873,2024-03-13,21657,26,1,0.1,173.18,185.53,166.98,South,Corporate,2024,3,Mar
506874,2024-11-07,20677,11,1,0.0,526.43,533.69,533.69,East,Small Business,2024,11,Nov
506875,2024-08-20,20188,10,4,0.05,452.53,435.84,1656.19,East,Corporate,2024,8,Aug
506876,2025-04-21,23507,22,4,0.2,356.25,368.69,1179.81,Central,Small Business,2025,4,Apr
506877,2025-07-24,20931,4,4,0.05,453.41,471.62,1792.16,East,Small Business,2025,7,Jul
506878,2025-12-13,22760,11,3,0.05,526.43,515.57,1469.37,East,Small Business,2025,12,Dec
506879,2025-12-09,23350,11,3,0.05,526.43,526.39,1500.21,South,Small Business,2025,12,Dec
506880,2024-03-27,22683,23,3,0.0,430.62,438.13,1314.39,West,Consumer,2024,3,Mar
506881,2024-01-28,20171,6,3,0.0,183.47,196.66,589.98,South,Consumer,2024,1,Jan
506882,2024-05-03,20881,30,4,0.0,300.75,305.46,1221.84,South,Consumer,2024,5,May
506883,2025-08-11,20396,12,1,0.1,119.8,114.47,103.02,North,Small Business,2025,8,Aug
506884,2025-04-29,21727,29,3,0.05,538.73,581.11,1656.16,Central,Consumer,2025,4,Apr
506885,2025-03-19,23443,5,2,0.1,310.91,329.42,592.96,North,Consumer,2025,3,Mar
506886,2025-12-20,20159,7,3,0.0,208.23,202.07,606.21,North,Consumer,2025,12,Dec
506887,2024-12-11,21724,3,1,0.05,379.36,357.57,339.69,West,Small Business,2024,12,Dec
506888,2024-12-31,21384,28,4,0.1,297.74,314.22,1131.19,West,Consumer,2024,12,Dec
506889,2025-05-29,22332,20,1,0.2,187.69,176.84,141.47,Central,Consumer,2025,5,May
506890,2024-10-16,20092,26,1,0.0,173.18,169.3,169.3,West,Corporate,2024,10,Oct
506891,2024-05-08,22513,3,4,0.0,379.36,407.27,1629.08,West,Consumer,2024,5,May
506892,2025-12-03,20024,1,2,0.0,118.77,112.42,224.84,Central,Consumer,2025,12,Dec
506893,2025-12-11,21665,16,3,0.05,113.27,115.91,330.34,South,Consumer,2025,12,Dec
506894,2024-07-22,20724,30,1,0.1,300.75,293.91,264.52,West,Corporate,2024,7,Jul
506895,2024-04-05,21379,11,3,0.0,526.43,539.16,1617.48,Central,Consumer,2024,4,Apr
506896,2024-08-28,22708,29,1,0.15,538.73,531.58,451.84,North,Consumer,2024,8,Aug
506897,2024-10-10,23408,26,3,0.15,173.18,184.61,470.76,South,Consumer,2024,10,Oct
506898,2024-11-04,20934,23,4,0.0,430.62,456.66,1826.64,East,Consumer,2024,11,Nov
506899,2025-12-14,21505,28,2,0.0,297.74,284.32,568.64,East,Consumer,2025,12,Dec
506900,2025-01-14,23601,19,3,0.05,495.95,534.61,1523.64,West,Consumer,2025,1,Jan
506901,2025-08-06,23892,19,2,0.05,495.95,508.69,966.51,Central,Corporate,2025,8,Aug
506902,2024-02-09,22212,30,3,0.05,300.75,298.2,849.87,Central,Consumer,2024,2,Feb
506903,2024-04-29,22034,12,1,0.05,119.8,112.87,107.23,South,Consumer,2024,4,Apr
506904,2024-10-21,21796,6,1,0.1,183.47,187.26,168.53,North,Consumer,2024,10,Oct
506905,2024-03-03,23765,16,2,0.15,113.27,112.79,191.74,South,Consumer,2024,3,Mar
506906,2025-03-01,21695,24,2,0.0,471.09,497.98,995.96,Central,Consumer,2025,3,Mar
506907,2024-06-21,21560,6,2,0.05,183.47,186.4,354.16,North,Small Business,2024,6,Jun
506908,2024-03-31,21795,28,3,0.15,297.74,295.15,752.63,South,Corporate,2024,3,Mar
506909,2024-03-27,23431,27,1,0.1,282.82,299.65,269.68,East,Consumer,2024,3,Mar
506910,2024-12-03,20841,15,1,0.0,203.7,191.49,191.49,Central,Corporate,2024,12,Dec
506911,2024-08-26,20034,28,4,0.0,297.74,289.54,1158.16,Central,Corporate,2024,8,Aug
506912,2024-08-12,21674,9,1,0.05,308.58,306.58,291.25,North,Consumer,2024,8,Aug
506913,2024-08-13,21986,25,1,0.0,408.11,399.43,399.43,East,Small Business,2024,8,Aug
506914,2024-03-22,20056,14,1,0.0,323.49,322.18,322.18,Central,Small Business,2024,3,Mar
506915,2024-03-27,22212,26,4,0.0,173.18,171.06,684.24,Central,Consumer,2024,3,Mar
506916,2025-10-31,21662,30,4,0.15,300.75,296.7,1008.78,South,Small Business,2025,10,Oct
506917,2024-03-17,22545,4,4,0.0,453.41,465.97,1863.88,West,Consumer,2024,3,Mar
506918,2024-09-18,21528,23,3,0.1,430.62,434.28,1172.56,West,Consumer,2024,9,Sep
506919,2024-05-30,20089,11,4,0.1,526.43,500.56,1802.02,Central,Small Business,2024,5,May
506920,2024-12-26,20171,17,3,0.05,364.39,380.96,1085.74,South,Consumer,2024,12,Dec
506921,2025-06-27,22307,22,4,0.1,356.25,378.06,1361.02,Central,Consumer,2025,6,Jun
506922,2025-01-18,22434,4,1,0.05,453.41,422.75,401.61,South,Consumer,2025,1,Jan
506923,2025-07-17,20959,23,2,0.05,430.62,464.51,882.57,Central,Consumer,2025,7,Jul
506924,2024-05-01,23144,21,2,0.0,301.42,314.6,629.2,West,Small Business,2024,5,May
506925,2025-03-31,21756,16,3,0.0,113.27,112.2,336.6,West,Consumer,2025,3,Mar
506926,2025-02-18,20764,8,1,0.1,289.09,302.38,272.14,Central,Small Business,2025,2,Feb
506927,2024-01-13,21716,10,1,0.1,452.53,436.13,392.52,Central,Consumer,2024,1,Jan
506928,2024-06-28,21844,30,4,0.1,300.75,286.74,1032.26,Central,Consumer,2024,6,Jun
506929,2025-01-14,20423,27,2,0.1,282.82,263.44,474.19,West,Consumer,2025,1,Jan
506930,2025-03-18,23654,16,1,0.05,113.27,117.55,111.67,Central,Small Business,2025,3,Mar
506931,2024-05-29,21482,25,4,0.1,408.11,422.59,1521.32,Central,Small Business,2024,5,May
506932,2024-03-26,23599,19,2,0.05,495.95,466.21,885.8,East,Corporate,2024,3,Mar
506933,2024-04-14,21146,18,3,0.0,376.89,366.71,1100.13,West,Small Business,2024,4,Apr
506934,2025-08-01,21039,30,3,0.0,300.75,311.41,934.23,Central,Small Business,2025,8,Aug
506935,2024-03-10,20732,2,4,0.1,177.67,170.76,614.74,Central,Consumer,2024,3,Mar
506936,2025-09-23,20882,23,3,0.0,430.62,429.91,1289.73,West,Small Business,2025,9,Sep
506937,2024-04-22,22723,6,3,0.15,183.47,170.7,435.28,Central,Consumer,2024,4,Apr
506938,2025-12-17,20877,15,4,0.0,203.7,196.97,787.88,South,Small Business,2025,12,Dec
506939,2025-04-07,20283,17,1,0.05,364.39,346.87,329.53,West,Small Business,2025,4,Apr
506940,2025-10-16,22357,17,4,0.1,364.39,392.16,1411.78,West,Consumer,2025,10,Oct
506941,2024-11-26,22814,23,4,0.15,430.62,447.53,1521.6,South,Consumer,2024,11,Nov
506942,2025-04-30,23359,28,4,0.1,297.74,301.13,1084.07,East,Small Business,2025,4,Apr
506943,2024-09-10,22021,6,3,0.1,183.47,172.67,466.21,Central,Consumer,2024,9,Sep
506944,2024-04-15,20975,29,4,0.0,538.73,544.42,2177.68,Central,Corporate,2024,4,Apr
506945,2025-06-22,23615,12,4,0.0,119.8,123.54,494.16,South,Small Business,2025,6,Jun
506946,2024-03-04,22571,15,1,0.0,203.7,191.02,191.02,South,Small Business,2024,3,Mar
506947,2024-11-04,23873,15,3,0.0,203.7,208.09,624.27,West,Consumer,2024,11,Nov
506948,2024-02-27,22840,11,3,0.1,526.43,548.34,1480.52,Central,Small Business,2024,2,Feb
506949,2025-01-12,21472,13,4,0.2,509.47,512.47,1639.9,North,Small Business,2025,1,Jan
506950,2025-09-06,20537,24,1,0.0,471.09,471.1,471.1,West,Consumer,2025,9,Sep
506951,2024-05-10,22547,1,1,0.1,118.77,115.41,103.87,Central,Corporate,2024,5,May
506952,2025-07-13,20358,5,2,0.1,310.91,304.87,548.77,North,Consumer,2025,7,Jul
506953,2024-08-14,23310,16,1,0.0,113.27,118.41,118.41,Central,Consumer,2024,8,Aug
506954,2024-06-11,20355,12,4,0.1,119.8,115.45,415.62,North,Small Business,2024,6,Jun
506955,2025-10-20,21088,21,2,0.2,301.42,315.15,504.24,South,Corporate,2025,10,Oct
506956,2024-06-21,21803,1,3,0.0,118.77,114.71,344.13,South,Consumer,2024,6,Jun
506957,2025-02-26,23762,10,1,0.05,452.53,473.75,450.06,Central,Corporate,2025,2,Feb
506958,2024-03-11,21027,26,2,0.0,173.18,179.36,358.72,Central,Small Business,2024,3,Mar
506959,2024-04-19,21438,8,3,0.1,289.09,309.74,836.3,West,Consumer,2024,4,Apr
506960,2025-12-11,21427,2,4,0.1,177.67,173.14,623.3,South,Corporate,2025,12,Dec
506961,2024-11-09,20518,8,3,0.05,289.09,269.0,766.65,South,Consumer,2024,11,Nov
506962,2024-07-02,23902,17,2,0.0,364.39,352.21,704.42,West,Consumer,2024,7,Jul
506963,2025-10-01,21888,18,3,0.1,376.89,359.69,971.16,South,Small Business,2025,10,Oct
506964,2025-09-11,21296,30,1,0.0,300.75,287.45,287.45,East,Consumer,2025,9,Sep
506965,2024-06-29,22939,30,2,0.15,300.75,310.54,527.92,North,Consumer,2024,6,Jun
506966,2025-07-13,21316,10,3,0.0,452.53,417.48,1252.44,Central,Consumer,2025,7,Jul
506967,2024-07-18,23979,4,1,0.05,453.41,446.46,424.14,North,Consumer,2024,7,Jul
506968,2025-08-09,22961,25,2,0.05,408.11,386.94,735.19,Central,Consumer,2025,8,Aug
506969,2024-08-06,20455,27,4,0.1,282.82,303.46,1092.46,West,Consumer,2024,8,Aug
506970,2025-04-04,23766,5,2,0.0,310.91,286.73,573.46,Central,Small Business,2025,4,Apr
506971,2025-12-09,20878,27,1,0.0,282.82,300.45,300.45,Central,Consumer,2025,12,Dec
506972,2024-06-04,22581,4,2,0.05,453.41,465.69,884.81,Central,Consumer,2024,6,Jun
506973,2024-06-06,20197,20,4,0.1,187.69,193.47,696.49,Central,Corporate,2024,6,Jun
506974,2024-06-10,23078,7,4,0.0,208.23,194.07,776.28,West,Consumer,2024,6,Jun
506975,2024-12-19,23440,23,4,0.0,430.62,442.34,1769.36,East,Consumer,2024,12,Dec
506976,2025-11-13,20913,25,2,0.0,408.11,402.45,804.9,South,Consumer,2025,11,Nov
506977,2025-09-07,20952,25,3,0.1,408.11,415.49,1121.82,South,Corporate,2025,9,Sep
506978,2025-02-08,20750,19,3,0.0,495.95,474.93,1424.79,East,Corporate,2025,2,Feb
506979,2024-12-12,20527,16,3,0.15,113.27,108.82,277.49,Central,Corporate,2024,12,Dec
506980,2025-05-05,23991,25,1,0.0,408.11,388.2,388.2,South,Small Business,2025,5,May
506981,2025-09-04,22245,29,2,0.0,538.73,542.37,1084.74,East,Consumer,2025,9,Sep
506982,2025-01-22,23863,9,2,0.0,308.58,297.73,595.46,West,Corporate,2025,1,Jan
506983,2025-01-17,20340,6,1,0.1,183.47,173.23,155.91,West,Consumer,2025,1,Jan
506984,2024-09-07,21377,6,3,0.1,183.47,183.18,494.59,East,Small Business,2024,9,Sep
506985,2025-11-05,23042,20,1,0.1,187.69,200.73,180.66,Central,Corporate,2025,11,Nov
506986,2025-05-29,23217,17,2,0.0,364.39,387.02,774.04,West,Consumer,2025,5,May
506987,2025-04-03,22503,15,3,0.0,203.7,219.03,657.09,West,Consumer,2025,4,Apr
506988,2025-09-20,21129,2,1,0.0,177.67,180.93,180.93,Central,Consumer,2025,9,Sep
506989,2025-04-07,20762,8,1,0.0,289.09,287.29,287.29,East,Small Business,2025,4,Apr
506990,2024-06-19,20216,15,3,0.0,203.7,211.18,633.54,Central,Consumer,2024,6,Jun
506991,2025-05-22,23545,10,3,0.05,452.53,451.04,1285.46,North,Consumer,2025,5,May
506992,2024-04-28,22776,29,1,0.0,538.73,559.9,559.9,South,Small Business,2024,4,Apr
506993,2024-05-04,22544,15,1,0.15,203.7,199.3,169.4,Central,Corporate,2024,5,May
506994,2024-02-18,22154,20,1,0.05,187.69,200.07,190.07,South,Consumer,2024,2,Feb
506995,2024-04-08,22238,28,1,0.1,297.74,274.79,247.31,Central,Consumer,2024,4,Apr
506996,2025-10-22,20211,16,4,0.05,113.27,115.84,440.19,North,Corporate,2025,10,Oct
506997,2024-01-27,20967,3,4,0.05,379.36,383.24,1456.31,West,Small Business,2024,1,Jan
506998,2025-05-17,21694,6,2,0.1,183.47,197.85,356.13,East,Corporate,2025,5,May
506999,2025-10-14,21621,8,2,0.0,289.09,282.39,564.78,Central,Consumer,2025,10,Oct
507000,2025-06-03,22344,14,2,0.0,323.49,301.89,603.78,West,Consumer,2025,6,Jun
507001,2024-07-01,21494,1,1,0.15,118.77,110.8,94.18,Central,Consumer,2024,7,Jul
507002,2024-02-09,21579,17,3,0.0,364.39,377.51,1132.53,South,Consumer,2024,2,Feb
507003,2024-11-30,20792,23,2,0.15,430.62,398.24,677.01,West,Consumer,2024,11,Nov
507004,2024-10-18,20175,16,4,0.0,113.27,117.3,469.2,East,Consumer,2024,10,Oct
507005,2025-07-02,23262,24,3,0.05,471.09,479.07,1365.35,North,Small Business,2025,7,Jul
507006,2024-02-11,23747,17,2,0.1,364.39,352.86,635.15,North,Consumer,2024,2,Feb
507007,2025-07-27,23057,26,3,0.1,173.18,164.61,444.45,Central,Consumer,2025,7,Jul
507008,2025-05-18,23712,29,4,0.1,538.73,556.9,2004.84,West,Consumer,2025,5,May
507009,2024-08-22,22457,21,4,0.0,301.42,324.16,1296.64,Central,Small Business,2024,8,Aug
507010,2024-09-07,23548,6,3,0.15,183.47,195.74,499.14,East,Small Business,2024,9,Sep
507011,2025-05-19,21684,23,3,0.05,430.62,452.64,1290.02,Central,Consumer,2025,5,May
507012,2025-12-17,22790,12,1,0.0,119.8,111.98,111.98,Central,Consumer,2025,12,Dec
507013,2024-09-13,21235,27,2,0.15,282.82,276.35,469.8,South,Consumer,2024,9,Sep
507014,2025-06-10,23620,5,4,0.1,310.91,332.32,1196.35,Central,Consumer,2025,6,Jun
507015,2025-03-12,22973,18,2,0.05,376.89,395.72,751.87,South,Small Business,2025,3,Mar
507016,2024-04-14,23423,13,3,0.0,509.47,495.25,1485.75,Central,Consumer,2024,4,Apr
507017,2025-08-29,20085,18,4,0.1,376.89,377.3,1358.28,Central,Consumer,2025,8,Aug
507018,2024-05-13,22178,3,3,0.1,379.36,365.06,985.66,Central,Consumer,2024,5,May
507019,2024-03-06,22386,29,2,0.05,538.73,552.95,1050.6,South,Consumer,2024,3,Mar
507020,2024-03-30,22049,11,2,0.0,526.43,542.13,1084.26,North,Consumer,2024,3,Mar
507021,2024-10-12,21800,9,4,0.1,308.58,330.9,1191.24,South,Consumer,2024,10,Oct
507022,2024-07-01,22471,12,4,0.1,119.8,110.44,397.58,West,Consumer,2024,7,Jul
507023,2024-11-25,20892,10,1,0.0,452.53,435.2,435.2,North,Consumer,2024,11,Nov
507024,2025-12-10,21135,22,4,0.0,356.25,354.29,1417.16,South,Consumer,2025,12,Dec
507025,2024-02-24,23988,12,3,0.1,119.8,122.85,331.7,South,Consumer,2024,2,Feb
507026,2025-12-21,20476,28,1,0.15,297.74,312.26,265.42,East,Small Business,2025,12,Dec
507027,2024-08-19,23568,9,1,0.0,308.58,288.64,288.64,South,Corporate,2024,8,Aug
507028,2024-07-28,23717,16,2,0.05,113.27,113.7,216.03,Central,Consumer,2024,7,Jul
507029,2024-02-29,22001,25,4,0.0,408.11,428.0,1712.0,Central,Consumer,2024,2,Feb
507030,2024-06-27,21967,24,3,0.1,471.09,442.95,1195.96,West,Corporate,2024,6,Jun
507031,2025-12-15,23452,23,3,0.1,430.62,425.96,1150.09,South,Consumer,2025,12,Dec
507032,2024-07-06,20344,13,4,0.0,509.47,492.62,1970.48,Central,Corporate,2024,7,Jul
507033,2025-08-11,23126,30,1,0.1,300.75,289.77,260.79,Central,Consumer,2025,8,Aug
507034,2025-01-04,23783,9,2,0.0,308.58,297.68,595.36,North,Small Business,2025,1,Jan
507035,2024-01-25,21333,26,1,0.05,173.18,161.98,153.88,North,Consumer,2024,1,Jan
507036,2024-12-18,23234,5,2,0.15,310.91,292.07,496.52,South,Consumer,2024,12,Dec
507037,2024-03-04,21962,16,1,0.15,113.27,121.01,102.86,East,Corporate,2024,3,Mar
507038,2024-11-23,22586,12,1,0.05,119.8,125.17,118.91,Central,Small Business,2024,11,Nov
507039,2024-12-17,23953,22,4,0.1,356.25,337.41,1214.68,Central,Consumer,2024,12,Dec
507040,2024-02-28,23965,23,3,0.0,430.62,433.2,1299.6,South,Corporate,2024,2,Feb
507041,2025-03-16,21601,1,4,0.0,118.77,123.77,495.08,West,Small Business,2025,3,Mar
507042,2024-07-07,23285,19,4,0.0,495.95,480.53,1922.12,Central,Consumer,2024,7,Jul
507043,2025-08-05,21153,28,2,0.05,297.74,277.31,526.89,Central,Consumer,2025,8,Aug
507044,2024-11-28,20319,7,4,0.05,208.23,207.47,788.39,South,Consumer,2024,11,Nov
507045,2025-09-26,22840,24,1,0.0,471.09,499.07,499.07,Central,Small Business,2025,9,Sep
507046,2024-06-06,22882,23,3,0.05,430.62,415.99,1185.57,South,Consumer,2024,6,Jun
507047,2025-04-22,21734,1,1,0.0,118.77,119.98,119.98,North,Corporate,2025,4,Apr
507048,2025-04-01,20479,3,3,0.0,379.36,358.37,1075.11,North,Consumer,2025,4,Apr
507049,2024-01-03,20142,12,3,0.05,119.8,113.2,322.62,Central,Corporate,2024,1,Jan
507050,2024-04-22,23099,5,3,0.0,310.91,323.39,970.17,South,Small Business,2024,4,Apr
507051,2024-07-30,20492,10,2,0.0,452.53,433.99,867.98,Central,Consumer,2024,7,Jul
507052,2024-09-19,21080,6,4,0.1,183.47,178.77,643.57,Central,Corporate,2024,9,Sep
507053,2025-10-07,21112,25,3,0.05,408.11,434.34,1237.87,East,Consumer,2025,10,Oct
507054,2025-07-08,21396,21,3,0.0,301.42,308.43,925.29,Central,Consumer,2025,7,Jul
507055,2024-05-28,20620,6,2,0.0,183.47,183.11,366.22,West,Consumer,2024,5,May
507056,2025-03-08,23329,9,2,0.0,308.58,309.22,618.44,Central,Corporate,2025,3,Mar
507057,2024-02-04,21945,21,2,0.15,301.42,288.42,490.31,East,Small Business,2024,2,Feb
507058,2025-10-28,20526,27,2,0.0,282.82,281.4,562.8,East,Consumer,2025,10,Oct
507059,2025-05-18,22874,30,3,0.2,300.75,311.53,747.67,North,Small Business,2025,5,May
507060,2024-07-29,23775,3,3,0.1,379.36,383.59,1035.69,South,Consumer,2024,7,Jul
507061,2025-05-07,20703,19,4,0.2,495.95,512.77,1640.86,Central,Consumer,2025,5,May
507062,2024-01-08,20508,29,4,0.15,538.73,559.52,1902.37,Central,Consumer,2024,1,Jan
507063,2024-07-09,23910,27,2,0.1,282.82,274.38,493.88,Central,Consumer,2024,7,Jul
507064,2025-01-05,20102,1,3,0.0,118.77,121.63,364.89,West,Consumer,2025,1,Jan
507065,2025-04-05,22323,2,4,0.0,177.67,179.09,716.36,Central,Small Business,2025,4,Apr
507066,2024-06-10,20103,28,3,0.1,297.74,290.51,784.38,South,Consumer,2024,6,Jun
507067,2025-02-28,20346,8,1,0.0,289.09,282.83,282.83,South,Consumer,2025,2,Feb
507068,2024-03-31,23240,4,1,0.05,453.41,488.04,463.64,North,Small Business,2024,3,Mar
507069,2024-04-11,20686,5,3,0.0,310.91,326.98,980.94,South,Consumer,2024,4,Apr
507070,2024-01-14,21920,1,4,0.05,118.77,122.1,463.98,North,Consumer,2024,1,Jan
507071,2025-07-12,22459,13,4,0.1,509.47,523.73,1885.43,North,Consumer,2025,7,Jul
507072,2025-03-04,22033,9,1,0.1,308.58,330.85,297.77,South,Small Business,2025,3,Mar
507073,2024-06-09,22036,3,1,0.0,379.36,356.77,356.77,East,Corporate,2024,6,Jun
507074,2024-10-09,23339,11,2,0.1,526.43,501.95,903.51,Central,Small Business,2024,10,Oct
507075,2025-07-28,22192,10,3,0.05,452.53,476.07,1356.8,West,Corporate,2025,7,Jul
507076,2024-08-24,22053,23,2,0.0,430.62,451.17,902.34,Central,Consumer,2024,8,Aug
507077,2024-07-14,23206,6,2,0.0,183.47,194.81,389.62,West,Consumer,2024,7,Jul
507078,2024-10-05,23828,27,2,0.0,282.82,299.11,598.22,North,Consumer,2024,10,Oct
507079,2024-06-07,20452,4,3,0.0,453.41,427.88,1283.64,South,Corporate,2024,6,Jun
507080,2025-07-11,20016,12,1,0.1,119.8,113.34,102.01,South,Consumer,2025,7,Jul
507081,2025-10-02,20439,30,2,0.0,300.75,289.37,578.74,South,Small Business,2025,10,Oct
507082,2024-06-18,20651,8,1,0.05,289.09,280.82,266.78,Central,Small Business,2024,6,Jun
507083,2025-11-04,20205,25,1,0.0,408.11,385.56,385.56,Central,Consumer,2025,11,Nov
507084,2025-01-07,23153,9,4,0.1,308.58,303.19,1091.48,Central,Small Business,2025,1,Jan
507085,2025-04-24,21913,3,1,0.0,379.36,393.26,393.26,East,Consumer,2025,4,Apr
507086,2025-12-27,23662,27,2,0.05,282.82,288.97,549.04,Central,Corporate,2025,12,Dec
507087,2025-10-28,21278,24,2,0.1,471.09,493.82,888.88,East,Consumer,2025,10,Oct
507088,2024-02-06,22825,2,1,0.0,177.67,165.15,165.15,South,Consumer,2024,2,Feb
507089,2024-03-23,21877,16,1,0.0,113.27,104.36,104.36,Central,Consumer,2024,3,Mar
507090,2025-04-25,21193,14,2,0.2,323.49,345.04,552.06,South,Small Business,2025,4,Apr
507091,2025-03-28,23151,22,1,0.0,356.25,347.35,347.35,Central,Consumer,2025,3,Mar
507092,2025-05-14,23363,7,3,0.1,208.23,197.73,533.87,Central,Consumer,2025,5,May
507093,2024-05-03,20683,10,2,0.1,452.53,431.46,776.63,South,Small Business,2024,5,May
507094,2024-11-05,20881,11,4,0.0,526.43,519.41,2077.64,South,Consumer,2024,11,Nov
507095,2024-12-18,22963,25,3,0.15,408.11,420.43,1072.1,East,Corporate,2024,12,Dec
507096,2025-08-13,21755,8,3,0.0,289.09,284.69,854.07,Central,Consumer,2025,8,Aug
507097,2025-04-17,22151,9,2,0.05,308.58,315.75,599.92,North,Small Business,2025,4,Apr
507098,2025-05-05,23138,24,3,0.0,471.09,437.31,1311.93,South,Consumer,2025,5,May
507099,2024-09-06,22979,6,3,0.05,183.47,188.34,536.77,South,Consumer,2024,9,Sep
507100,2025-06-04,21618,8,1,0.05,289.09,281.63,267.55,South,Consumer,2025,6,Jun
507101,2024-03-04,22523,13,2,0.0,509.47,499.29,998.58,Central,Consumer,2024,3,Mar
507102,2024-04-04,23300,28,4,0.1,297.74,303.95,1094.22,Central,Consumer,2024,4,Apr
507103,2024-11-08,20548,11,3,0.0,526.43,525.24,1575.72,North,Consumer,2024,11,Nov
507104,2025-02-04,22414,22,4,0.0,356.25,371.6,1486.4,South,Consumer,2025,2,Feb
507105,2024-07-30,21771,9,1,0.1,308.58,306.94,276.25,West,Corporate,2024,7,Jul
507106,2024-05-02,23447,9,1,0.0,308.58,323.01,323.01,South,Consumer,2024,5,May
507107,2025-01-03,21138,30,3,0.2,300.75,294.66,707.18,South,Corporate,2025,1,Jan
507108,2024-02-28,20940,2,2,0.15,177.67,190.31,323.53,Central,Consumer,2024,2,Feb
507109,2024-06-03,23027,5,2,0.0,310.91,291.33,582.66,East,Consumer,2024,6,Jun
507110,2024-11-06,22543,6,4,0.05,183.47,171.21,650.6,North,Corporate,2024,11,Nov
507111,2025-01-02,20772,5,1,0.05,310.91,333.06,316.41,Central,Corporate,2025,1,Jan
507112,2024-03-13,22650,16,2,0.0,113.27,119.34,238.68,South,Consumer,2024,3,Mar
507113,2025-08-11,21070,5,2,0.15,310.91,324.17,551.09,Central,Consumer,2025,8,Aug
507114,2024-01-01,21659,25,1,0.0,408.11,416.54,416.54,Central,Consumer,2024,1,Jan
507115,2024-12-31,23976,20,4,0.0,187.69,183.43,733.72,West,Small Business,2024,12,Dec
507116,2025-12-10,21732,12,1,0.2,119.8,113.56,90.85,Central,Small Business,2025,12,Dec
507117,2025-10-17,23695,13,4,0.0,509.47,524.8,2099.2,Central,Consumer,2025,10,Oct
507118,2025-10-03,23670,13,1,0.0,509.47,549.34,549.34,East,Consumer,2025,10,Oct
507119,2025-06-02,22625,15,2,0.05,203.7,200.69,381.31,Central,Consumer,2025,6,Jun
507120,2024-05-15,20887,28,1,0.0,297.74,314.31,314.31,South,Small Business,2024,5,May
507121,2025-04-07,22577,9,1,0.15,308.58,327.35,278.25,South,Consumer,2025,4,Apr
507122,2024-04-19,20383,13,3,0.05,509.47,503.13,1433.92,West,Consumer,2024,4,Apr
507123,2025-12-15,22779,11,1,0.05,526.43,521.3,495.23,Central,Small Business,2025,12,Dec
507124,2024-09-07,22064,6,1,0.1,183.47,176.32,158.69,East,Consumer,2024,9,Sep
507125,2024-02-03,23973,19,2,0.15,495.95,459.36,780.91,East,Consumer,2024,2,Feb
507126,2024-03-23,23522,6,3,0.1,183.47,189.36,511.27,North,Consumer,2024,3,Mar
507127,2024-03-10,20566,22,1,0.0,356.25,378.5,378.5,North,Small Business,2024,3,Mar
507128,2024-09-04,23907,26,4,0.1,173.18,161.72,582.19,East,Consumer,2024,9,Sep
507129,2024-05-09,22499,20,2,0.05,187.69,179.74,341.51,East,Consumer,2024,5,May
507130,2025-05-30,23592,15,4,0.15,203.7,217.1,738.14,West,Consumer,2025,5,May
507131,2025-05-25,23477,22,1,0.2,356.25,356.71,285.37,North,Small Business,2025,5,May
507132,2024-06-24,23086,24,3,0.15,471.09,436.4,1112.82,South,Consumer,2024,6,Jun
507133,2024-03-21,22841,15,1,0.05,203.7,201.26,191.2,South,Corporate,2024,3,Mar
507134,2025-07-23,20436,18,2,0.1,376.89,392.29,706.12,North,Consumer,2025,7,Jul
507135,2024-02-07,20702,10,4,0.0,452.53,441.18,1764.72,West,Corporate,2024,2,Feb
507136,2025-11-05,22485,7,2,0.1,208.23,213.21,383.78,North,Small Business,2025,11,Nov
507137,2024-07-29,23981,2,2,0.0,177.67,175.57,351.14,East,Consumer,2024,7,Jul
507138,2024-01-28,22604,8,3,0.05,289.09,272.4,776.34,Central,Consumer,2024,1,Jan
507139,2025-06-05,22686,11,2,0.15,526.43,519.92,883.86,North,Consumer,2025,6,Jun
507140,2025-01-30,21980,5,4,0.15,310.91,288.83,982.02,West,Consumer,2025,1,Jan
507141,2025-10-04,21904,27,2,0.15,282.82,264.19,449.12,Central,Small Business,2025,10,Oct
507142,2024-02-25,23369,4,1,0.0,453.41,462.92,462.92,Central,Consumer,2024,2,Feb
507143,2024-10-30,22399,10,2,0.1,452.53,476.0,856.8,Central,Small Business,2024,10,Oct
507144,2025-02-06,23931,19,1,0.05,495.95,458.42,435.5,Central,Consumer,2025,2,Feb
507145,2024-08-21,23917,5,3,0.0,310.91,306.4,919.2,South,Consumer,2024,8,Aug
507146,2024-01-28,23890,24,1,0.0,471.09,460.76,460.76,Central,Small Business,2024,1,Jan
507147,2024-03-26,21097,21,2,0.0,301.42,292.57,585.14,Central,Consumer,2024,3,Mar
507148,2024-12-29,20082,21,2,0.05,301.42,286.02,543.44,Central,Consumer,2024,12,Dec
507149,2025-01-29,23364,24,2,0.1,471.09,500.8,901.44,Central,Small Business,2025,1,Jan
507150,2024-11-08,20144,28,2,0.1,297.74,298.55,537.39,East,Consumer,2024,11,Nov
507151,2025-03-27,22636,16,1,0.0,113.27,115.96,115.96,East,Small Business,2025,3,Mar
507152,2025-12-01,20214,28,4,0.05,297.74,275.89,1048.38,West,Small Business,2025,12,Dec
507153,2024-02-18,23819,29,3,0.0,538.73,556.2,1668.6,South,Small Business,2024,2,Feb
507154,2024-05-12,21250,29,2,0.05,538.73,502.39,954.54,West,Corporate,2024,5,May
507155,2025-01-06,23846,27,1,0.1,282.82,293.53,264.18,Central,Consumer,2025,1,Jan
507156,2024-03-20,22983,24,3,0.15,471.09,482.43,1230.2,Central,Small Business,2024,3,Mar
507157,2024-10-18,20224,30,3,0.0,300.75,281.54,844.62,East,Consumer,2024,10,Oct
507158,2024-02-23,22299,15,4,0.0,203.7,192.23,768.92,East,Small Business,2024,2,Feb
507159,2024-02-05,20119,6,1,0.15,183.47,184.9,157.16,Central,Consumer,2024,2,Feb
507160,2024-04-12,21945,11,4,0.05,526.43,535.2,2033.76,East,Small Business,2024,4,Apr
507161,2024-03-22,22860,8,4,0.1,289.09,277.17,997.81,Central,Consumer,2024,3,Mar
507162,2025-03-04,22940,3,1,0.0,379.36,364.29,364.29,South,Consumer,2025,3,Mar
507163,2025-03-03,22164,16,3,0.0,113.27,122.12,366.36,North,Small Business,2025,3,Mar
507164,2025-12-12,21027,29,3,0.0,538.73,550.08,1650.24,Central,Small Business,2025,12,Dec
507165,2025-09-17,22082,27,3,0.0,282.82,277.01,831.03,South,Consumer,2025,9,Sep
507166,2025-03-11,23966,9,3,0.0,308.58,287.66,862.98,North,Consumer,2025,3,Mar
507167,2025-11-01,22148,12,1,0.05,119.8,121.51,115.43,Central,Small Business,2025,11,Nov
507168,2025-04-21,20990,5,2,0.05,310.91,318.46,605.07,East,Consumer,2025,4,Apr
507169,2025-11-14,23164,14,4,0.0,323.49,332.97,1331.88,West,Consumer,2025,11,Nov
507170,2025-03-25,21489,3,4,0.05,379.36,361.74,1374.61,South,Consumer,2025,3,Mar
507171,2025-09-12,23531,4,1,0.05,453.41,443.68,421.5,South,Corporate,2025,9,Sep
507172,2024-05-08,23409,8,2,0.1,289.09,287.16,516.89,East,Consumer,2024,5,May
507173,2025-12-12,20083,22,4,0.0,356.25,339.98,1359.92,Central,Consumer,2025,12,Dec
507174,2025-11-21,23153,26,1,0.1,173.18,178.13,160.32,Central,Small Business,2025,11,Nov
507175,2024-02-13,23111,26,3,0.1,173.18,169.03,456.38,Central,Consumer,2024,2,Feb
507176,2025-12-26,20611,29,1,0.15,538.73,521.67,443.42,South,Small Business,2025,12,Dec
507177,2024-10-29,20522,4,4,0.0,453.41,458.92,1835.68,West,Consumer,2024,10,Oct
507178,2024-04-24,20248,8,3,0.1,289.09,274.46,741.04,Central,Small Business,2024,4,Apr
507179,2025-06-15,21363,16,4,0.0,113.27,117.88,471.52,South,Consumer,2025,6,Jun
507180,2024-06-30,22617,26,2,0.0,173.18,182.0,364.0,South,Small Business,2024,6,Jun
507181,2025-05-04,23866,3,1,0.05,379.36,399.46,379.49,Central,Consumer,2025,5,May
507182,2025-02-20,22783,18,4,0.0,376.89,361.02,1444.08,South,Consumer,2025,2,Feb
507183,2025-04-30,22423,5,4,0.05,310.91,296.79,1127.8,West,Small Business,2025,4,Apr
507184,2025-11-02,23571,9,4,0.0,308.58,287.33,1149.32,Central,Consumer,2025,11,Nov
507185,2025-05-29,20242,22,1,0.0,356.25,330.81,330.81,South,Consumer,2025,5,May
507186,2025-02-28,20120,9,3,0.05,308.58,307.34,875.92,East,Consumer,2025,2,Feb
507187,2024-07-11,20317,23,1,0.1,430.62,459.22,413.3,Central,Corporate,2024,7,Jul
507188,2024-10-02,23475,12,3,0.15,119.8,121.84,310.69,Central,Consumer,2024,10,Oct
507189,2024-04-22,21248,29,2,0.1,538.73,552.85,995.13,Central,Corporate,2024,4,Apr
507190,2024-10-04,21350,5,1,0.1,310.91,287.58,258.82,West,Consumer,2024,10,Oct
507191,2024-01-11,21826,7,3,0.1,208.23,202.69,547.26,Central,Small Business,2024,1,Jan
507192,2024-10-19,21448,20,3,0.0,187.69,197.21,591.63,Central,Consumer,2024,10,Oct
507193,2024-01-11,23862,30,3,0.0,300.75,301.07,903.21,South,Consumer,2024,1,Jan
507194,2025-11-11,22579,2,3,0.05,177.67,175.07,498.95,Central,Small Business,2025,11,Nov
507195,2024-07-04,22815,19,2,0.0,495.95,482.74,965.48,Central,Corporate,2024,7,Jul
507196,2025-07-17,23440,27,3,0.1,282.82,263.99,712.77,East,Consumer,2025,7,Jul
507197,2024-04-15,22564,26,1,0.05,173.18,161.65,153.57,Central,Consumer,2024,4,Apr
507198,2025-08-08,21654,23,2,0.0,430.62,422.67,845.34,West,Small Business,2025,8,Aug
507199,2024-01-17,21948,16,3,0.0,113.27,110.57,331.71,Central,Corporate,2024,1,Jan
507200,2024-02-01,20027,11,3,0.1,526.43,515.81,1392.69,South,Small Business,2024,2,Feb
507201,2024-07-26,21329,19,4,0.15,495.95,523.55,1780.07,Central,Consumer,2024,7,Jul
507202,2024-08-14,22593,15,4,0.2,203.7,218.98,700.74,South,Consumer,2024,8,Aug
507203,2025-08-13,21029,10,4,0.1,452.53,433.98,1562.33,South,Consumer,2025,8,Aug
507204,2025-07-26,22215,13,4,0.1,509.47,498.39,1794.2,Central,Corporate,2025,7,Jul
507205,2025-01-17,21918,5,4,0.0,310.91,297.96,1191.84,West,Consumer,2025,1,Jan
507206,2024-03-27,23886,29,3,0.1,538.73,531.97,1436.32,South,Consumer,2024,3,Mar
507207,2025-08-10,23896,5,2,0.05,310.91,307.29,583.85,South,Small Business,2025,8,Aug
507208,2024-07-10,22113,15,4,0.1,203.7,218.63,787.07,Central,Consumer,2024,7,Jul
507209,2025-05-03,21170,13,4,0.0,509.47,478.68,1914.72,East,Consumer,2025,5,May
507210,2025-08-24,22522,29,3,0.05,538.73,518.42,1477.5,Central,Consumer,2025,8,Aug
507211,2024-06-29,23713,15,4,0.0,203.7,193.28,773.12,East,Small Business,2024,6,Jun
507212,2025-02-12,23495,24,2,0.05,471.09,502.44,954.64,Central,Consumer,2025,2,Feb
507213,2025-06-28,21601,17,1,0.15,364.39,379.71,322.75,West,Small Business,2025,6,Jun
507214,2025-02-01,21081,24,2,0.05,471.09,475.58,903.6,Central,Consumer,2025,2,Feb
507215,2024-10-13,22405,12,3,0.05,119.8,111.05,316.49,Central,Consumer,2024,10,Oct
507216,2024-08-03,20057,22,4,0.0,356.25,380.15,1520.6,West,Consumer,2024,8,Aug
507217,2025-05-12,21633,28,2,0.15,297.74,302.23,513.79,East,Small Business,2025,5,May
507218,2024-03-08,22997,21,2,0.0,301.42,324.6,649.2,Central,Consumer,2024,3,Mar
507219,2025-02-14,22157,13,4,0.0,509.47,525.12,2100.48,North,Consumer,2025,2,Feb
507220,2025-09-24,22732,12,4,0.15,119.8,127.9,434.86,East,Corporate,2025,9,Sep
507221,2024-06-13,22196,16,2,0.1,113.27,107.87,194.17,Central,Consumer,2024,6,Jun
507222,2024-05-12,23524,4,3,0.0,453.41,485.74,1457.22,South,Consumer,2024,5,May
507223,2025-02-25,22546,6,3,0.05,183.47,180.32,513.91,East,Consumer,2025,2,Feb
507224,2025-01-19,20933,16,1,0.1,113.27,108.03,97.23,Central,Consumer,2025,1,Jan
507225,2024-04-18,23520,8,2,0.2,289.09,285.21,456.34,Central,Corporate,2024,4,Apr
507226,2025-03-09,21720,24,2,0.1,471.09,487.3,877.14,Central,Consumer,2025,3,Mar
507227,2024-02-28,20331,11,4,0.0,526.43,526.01,2104.04,North,Small Business,2024,2,Feb
507228,2024-12-14,20195,4,2,0.1,453.41,419.74,755.53,Central,Consumer,2024,12,Dec
507229,2024-02-17,22456,14,1,0.15,323.49,305.14,259.37,Central,Consumer,2024,2,Feb
507230,2025-08-17,22852,15,3,0.0,203.7,206.86,620.58,Central,Consumer,2025,8,Aug
507231,2025-12-09,20899,9,4,0.15,308.58,305.1,1037.34,Central,Small Business,2025,12,Dec
507232,2024-01-04,20764,8,4,0.0,289.09,277.67,1110.68,Central,Small Business,2024,1,Jan
507233,2025-04-13,21441,18,3,0.0,376.89,349.11,1047.33,Central,Consumer,2025,4,Apr
507234,2024-09-22,22217,14,1,0.15,323.49,302.73,257.32,South,Small Business,2024,9,Sep
507235,2024-03-15,20040,22,3,0.1,356.25,359.04,969.41,West,Corporate,2024,3,Mar
507236,2025-05-26,22019,7,3,0.15,208.23,208.73,532.26,Central,Corporate,2025,5,May
507237,2025-10-04,20370,25,4,0.05,408.11,403.23,1532.27,West,Corporate,2025,10,Oct
507238,2024-02-05,21635,21,3,0.05,301.42,292.23,832.86,Central,Consumer,2024,2,Feb
507239,2024-04-15,21639,5,3,0.2,310.91,292.0,700.8,West,Corporate,2024,4,Apr
507240,2025-11-04,20195,20,4,0.1,187.69,194.28,699.41,Central,Consumer,2025,11,Nov
507241,2024-01-18,20141,14,2,0.15,323.49,327.33,556.46,West,Consumer,2024,1,Jan
507242,2024-10-03,22425,13,2,0.15,509.47,468.89,797.11,North,Small Business,2024,10,Oct
507243,2025-10-28,21428,18,4,0.05,376.89,402.93,1531.13,Central,Consumer,2025,10,Oct
507244,2025-03-11,22047,8,1,0.2,289.09,266.54,213.23,Central,Corporate,2025,3,Mar
507245,2024-05-22,20733,28,4,0.1,297.74,317.52,1143.07,Central,Small Business,2024,5,May
507246,2024-01-07,20969,9,1,0.0,308.58,320.96,320.96,Central,Small Business,2024,1,Jan
507247,2025-01-18,21281,28,1,0.05,297.74,305.15,289.89,Central,Consumer,2025,1,Jan
507248,2025-01-29,22649,6,2,0.05,183.47,189.27,359.61,Central,Consumer,2025,1,Jan
507249,2025-01-07,21701,7,2,0.0,208.23,210.69,421.38,West,Small Business,2025,1,Jan
507250,2024-05-30,23888,29,3,0.05,538.73,580.03,1653.09,Central,Small Business,2024,5,May
507251,2025-11-29,23536,19,2,0.1,495.95,465.69,838.24,West,Consumer,2025,11,Nov
507252,2024-09-02,23723,7,4,0.05,208.23,213.38,810.84,South,Small Business,2024,9,Sep
507253,2025-10-31,20525,15,3,0.15,203.7,197.19,502.83,Central,Consumer,2025,10,Oct
507254,2025-11-16,23555,13,2,0.05,509.47,545.48,1036.41,South,Consumer,2025,11,Nov
507255,2024-05-28,20074,23,1,0.0,430.62,419.74,419.74,East,Consumer,2024,5,May
507256,2025-06-08,23007,16,3,0.1,113.27,106.21,286.77,Central,Small Business,2025,6,Jun
507257,2024-12-11,22099,3,1,0.0,379.36,391.07,391.07,East,Consumer,2024,12,Dec
507258,2025-04-17,23203,21,3,0.05,301.42,322.97,920.46,West,Corporate,2025,4,Apr
507259,2025-02-01,21848,25,1,0.1,408.11,408.74,367.87,South,Consumer,2025,2,Feb
507260,2025-12-23,22853,23,1,0.15,430.62,406.88,345.85,West,Consumer,2025,12,Dec
507261,2025-03-12,21320,7,3,0.0,208.23,198.71,596.13,East,Consumer,2025,3,Mar
507262,2024-05-10,21639,12,3,0.15,119.8,129.04,329.05,West,Corporate,2024,5,May
507263,2025-09-10,23679,2,4,0.05,177.67,177.95,676.21,Central,Small Business,2025,9,Sep
507264,2024-02-14,20754,16,1,0.0,113.27,107.07,107.07,East,Consumer,2024,2,Feb
507265,2025-06-08,22442,10,2,0.0,452.53,488.43,976.86,West,Consumer,2025,6,Jun
507266,2025-07-15,23029,28,2,0.0,297.74,297.6,595.2,Central,Consumer,2025,7,Jul
507267,2025-01-27,20802,8,4,0.05,289.09,288.77,1097.33,East,Consumer,2025,1,Jan
507268,2024-01-17,22466,4,4,0.0,453.41,444.69,1778.76,East,Consumer,2024,1,Jan
507269,2024-08-31,22137,22,4,0.0,356.25,356.41,1425.64,East,Small Business,2024,8,Aug
507270,2025-07-23,23231,14,4,0.05,323.49,344.47,1308.99,North,Small Business,2025,7,Jul
507271,2025-09-17,22616,20,2,0.15,187.69,198.76,337.89,East,Small Business,2025,9,Sep
507272,2025-01-04,23815,6,3,0.15,183.47,180.81,461.07,Central,Consumer,2025,1,Jan
507273,2024-12-08,22173,27,3,0.05,282.82,282.42,804.9,West,Consumer,2024,12,Dec
507274,2024-06-14,21575,2,4,0.15,177.67,174.74,594.12,Central,Consumer,2024,6,Jun
507275,2024-12-08,22315,12,1,0.0,119.8,120.4,120.4,East,Corporate,2024,12,Dec
507276,2025-04-13,23616,5,2,0.15,310.91,313.81,533.48,West,Small Business,2025,4,Apr
507277,2025-11-19,20043,22,2,0.05,356.25,335.5,637.45,East,Small Business,2025,11,Nov
507278,2024-12-27,20276,8,2,0.0,289.09,311.89,623.78,East,Consumer,2024,12,Dec
507279,2024-02-24,20622,14,3,0.0,323.49,341.06,1023.18,Central,Consumer,2024,2,Feb
507280,2024-05-18,21023,17,2,0.0,364.39,357.14,714.28,North,Consumer,2024,5,May
507281,2024-12-25,22385,8,2,0.0,289.09,279.77,559.54,Central,Small Business,2024,12,Dec
507282,2025-08-12,21870,24,2,0.05,471.09,451.19,857.26,Central,Corporate,2025,8,Aug
507283,2025-03-11,22296,8,3,0.1,289.09,277.83,750.14,Central,Small Business,2025,3,Mar
507284,2024-07-30,23758,29,3,0.05,538.73,521.71,1486.87,Central,Small Business,2024,7,Jul
507285,2025-11-20,20064,20,2,0.05,187.69,196.04,372.48,North,Consumer,2025,11,Nov
507286,2024-06-28,23891,29,3,0.0,538.73,522.47,1567.41,North,Small Business,2024,6,Jun
507287,2024-01-16,21202,3,3,0.05,379.36,355.27,1012.52,Central,Consumer,2024,1,Jan
507288,2025-05-23,22044,27,1,0.2,282.82,291.63,233.3,Central,Small Business,2025,5,May
507289,2024-02-08,20659,30,1,0.15,300.75,318.2,270.47,West,Small Business,2024,2,Feb
507290,2024-11-02,22332,16,4,0.0,113.27,109.26,437.04,Central,Consumer,2024,11,Nov
507291,2024-04-20,20953,27,4,0.05,282.82,295.29,1122.1,North,Small Business,2024,4,Apr
507292,2024-09-08,21798,13,2,0.0,509.47,495.26,990.52,Central,Consumer,2024,9,Sep
507293,2024-09-08,20862,14,2,0.05,323.49,320.24,608.46,Central,Consumer,2024,9,Sep
507294,2025-02-13,23572,14,1,0.0,323.49,317.89,317.89,South,Small Business,2025,2,Feb
507295,2025-12-14,22457,20,1,0.0,187.69,180.86,180.86,Central,Small Business,2025,12,Dec
507296,2025-04-27,23415,29,2,0.0,538.73,500.47,1000.94,Central,Consumer,2025,4,Apr
507297,2024-04-18,23687,7,1,0.1,208.23,217.83,196.05,East,Consumer,2024,4,Apr
507298,2024-03-31,21013,18,2,0.05,376.89,392.84,746.4,West,Small Business,2024,3,Mar
507299,2024-09-05,21917,15,4,0.0,203.7,194.69,778.76,West,Consumer,2024,9,Sep
507300,2025-10-16,20270,23,3,0.05,430.62,442.94,1262.38,West,Consumer,2025,10,Oct
507301,2024-11-16,23918,14,3,0.1,323.49,305.42,824.63,Central,Corporate,2024,11,Nov
507302,2024-09-29,20293,2,3,0.0,177.67,164.12,492.36,South,Consumer,2024,9,Sep
507303,2024-07-10,20619,25,2,0.2,408.11,404.26,646.82,North,Consumer,2024,7,Jul
507304,2024-05-22,23603,30,3,0.0,300.75,307.7,923.1,South,Corporate,2024,5,May
507305,2024-12-27,21582,29,3,0.05,538.73,520.07,1482.2,Central,Small Business,2024,12,Dec
507306,2024-04-04,22912,16,3,0.0,113.27,118.33,354.99,Central,Consumer,2024,4,Apr
507307,2024-12-08,22536,11,4,0.1,526.43,519.43,1869.95,South,Small Business,2024,12,Dec
507308,2025-10-19,20688,19,1,0.0,495.95,513.19,513.19,Central,Small Business,2025,10,Oct
507309,2024-04-09,22604,26,3,0.1,173.18,183.18,494.59,Central,Consumer,2024,4,Apr
507310,2024-02-16,22811,25,1,0.0,408.11,393.09,393.09,Central,Consumer,2024,2,Feb
507311,2024-05-08,20474,17,1,0.05,364.39,353.25,335.59,Central,Consumer,2024,5,May
507312,2025-06-02,21638,3,4,0.1,379.36,393.76,1417.54,Central,Small Business,2025,6,Jun
507313,2024-02-09,20430,8,3,0.2,289.09,284.75,683.4,North,Consumer,2024,2,Feb
507314,2024-01-15,22337,1,1,0.0,118.77,124.34,124.34,East,Consumer,2024,1,Jan
507315,2024-03-04,20366,16,4,0.1,113.27,111.41,401.08,West,Consumer,2024,3,Mar
507316,2025-10-04,22395,29,2,0.0,538.73,497.6,995.2,South,Small Business,2025,10,Oct
507317,2024-01-01,22944,19,2,0.0,495.95,475.3,950.6,South,Consumer,2024,1,Jan
507318,2025-10-27,22728,7,4,0.15,208.23,192.25,653.65,Central,Consumer,2025,10,Oct
507319,2025-03-12,20284,2,3,0.0,177.67,174.55,523.65,Central,Corporate,2025,3,Mar
507320,2024-07-14,21132,4,3,0.1,453.41,484.52,1308.2,Central,Consumer,2024,7,Jul
507321,2025-10-19,23576,11,2,0.15,526.43,522.31,887.93,South,Consumer,2025,10,Oct
507322,2024-02-15,23701,29,4,0.05,538.73,541.52,2057.78,East,Corporate,2024,2,Feb
507323,2024-05-21,20458,2,2,0.0,177.67,191.43,382.86,Central,Small Business,2024,5,May
507324,2024-01-29,23513,12,4,0.0,119.8,111.72,446.88,Central,Corporate,2024,1,Jan
507325,2024-07-30,20407,12,2,0.0,119.8,117.81,235.62,South,Small Business,2024,7,Jul
507326,2025-12-01,20049,26,4,0.05,173.18,160.95,611.61,North,Small Business,2025,12,Dec
507327,2025-02-06,20513,19,1,0.05,495.95,464.69,441.46,Central,Consumer,2025,2,Feb
507328,2025-04-13,22746,28,2,0.1,297.74,291.72,525.1,Central,Small Business,2025,4,Apr
507329,2024-06-06,23989,26,2,0.0,173.18,179.53,359.06,South,Consumer,2024,6,Jun
507330,2025-11-27,22161,6,4,0.0,183.47,170.93,683.72,Central,Consumer,2025,11,Nov
507331,2025-11-19,20814,19,1,0.0,495.95,458.75,458.75,West,Consumer,2025,11,Nov
507332,2024-12-17,22030,3,3,0.15,379.36,383.77,978.61,Central,Small Business,2024,12,Dec
507333,2024-11-28,21795,20,4,0.0,187.69,188.95,755.8,South,Corporate,2024,11,Nov
507334,2025-08-09,20451,2,4,0.0,177.67,183.43,733.72,West,Consumer,2025,8,Aug
507335,2024-11-15,21448,20,2,0.0,187.69,173.61,347.22,Central,Consumer,2024,11,Nov
507336,2025-11-24,22153,9,2,0.05,308.58,309.89,588.79,South,Consumer,2025,11,Nov
507337,2024-08-03,23001,22,4,0.0,356.25,361.01,1444.04,Central,Consumer,2024,8,Aug
507338,2024-07-02,22949,6,1,0.0,183.47,194.26,194.26,North,Consumer,2024,7,Jul
507339,2024-05-25,20686,9,4,0.05,308.58,295.46,1122.75,South,Consumer,2024,5,May
507340,2024-03-06,20059,28,3,0.0,297.74,302.46,907.38,Central,Consumer,2024,3,Mar
507341,2025-10-01,23800,19,1,0.05,495.95,504.01,478.81,North,Small Business,2025,10,Oct
507342,2024-07-24,21696,28,2,0.1,297.74,277.21,498.98,Central,Consumer,2024,7,Jul
507343,2025-01-11,21432,23,1,0.1,430.62,453.88,408.49,Central,Consumer,2025,1,Jan
507344,2025-02-04,22485,14,3,0.0,323.49,337.87,1013.61,North,Small Business,2025,2,Feb
507345,2024-04-02,20975,12,2,0.0,119.8,125.66,251.32,Central,Corporate,2024,4,Apr
507346,2025-05-23,20595,11,4,0.15,526.43,485.53,1650.8,North,Consumer,2025,5,May
507347,2024-04-26,22274,15,4,0.1,203.7,189.65,682.74,West,Consumer,2024,4,Apr
507348,2025-12-14,23954,13,4,0.0,509.47,471.13,1884.52,Central,Small Business,2025,12,Dec
507349,2024-12-23,21614,4,2,0.1,453.41,471.97,849.55,South,Corporate,2024,12,Dec
507350,2025-07-27,22753,26,1,0.0,173.18,171.87,171.87,South,Corporate,2025,7,Jul
507351,2025-02-03,21766,8,1,0.0,289.09,281.58,281.58,East,Small Business,2025,2,Feb
507352,2024-03-04,22738,5,1,0.05,310.91,316.34,300.52,Central,Small Business,2024,3,Mar
507353,2025-08-10,22880,6,1,0.05,183.47,170.43,161.91,West,Consumer,2025,8,Aug
507354,2025-11-03,21807,5,3,0.05,310.91,322.12,918.04,South,Consumer,2025,11,Nov
507355,2025-01-31,21860,19,1,0.1,495.95,527.01,474.31,Central,Small Business,2025,1,Jan
507356,2025-09-09,20339,9,3,0.0,308.58,302.04,906.12,South,Consumer,2025,9,Sep
507357,2024-08-21,23200,1,4,0.0,118.77,121.4,485.6,West,Corporate,2024,8,Aug
507358,2024-06-06,23610,18,1,0.05,376.89,352.74,335.1,Central,Consumer,2024,6,Jun
507359,2025-06-22,20045,14,2,0.2,323.49,330.03,528.05,East,Consumer,2025,6,Jun
507360,2025-10-14,20226,22,1,0.05,356.25,360.07,342.07,Central,Consumer,2025,10,Oct
507361,2024-08-01,22610,6,4,0.0,183.47,189.36,757.44,Central,Consumer,2024,8,Aug
507362,2024-06-15,23114,30,2,0.1,300.75,303.69,546.64,Central,Consumer,2024,6,Jun
507363,2024-06-13,22152,4,2,0.0,453.41,473.25,946.5,West,Consumer,2024,6,Jun
507364,2025-01-18,20676,2,2,0.0,177.67,166.51,333.02,Central,Consumer,2025,1,Jan
507365,2025-05-06,22800,11,4,0.0,526.43,566.69,2266.76,West,Consumer,2025,5,May
507366,2025-07-16,22875,11,1,0.15,526.43,509.6,433.16,West,Small Business,2025,7,Jul
507367,2024-04-17,22120,28,4,0.15,297.74,304.62,1035.71,South,Small Business,2024,4,Apr
507368,2024-03-11,21956,10,4,0.1,452.53,433.37,1560.13,North,Consumer,2024,3,Mar
507369,2025-06-06,22085,19,4,0.0,495.95,503.05,2012.2,Central,Consumer,2025,6,Jun
507370,2025-06-01,21816,2,4,0.1,177.67,180.93,651.35,East,Consumer,2025,6,Jun
507371,2024-10-29,23283,18,1,0.0,376.89,388.11,388.11,West,Consumer,2024,10,Oct
507372,2025-01-13,23996,24,1,0.0,471.09,479.44,479.44,Central,Consumer,2025,1,Jan
507373,2024-05-05,22863,22,1,0.1,356.25,355.7,320.13,South,Small Business,2024,5,May
507374,2025-01-07,23990,13,3,0.1,509.47,503.61,1359.75,South,Consumer,2025,1,Jan
507375,2024-08-17,23512,17,3,0.15,364.39,374.99,956.22,East,Consumer,2024,8,Aug
507376,2025-03-28,20219,19,4,0.15,495.95,508.91,1730.29,North,Consumer,2025,3,Mar
507377,2025-12-05,21671,13,3,0.1,509.47,498.85,1346.9,South,Consumer,2025,12,Dec
507378,2024-02-25,23587,14,3,0.1,323.49,334.58,903.37,North,Consumer,2024,2,Feb
507379,2025-10-31,21733,29,4,0.0,538.73,547.1,2188.4,Central,Corporate,2025,10,Oct
507380,2024-04-03,20023,11,3,0.0,526.43,545.98,1637.94,West,Small Business,2024,4,Apr
507381,2024-05-03,20309,28,2,0.0,297.74,305.55,611.1,Central,Consumer,2024,5,May
507382,2024-05-09,22404,5,2,0.0,310.91,309.12,618.24,North,Consumer,2024,5,May
507383,2024-01-16,23490,15,4,0.0,203.7,210.55,842.2,East,Consumer,2024,1,Jan
507384,2024-04-20,23282,27,3,0.0,282.82,294.63,883.89,Central,Consumer,2024,4,Apr
507385,2025-08-02,23563,7,3,0.2,208.23,224.41,538.58,South,Consumer,2025,8,Aug
507386,2024-11-24,21287,4,1,0.1,453.41,461.17,415.05,West,Small Business,2024,11,Nov
507387,2024-11-14,23739,20,1,0.0,187.69,191.66,191.66,East,Consumer,2024,11,Nov
507388,2025-03-14,22808,18,3,0.0,376.89,359.35,1078.05,South,Consumer,2025,3,Mar
507389,2024-06-09,20807,15,3,0.1,203.7,205.81,555.69,West,Corporate,2024,6,Jun
507390,2024-04-07,22421,30,2,0.0,300.75,310.64,621.28,South,Corporate,2024,4,Apr
507391,2024-09-18,20055,12,4,0.15,119.8,118.55,403.07,Central,Consumer,2024,9,Sep
507392,2025-06-28,21838,9,4,0.2,308.58,315.79,1010.53,East,Consumer,2025,6,Jun
507393,2024-04-24,20969,12,2,0.1,119.8,112.69,202.84,Central,Small Business,2024,4,Apr
507394,2025-09-12,23405,15,4,0.0,203.7,197.32,789.28,Central,Small Business,2025,9,Sep
507395,2024-01-07,20594,21,2,0.1,301.42,311.87,561.37,West,Consumer,2024,1,Jan
507396,2024-03-11,22734,23,3,0.0,430.62,460.12,1380.36,West,Corporate,2024,3,Mar
507397,2024-08-28,22089,12,2,0.05,119.8,119.95,227.9,Central,Consumer,2024,8,Aug
507398,2024-05-03,23182,8,2,0.0,289.09,271.26,542.52,Central,Consumer,2024,5,May
507399,2024-11-13,21048,19,3,0.05,495.95,487.13,1388.32,West,Consumer,2024,11,Nov
507400,2024-09-26,20305,7,3,0.0,208.23,224.82,674.46,Central,Consumer,2024,9,Sep
507401,2025-01-01,22664,5,2,0.1,310.91,298.12,536.62,Central,Consumer,2025,1,Jan
507402,2025-04-25,20830,4,3,0.05,453.41,475.28,1354.55,South,Corporate,2025,4,Apr
507403,2024-06-06,22914,8,2,0.05,289.09,292.41,555.58,East,Consumer,2024,6,Jun
507404,2024-03-03,22400,1,3,0.05,118.77,126.93,361.75,Central,Small Business,2024,3,Mar
507405,2024-02-06,21734,20,3,0.0,187.69,189.01,567.03,North,Corporate,2024,2,Feb
507406,2024-09-10,23299,9,2,0.0,308.58,323.89,647.78,Central,Small Business,2024,9,Sep
507407,2025-08-05,20836,3,3,0.0,379.36,386.64,1159.92,Central,Consumer,2025,8,Aug
507408,2025-12-25,23085,21,1,0.05,301.42,283.48,269.31,West,Consumer,2025,12,Dec
507409,2025-07-24,22632,27,3,0.0,282.82,283.78,851.34,West,Consumer,2025,7,Jul
507410,2025-01-15,21873,3,3,0.05,379.36,378.77,1079.49,West,Consumer,2025,1,Jan
507411,2025-01-12,22124,7,1,0.1,208.23,219.78,197.8,South,Small Business,2025,1,Jan
507412,2024-05-06,23283,24,2,0.15,471.09,504.43,857.53,West,Consumer,2024,5,May
507413,2024-08-11,21578,24,4,0.0,471.09,487.11,1948.44,Central,Small Business,2024,8,Aug
507414,2025-03-23,23546,13,2,0.05,509.47,503.09,955.87,North,Small Business,2025,3,Mar
507415,2024-01-17,23942,15,3,0.0,203.7,195.45,586.35,North,Small Business,2024,1,Jan
507416,2024-09-17,22372,17,4,0.05,364.39,352.51,1339.54,West,Small Business,2024,9,Sep
507417,2025-04-20,21879,16,2,0.0,113.27,107.91,215.82,East,Corporate,2025,4,Apr
507418,2025-10-12,20599,10,3,0.0,452.53,427.55,1282.65,Central,Consumer,2025,10,Oct
507419,2025-09-11,21594,25,2,0.05,408.11,381.07,724.03,East,Corporate,2025,9,Sep
507420,2025-11-25,22424,20,4,0.0,187.69,190.11,760.44,North,Small Business,2025,11,Nov
507421,2025-04-13,21268,15,4,0.05,203.7,219.78,835.16,Central,Small Business,2025,4,Apr
507422,2024-06-20,21256,23,2,0.05,430.62,441.82,839.46,East,Consumer,2024,6,Jun
507423,2024-06-12,20231,8,2,0.05,289.09,309.73,588.49,Central,Small Business,2024,6,Jun
507424,2025-11-02,21432,3,2,0.0,379.36,379.69,759.38,Central,Consumer,2025,11,Nov
507425,2025-05-19,21319,9,3,0.15,308.58,316.08,806.0,West,Consumer,2025,5,May
507426,2025-07-21,23575,27,2,0.0,282.82,268.78,537.56,North,Small Business,2025,7,Jul
507427,2025-01-03,20289,22,2,0.0,356.25,328.39,656.78,North,Consumer,2025,1,Jan
507428,2024-04-23,23942,18,1,0.05,376.89,352.34,334.72,North,Small Business,2024,4,Apr
507429,2025-03-07,22436,17,2,0.1,364.39,356.3,641.34,East,Small Business,2025,3,Mar
507430,2025-08-26,22840,20,1,0.0,187.69,201.96,201.96,Central,Small Business,2025,8,Aug
507431,2024-06-27,22720,28,3,0.0,297.74,292.91,878.73,South,Consumer,2024,6,Jun
507432,2024-05-09,21254,16,4,0.15,113.27,105.38,358.29,East,Corporate,2024,5,May
507433,2024-11-24,22946,10,1,0.05,452.53,430.69,409.16,Central,Consumer,2024,11,Nov
507434,2024-01-08,21120,3,4,0.0,379.36,379.89,1519.56,Central,Consumer,2024,1,Jan
507435,2024-03-11,21129,3,4,0.1,379.36,386.28,1390.61,Central,Consumer,2024,3,Mar
507436,2025-07-22,20169,14,1,0.0,323.49,344.47,344.47,Central,Small Business,2025,7,Jul
507437,2025-09-23,23791,20,2,0.1,187.69,196.91,354.44,South,Consumer,2025,9,Sep
507438,2024-09-10,20239,6,1,0.0,183.47,180.75,180.75,East,Small Business,2024,9,Sep
507439,2024-02-20,21666,5,1,0.0,310.91,320.74,320.74,Central,Consumer,2024,2,Feb
507440,2025-11-04,20299,16,2,0.05,113.27,112.01,212.82,South,Small Business,2025,11,Nov
507441,2025-10-31,23876,5,1,0.15,310.91,315.57,268.23,East,Corporate,2025,10,Oct
507442,2024-11-19,22706,28,4,0.15,297.74,308.5,1048.9,West,Small Business,2024,11,Nov
507443,2025-11-21,22311,26,4,0.05,173.18,162.84,618.79,Central,Consumer,2025,11,Nov
507444,2025-03-22,20762,15,3,0.05,203.7,197.73,563.53,East,Small Business,2025,3,Mar
507445,2025-05-09,23629,24,4,0.0,471.09,459.74,1838.96,Central,Consumer,2025,5,May
507446,2025-06-29,20328,7,4,0.0,208.23,202.34,809.36,East,Small Business,2025,6,Jun
507447,2024-07-03,21708,5,1,0.0,310.91,328.1,328.1,Central,Consumer,2024,7,Jul
507448,2025-09-09,23963,16,4,0.1,113.27,122.01,439.24,West,Consumer,2025,9,Sep
507449,2024-04-22,21484,24,2,0.15,471.09,455.93,775.08,West,Small Business,2024,4,Apr
507450,2024-05-09,22857,11,2,0.1,526.43,486.73,876.11,West,Corporate,2024,5,May
507451,2024-03-20,20186,7,2,0.0,208.23,216.7,433.4,West,Small Business,2024,3,Mar
507452,2024-05-29,22410,28,1,0.0,297.74,294.35,294.35,North,Corporate,2024,5,May
507453,2025-07-19,22646,14,4,0.1,323.49,324.21,1167.16,Central,Consumer,2025,7,Jul
507454,2025-10-11,22190,13,1,0.2,509.47,505.59,404.47,Central,Consumer,2025,10,Oct
507455,2024-03-24,22272,9,3,0.0,308.58,289.7,869.1,Central,Consumer,2024,3,Mar
507456,2024-08-01,23830,24,3,0.0,471.09,491.08,1473.24,Central,Small Business,2024,8,Aug
507457,2024-06-24,22931,7,1,0.0,208.23,221.51,221.51,East,Corporate,2024,6,Jun
507458,2025-04-10,22462,15,4,0.15,203.7,204.07,693.84,East,Corporate,2025,4,Apr
507459,2025-09-19,20423,3,3,0.0,379.36,379.7,1139.1,West,Consumer,2025,9,Sep
507460,2024-02-21,20145,8,3,0.0,289.09,274.89,824.67,South,Consumer,2024,2,Feb
507461,2024-09-04,20021,30,4,0.05,300.75,318.93,1211.93,Central,Consumer,2024,9,Sep
507462,2025-05-03,22358,20,1,0.0,187.69,193.53,193.53,Central,Consumer,2025,5,May
507463,2025-10-23,22233,8,2,0.15,289.09,299.49,509.13,East,Consumer,2025,10,Oct
507464,2024-05-16,21723,1,2,0.05,118.77,117.52,223.29,Central,Corporate,2024,5,May
507465,2025-01-07,22774,10,2,0.05,452.53,484.82,921.16,East,Corporate,2025,1,Jan
507466,2025-08-06,23997,25,4,0.1,408.11,430.54,1549.94,Central,Consumer,2025,8,Aug
507467,2025-09-01,21092,20,1,0.0,187.69,179.07,179.07,South,Consumer,2025,9,Sep
507468,2025-06-26,21942,27,2,0.0,282.82,291.13,582.26,West,Small Business,2025,6,Jun
507469,2025-07-18,20169,22,1,0.0,356.25,365.43,365.43,Central,Small Business,2025,7,Jul
507470,2025-03-05,23133,17,2,0.0,364.39,380.71,761.42,Central,Consumer,2025,3,Mar
507471,2024-01-21,20084,30,1,0.0,300.75,284.22,284.22,South,Corporate,2024,1,Jan
507472,2024-04-20,23274,8,4,0.1,289.09,290.77,1046.77,West,Small Business,2024,4,Apr
507473,2025-08-11,23028,5,3,0.15,310.91,310.16,790.91,East,Consumer,2025,8,Aug
507474,2024-07-12,20208,6,2,0.0,183.47,172.99,345.98,West,Consumer,2024,7,Jul
507475,2025-05-26,23984,19,4,0.0,495.95,517.74,2070.96,Central,Consumer,2025,5,May
507476,2024-01-31,23855,22,1,0.0,356.25,329.5,329.5,West,Corporate,2024,1,Jan
507477,2025-03-12,21468,22,2,0.15,356.25,332.33,564.96,Central,Consumer,2025,3,Mar
507478,2024-08-18,22079,7,4,0.0,208.23,215.32,861.28,Central,Consumer,2024,8,Aug
507479,2025-03-06,23130,22,4,0.1,356.25,380.08,1368.29,North,Small Business,2025,3,Mar
507480,2024-10-05,23319,16,4,0.0,113.27,105.57,422.28,West,Small Business,2024,10,Oct
507481,2025-07-03,20072,30,3,0.0,300.75,302.8,908.4,South,Corporate,2025,7,Jul
507482,2024-12-06,22564,26,4,0.0,173.18,176.27,705.08,Central,Consumer,2024,12,Dec
507483,2025-07-26,20625,4,4,0.05,453.41,449.39,1707.68,South,Small Business,2025,7,Jul
507484,2025-12-29,21804,23,3,0.05,430.62,428.99,1222.62,Central,Small Business,2025,12,Dec
507485,2024-11-03,23762,4,2,0.0,453.41,449.97,899.94,Central,Corporate,2024,11,Nov
507486,2025-06-14,21096,1,4,0.0,118.77,125.14,500.56,West,Corporate,2025,6,Jun
507487,2024-12-02,22008,6,2,0.0,183.47,195.52,391.04,North,Consumer,2024,12,Dec
507488,2024-10-14,20752,22,3,0.1,356.25,331.95,896.26,Central,Consumer,2024,10,Oct
507489,2025-05-20,23864,27,1,0.0,282.82,265.03,265.03,South,Small Business,2025,5,May
507490,2025-09-10,22849,1,2,0.2,118.77,118.02,188.83,North,Small Business,2025,9,Sep
507491,2024-08-15,20789,30,2,0.0,300.75,307.93,615.86,Central,Small Business,2024,8,Aug
507492,2024-09-24,20311,10,2,0.1,452.53,463.17,833.71,Central,Consumer,2024,9,Sep
507493,2024-10-28,23061,9,4,0.1,308.58,324.83,1169.39,West,Consumer,2024,10,Oct
507494,2024-09-21,20974,12,4,0.05,119.8,127.47,484.39,Central,Consumer,2024,9,Sep
507495,2024-05-21,23167,2,3,0.05,177.67,176.97,504.36,East,Small Business,2024,5,May
507496,2024-02-16,22102,15,2,0.0,203.7,214.33,428.66,West,Consumer,2024,2,Feb
507497,2024-07-30,23548,22,3,0.0,356.25,355.14,1065.42,East,Small Business,2024,7,Jul
507498,2025-06-21,20880,20,1,0.0,187.69,202.12,202.12,Central,Consumer,2025,6,Jun
507499,2025-11-05,21171,22,4,0.0,356.25,350.55,1402.2,North,Consumer,2025,11,Nov
507500,2024-05-27,22200,30,1,0.0,300.75,291.32,291.32,South,Small Business,2024,5,May
507501,2024-10-21,23629,16,4,0.1,113.27,118.02,424.87,Central,Consumer,2024,10,Oct
507502,2024-06-20,21445,6,2,0.0,183.47,172.4,344.8,Central,Consumer,2024,6,Jun
507503,2025-09-19,22446,9,2,0.05,308.58,327.19,621.66,West,Small Business,2025,9,Sep
507504,2024-09-10,21077,21,2,0.2,301.42,316.05,505.68,Central,Consumer,2024,9,Sep
507505,2024-03-26,22678,20,2,0.0,187.69,195.92,391.84,East,Consumer,2024,3,Mar
507506,2025-08-23,22864,6,1,0.15,183.47,179.56,152.63,East,Consumer,2025,8,Aug
507507,2024-04-25,20370,22,3,0.0,356.25,360.51,1081.53,West,Corporate,2024,4,Apr
507508,2025-09-21,20971,10,2,0.05,452.53,486.92,925.15,West,Small Business,2025,9,Sep
507509,2025-01-29,22022,4,3,0.0,453.41,426.9,1280.7,Central,Small Business,2025,1,Jan
507510,2025-02-06,20789,25,1,0.0,408.11,395.23,395.23,Central,Small Business,2025,2,Feb
507511,2024-12-13,20859,10,4,0.0,452.53,479.82,1919.28,Central,Consumer,2024,12,Dec
507512,2025-11-07,20679,3,4,0.0,379.36,390.16,1560.64,Central,Consumer,2025,11,Nov
507513,2024-05-14,22718,29,3,0.0,538.73,505.55,1516.65,West,Consumer,2024,5,May
507514,2024-11-08,20811,1,3,0.05,118.77,120.79,344.25,North,Corporate,2024,11,Nov
507515,2024-02-15,23938,7,2,0.15,208.23,200.18,340.31,North,Consumer,2024,2,Feb
507516,2025-03-18,20051,11,2,0.15,526.43,559.59,951.3,East,Consumer,2025,3,Mar
507517,2025-04-09,21226,17,1,0.15,364.39,375.73,319.37,South,Consumer,2025,4,Apr
507518,2025-11-10,22862,14,3,0.05,323.49,324.27,924.17,North,Consumer,2025,11,Nov
507519,2025-04-24,21830,10,4,0.0,452.53,448.7,1794.8,South,Small Business,2025,4,Apr
507520,2025-01-16,22262,13,4,0.05,509.47,520.86,1979.27,East,Small Business,2025,1,Jan
507521,2025-05-16,20221,24,4,0.05,471.09,504.3,1916.34,East,Small Business,2025,5,May
507522,2024-12-02,20191,18,1,0.2,376.89,359.74,287.79,East,Consumer,2024,12,Dec
507523,2025-11-25,20722,14,1,0.05,323.49,321.71,305.62,South,Consumer,2025,11,Nov
507524,2024-01-22,21931,23,3,0.1,430.62,426.51,1151.58,Central,Consumer,2024,1,Jan
507525,2024-09-16,22065,15,1,0.2,203.7,219.05,175.24,Central,Consumer,2024,9,Sep
507526,2025-10-05,23340,20,2,0.1,187.69,179.78,323.6,West,Small Business,2025,10,Oct
507527,2025-04-29,20471,20,3,0.15,187.69,181.26,462.21,West,Consumer,2025,4,Apr
507528,2024-05-18,21918,23,3,0.2,430.62,463.79,1113.1,West,Consumer,2024,5,May
507529,2025-06-22,21445,10,4,0.15,452.53,458.57,1559.14,Central,Consumer,2025,6,Jun
507530,2024-11-30,24000,16,3,0.1,113.27,119.71,323.22,South,Small Business,2024,11,Nov
507531,2025-03-23,23770,7,2,0.0,208.23,222.54,445.08,South,Consumer,2025,3,Mar
507532,2025-08-03,20410,14,1,0.05,323.49,304.25,289.04,South,Consumer,2025,8,Aug
507533,2025-06-30,22646,1,3,0.2,118.77,126.42,303.41,Central,Consumer,2025,6,Jun
507534,2025-01-09,22456,4,3,0.0,453.41,476.14,1428.42,Central,Consumer,2025,1,Jan
507535,2025-08-04,20013,10,4,0.0,452.53,417.7,1670.8,East,Consumer,2025,8,Aug
507536,2025-07-24,22106,30,1,0.1,300.75,305.43,274.89,Central,Consumer,2025,7,Jul
507537,2025-01-25,22789,22,4,0.0,356.25,359.2,1436.8,East,Consumer,2025,1,Jan
507538,2025-09-03,22343,20,4,0.1,187.69,179.48,646.13,South,Consumer,2025,9,Sep
507539,2024-11-03,22602,25,3,0.05,408.11,405.65,1156.1,East,Consumer,2024,11,Nov
507540,2025-09-17,22073,7,1,0.05,208.23,199.58,189.6,North,Consumer,2025,9,Sep
507541,2025-07-11,23725,30,1,0.0,300.75,317.38,317.38,Central,Consumer,2025,7,Jul
507542,2024-02-28,22250,21,2,0.0,301.42,279.24,558.48,North,Corporate,2024,2,Feb
507543,2024-11-25,22889,13,4,0.05,509.47,531.66,2020.31,Central,Consumer,2024,11,Nov
507544,2024-05-30,23639,17,4,0.0,364.39,348.69,1394.76,South,Consumer,2024,5,May
507545,2024-06-05,22157,11,2,0.05,526.43,549.15,1043.38,North,Consumer,2024,6,Jun
507546,2025-10-26,21458,13,1,0.05,509.47,540.37,513.35,North,Corporate,2025,10,Oct
507547,2025-08-08,22730,28,1,0.0,297.74,316.68,316.68,Central,Consumer,2025,8,Aug
507548,2024-07-11,22640,19,3,0.0,495.95,488.26,1464.78,North,Consumer,2024,7,Jul
507549,2025-03-29,23099,16,2,0.0,113.27,106.05,212.1,South,Small Business,2025,3,Mar
507550,2025-05-31,20889,7,1,0.05,208.23,218.82,207.88,East,Small Business,2025,5,May
507551,2024-04-26,20079,25,3,0.1,408.11,395.22,1067.09,East,Consumer,2024,4,Apr
507552,2025-01-21,21422,30,1,0.0,300.75,320.51,320.51,West,Consumer,2025,1,Jan
507553,2025-04-22,23094,25,1,0.0,408.11,387.97,387.97,Central,Consumer,2025,4,Apr
507554,2025-11-15,22151,14,4,0.15,323.49,313.15,1064.71,North,Small Business,2025,11,Nov
507555,2024-12-09,20306,27,4,0.0,282.82,286.7,1146.8,South,Corporate,2024,12,Dec
507556,2024-07-05,22835,18,1,0.15,376.89,378.65,321.85,Central,Consumer,2024,7,Jul
507557,2024-12-29,22348,12,4,0.0,119.8,122.18,488.72,East,Consumer,2024,12,Dec
507558,2025-08-12,23654,4,1,0.05,453.41,469.29,445.83,Central,Small Business,2025,8,Aug
507559,2024-04-28,21574,18,3,0.15,376.89,376.1,959.06,Central,Corporate,2024,4,Apr
507560,2024-10-26,22816,27,4,0.15,282.82,301.98,1026.73,South,Consumer,2024,10,Oct
507561,2024-03-21,23479,30,3,0.05,300.75,308.31,878.68,North,Corporate,2024,3,Mar
507562,2024-06-24,22758,21,3,0.2,301.42,280.01,672.02,Central,Small Business,2024,6,Jun
507563,2024-03-08,23657,10,3,0.2,452.53,484.67,1163.21,North,Small Business,2024,3,Mar
507564,2024-12-24,21711,3,2,0.0,379.36,354.54,709.08,East,Small Business,2024,12,Dec
507565,2025-05-23,20095,21,2,0.0,301.42,322.7,645.4,West,Consumer,2025,5,May
507566,2025-01-30,20948,13,1,0.1,509.47,472.1,424.89,North,Consumer,2025,1,Jan
507567,2024-03-23,20604,13,4,0.05,509.47,505.86,1922.27,East,Consumer,2024,3,Mar
507568,2024-03-21,22841,8,2,0.1,289.09,289.13,520.43,South,Corporate,2024,3,Mar
507569,2024-11-24,22617,3,4,0.0,379.36,370.31,1481.24,South,Small Business,2024,11,Nov
507570,2024-05-20,21495,15,2,0.0,203.7,194.73,389.46,North,Small Business,2024,5,May
507571,2024-04-20,21892,12,3,0.05,119.8,116.9,333.16,West,Small Business,2024,4,Apr
507572,2025-10-26,23499,13,2,0.0,509.47,499.37,998.74,Central,Consumer,2025,10,Oct
507573,2024-09-27,21371,4,1,0.05,453.41,434.05,412.35,East,Small Business,2024,9,Sep
507574,2025-05-01,23447,24,2,0.05,471.09,465.08,883.65,South,Consumer,2025,5,May
507575,2024-11-15,20707,19,4,0.05,495.95,506.15,1923.37,North,Corporate,2024,11,Nov
507576,2025-05-29,20314,18,2,0.05,376.89,364.44,692.44,South,Consumer,2025,5,May
507577,2024-09-05,21015,2,4,0.1,177.67,189.41,681.88,Central,Small Business,2024,9,Sep
507578,2024-09-15,20154,14,4,0.0,323.49,341.28,1365.12,Central,Corporate,2024,9,Sep
507579,2025-09-27,20252,11,2,0.0,526.43,561.9,1123.8,Central,Consumer,2025,9,Sep
507580,2025-01-29,21843,6,4,0.05,183.47,174.75,664.05,West,Consumer,2025,1,Jan
507581,2025-07-10,21639,28,3,0.15,297.74,317.44,809.47,West,Corporate,2025,7,Jul
507582,2024-01-29,20898,29,3,0.1,538.73,525.16,1417.93,Central,Small Business,2024,1,Jan
507583,2024-08-29,20650,28,2,0.0,297.74,290.43,580.86,Central,Consumer,2024,8,Aug
507584,2024-04-14,20958,10,1,0.1,452.53,445.56,401.0,East,Consumer,2024,4,Apr
507585,2024-01-27,22966,6,4,0.0,183.47,185.56,742.24,North,Consumer,2024,1,Jan
507586,2025-12-14,21643,2,3,0.05,177.67,165.63,472.05,North,Consumer,2025,12,Dec
507587,2025-08-14,22333,17,4,0.0,364.39,390.57,1562.28,South,Consumer,2025,8,Aug
507588,2024-06-02,23126,9,2,0.0,308.58,287.34,574.68,Central,Consumer,2024,6,Jun
507589,2024-07-17,23102,28,4,0.15,297.74,278.36,946.42,East,Consumer,2024,7,Jul
507590,2024-12-24,20662,6,1,0.05,183.47,185.4,176.13,Central,Small Business,2024,12,Dec
507591,2024-08-07,22404,29,3,0.0,538.73,518.99,1556.97,North,Consumer,2024,8,Aug
507592,2025-11-11,23809,12,3,0.0,119.8,118.36,355.08,East,Consumer,2025,11,Nov
507593,2024-12-18,21874,27,3,0.0,282.82,282.48,847.44,West,Consumer,2024,12,Dec
507594,2025-04-22,22424,25,4,0.0,408.11,402.74,1610.96,North,Small Business,2025,4,Apr
507595,2025-05-28,23517,21,2,0.1,301.42,278.15,500.67,Central,Consumer,2025,5,May
507596,2024-05-01,23062,12,2,0.0,119.8,111.37,222.74,West,Corporate,2024,5,May
507597,2025-01-25,21448,23,3,0.0,430.62,424.66,1273.98,Central,Consumer,2025,1,Jan
507598,2024-11-24,20633,14,1,0.05,323.49,330.64,314.11,South,Small Business,2024,11,Nov
507599,2025-06-19,22715,29,4,0.05,538.73,556.6,2115.08,North,Consumer,2025,6,Jun
507600,2024-12-04,20601,24,1,0.0,471.09,470.26,470.26,North,Consumer,2024,12,Dec
507601,2024-02-11,21485,17,4,0.2,364.39,360.02,1152.06,West,Small Business,2024,2,Feb
507602,2024-12-13,21266,16,2,0.1,113.27,113.4,204.12,North,Corporate,2024,12,Dec
507603,2025-09-09,20541,3,3,0.05,379.36,407.79,1162.2,Central,Small Business,2025,9,Sep
507604,2025-09-07,23580,22,3,0.05,356.25,354.64,1010.72,Central,Consumer,2025,9,Sep
507605,2024-06-28,23386,25,3,0.05,408.11,431.43,1229.58,West,Consumer,2024,6,Jun
507606,2025-02-10,23348,15,1,0.05,203.7,218.9,207.96,West,Consumer,2025,2,Feb
507607,2025-04-18,21330,14,2,0.0,323.49,313.01,626.02,South,Small Business,2025,4,Apr
507608,2025-07-13,21065,11,4,0.1,526.43,514.48,1852.13,South,Consumer,2025,7,Jul
507609,2024-08-15,21985,17,2,0.2,364.39,378.47,605.55,East,Consumer,2024,8,Aug
507610,2024-09-23,21666,16,4,0.05,113.27,117.03,444.71,Central,Consumer,2024,9,Sep
507611,2025-09-29,21486,26,3,0.2,173.18,165.72,397.73,Central,Consumer,2025,9,Sep
507612,2025-05-23,22000,30,4,0.0,300.75,306.77,1227.08,East,Small Business,2025,5,May
507613,2024-04-15,22732,9,3,0.0,308.58,307.85,923.55,East,Corporate,2024,4,Apr
507614,2024-11-09,21299,4,3,0.15,453.41,483.19,1232.13,Central,Consumer,2024,11,Nov
507615,2024-01-22,23033,16,1,0.05,113.27,122.14,116.03,Central,Consumer,2024,1,Jan
507616,2025-07-14,23801,27,1,0.05,282.82,266.77,253.43,East,Consumer,2025,7,Jul
507617,2024-09-06,22467,7,1,0.0,208.23,197.77,197.77,Central,Small Business,2024,9,Sep
507618,2025-06-21,22718,19,4,0.05,495.95,484.85,1842.43,West,Consumer,2025,6,Jun
507619,2025-11-21,22304,3,2,0.0,379.36,400.8,801.6,Central,Consumer,2025,11,Nov
507620,2024-09-05,21726,30,4,0.1,300.75,324.51,1168.24,East,Consumer,2024,9,Sep
507621,2025-12-24,20129,5,2,0.0,310.91,318.76,637.52,Central,Consumer,2025,12,Dec
507622,2024-09-17,20032,8,2,0.15,289.09,306.25,520.62,North,Consumer,2024,9,Sep
507623,2024-08-27,21788,8,4,0.15,289.09,284.11,965.97,South,Corporate,2024,8,Aug
507624,2025-08-24,20232,12,3,0.1,119.8,115.59,312.09,North,Consumer,2025,8,Aug
507625,2024-02-06,21057,24,1,0.05,471.09,443.86,421.67,South,Consumer,2024,2,Feb
507626,2025-03-12,22192,4,2,0.05,453.41,427.97,813.14,West,Corporate,2025,3,Mar
507627,2024-04-28,20146,5,1,0.05,310.91,305.68,290.4,North,Corporate,2024,4,Apr
507628,2025-03-26,23023,2,3,0.15,177.67,166.48,424.52,East,Consumer,2025,3,Mar
507629,2024-07-20,22133,3,3,0.0,379.36,360.6,1081.8,West,Consumer,2024,7,Jul
507630,2025-12-01,22467,14,4,0.0,323.49,344.76,1379.04,Central,Small Business,2025,12,Dec
507631,2024-08-14,20686,6,2,0.1,183.47,190.37,342.67,South,Consumer,2024,8,Aug
507632,2024-06-12,23246,3,2,0.2,379.36,362.4,579.84,East,Consumer,2024,6,Jun
507633,2025-07-04,22343,21,2,0.0,301.42,281.85,563.7,South,Consumer,2025,7,Jul
507634,2025-01-16,23096,19,1,0.15,495.95,485.28,412.49,Central,Consumer,2025,1,Jan
507635,2025-04-30,20353,2,4,0.15,177.67,166.84,567.26,South,Consumer,2025,4,Apr
507636,2024-05-23,23214,17,2,0.05,364.39,336.7,639.73,South,Small Business,2024,5,May
507637,2024-07-12,22127,12,1,0.05,119.8,125.84,119.55,Central,Corporate,2024,7,Jul
507638,2024-06-24,22437,29,1,0.1,538.73,577.04,519.34,East,Consumer,2024,6,Jun
507639,2025-07-02,20104,22,1,0.1,356.25,356.52,320.87,Central,Corporate,2025,7,Jul
507640,2025-03-21,23451,28,2,0.0,297.74,314.57,629.14,East,Corporate,2025,3,Mar
507641,2024-08-27,20116,20,4,0.2,187.69,185.16,592.51,Central,Consumer,2024,8,Aug
507642,2024-03-25,21350,9,4,0.05,308.58,331.15,1258.37,West,Consumer,2024,3,Mar
507643,2025-03-18,21136,13,2,0.0,509.47,532.77,1065.54,East,Consumer,2025,3,Mar
507644,2024-04-18,20616,28,1,0.05,297.74,313.81,298.12,East,Corporate,2024,4,Apr
507645,2025-12-03,23506,22,1,0.0,356.25,339.03,339.03,West,Consumer,2025,12,Dec
507646,2024-06-26,23203,2,2,0.05,177.67,182.56,346.86,West,Corporate,2024,6,Jun
507647,2024-09-17,22343,7,3,0.1,208.23,224.75,606.83,South,Consumer,2024,9,Sep
507648,2025-01-06,21193,22,2,0.05,356.25,379.58,721.2,South,Small Business,2025,1,Jan
507649,2024-06-25,23272,13,3,0.0,509.47,546.15,1638.45,West,Consumer,2024,6,Jun
507650,2025-12-02,20921,18,2,0.05,376.89,405.97,771.34,East,Consumer,2025,12,Dec
507651,2025-03-07,21338,14,3,0.0,323.49,318.55,955.65,Central,Consumer,2025,3,Mar
507652,2025-05-12,22227,11,1,0.0,526.43,500.2,500.2,North,Consumer,2025,5,May
507653,2024-03-20,22339,11,2,0.0,526.43,505.51,1011.02,Central,Consumer,2024,3,Mar
507654,2025-04-22,22247,25,4,0.2,408.11,410.97,1315.1,Central,Consumer,2025,4,Apr
507655,2025-07-20,20689,14,1,0.0,323.49,336.95,336.95,West,Consumer,2025,7,Jul
507656,2024-09-27,20302,11,2,0.05,526.43,515.25,978.97,East,Corporate,2024,9,Sep
507657,2025-07-14,21792,28,3,0.0,297.74,284.02,852.06,South,Consumer,2025,7,Jul
507658,2024-03-06,22498,16,1,0.0,113.27,104.47,104.47,West,Small Business,2024,3,Mar
507659,2025-04-15,20155,22,2,0.0,356.25,346.06,692.12,Central,Consumer,2025,4,Apr
507660,2025-08-04,20912,21,4,0.1,301.42,288.26,1037.74,West,Consumer,2025,8,Aug
507661,2025-02-24,21952,8,2,0.05,289.09,309.38,587.82,North,Small Business,2025,2,Feb
507662,2024-01-29,20533,9,4,0.0,308.58,328.83,1315.32,Central,Consumer,2024,1,Jan
507663,2024-12-10,23637,16,2,0.0,113.27,109.41,218.82,South,Consumer,2024,12,Dec
507664,2025-06-24,23859,4,3,0.0,453.41,442.98,1328.94,North,Consumer,2025,6,Jun
507665,2024-03-11,22193,10,2,0.0,452.53,435.92,871.84,East,Small Business,2024,3,Mar
507666,2024-09-22,21167,21,1,0.2,301.42,293.79,235.03,North,Consumer,2024,9,Sep
507667,2025-06-26,23577,7,4,0.05,208.23,204.69,777.82,South,Small Business,2025,6,Jun
507668,2024-12-14,21647,6,4,0.0,183.47,175.38,701.52,Central,Consumer,2024,12,Dec
507669,2024-11-26,22227,29,3,0.15,538.73,499.94,1274.85,North,Consumer,2024,11,Nov
507670,2025-01-15,20573,7,2,0.05,208.23,217.5,413.25,South,Consumer,2025,1,Jan
507671,2025-02-07,21223,19,2,0.15,495.95,472.46,803.18,East,Small Business,2025,2,Feb
507672,2024-06-28,23787,6,2,0.0,183.47,193.78,387.56,Central,Small Business,2024,6,Jun
507673,2024-03-13,22397,27,2,0.0,282.82,302.63,605.26,West,Consumer,2024,3,Mar
507674,2025-05-03,20063,23,4,0.15,430.62,435.06,1479.2,South,Consumer,2025,5,May
507675,2025-08-11,21760,22,1,0.0,356.25,358.86,358.86,West,Consumer,2025,8,Aug
507676,2024-07-23,20038,10,4,0.05,452.53,431.12,1638.26,Central,Consumer,2024,7,Jul
507677,2024-07-30,21909,20,3,0.0,187.69,185.73,557.19,West,Consumer,2024,7,Jul
507678,2024-04-16,21623,23,2,0.2,430.62,427.37,683.79,South,Consumer,2024,4,Apr
507679,2024-06-27,22252,20,4,0.15,187.69,196.95,669.63,West,Small Business,2024,6,Jun
507680,2024-09-20,20484,18,2,0.05,376.89,368.1,699.39,Central,Consumer,2024,9,Sep
507681,2025-08-12,20911,17,1,0.05,364.39,354.27,336.56,West,Consumer,2025,8,Aug
507682,2025-09-02,20779,16,2,0.05,113.27,122.08,231.95,West,Corporate,2025,9,Sep
507683,2025-10-13,23325,18,4,0.0,376.89,379.66,1518.64,North,Corporate,2025,10,Oct
507684,2024-10-31,21151,28,4,0.0,297.74,308.86,1235.44,Central,Small Business,2024,10,Oct
507685,2024-04-22,22744,8,3,0.0,289.09,295.68,887.04,East,Consumer,2024,4,Apr
507686,2025-12-05,21877,18,4,0.0,376.89,384.31,1537.24,Central,Consumer,2025,12,Dec
507687,2024-02-29,21382,25,3,0.0,408.11,410.3,1230.9,Central,Small Business,2024,2,Feb
507688,2024-01-28,23560,8,4,0.1,289.09,275.73,992.63,South,Corporate,2024,1,Jan
507689,2025-07-11,22229,4,2,0.0,453.41,436.36,872.72,East,Small Business,2025,7,Jul
507690,2024-01-14,21689,30,2,0.05,300.75,319.32,606.71,West,Small Business,2024,1,Jan
507691,2025-02-07,20132,24,3,0.0,471.09,480.67,1442.01,East,Small Business,2025,2,Feb
507692,2025-10-17,23157,10,4,0.05,452.53,469.93,1785.73,South,Consumer,2025,10,Oct
507693,2025-11-18,22305,2,3,0.05,177.67,190.28,542.3,Central,Consumer,2025,11,Nov
507694,2024-05-20,23843,15,1,0.05,203.7,194.92,185.17,Central,Consumer,2024,5,May
507695,2024-05-04,23222,22,3,0.0,356.25,384.32,1152.96,Central,Consumer,2024,5,May
507696,2024-06-07,23377,12,2,0.0,119.8,115.79,231.58,South,Small Business,2024,6,Jun
507697,2024-11-26,23093,22,1,0.0,356.25,341.12,341.12,Central,Small Business,2024,11,Nov
507698,2025-07-25,23413,23,4,0.1,430.62,407.18,1465.85,West,Small Business,2025,7,Jul
507699,2024-05-24,23097,9,3,0.1,308.58,319.49,862.62,West,Consumer,2024,5,May
507700,2024-05-12,23197,14,4,0.1,323.49,327.62,1179.43,Central,Small Business,2024,5,May
507701,2024-11-03,22773,24,3,0.0,471.09,505.2,1515.6,West,Corporate,2024,11,Nov
507702,2025-03-25,20459,11,4,0.1,526.43,502.52,1809.07,Central,Consumer,2025,3,Mar
507703,2024-08-08,21004,11,3,0.0,526.43,512.62,1537.86,Central,Small Business,2024,8,Aug
507704,2024-02-02,20684,20,3,0.1,187.69,178.49,481.92,West,Consumer,2024,2,Feb
507705,2025-11-17,23992,12,4,0.0,119.8,116.91,467.64,Central,Small Business,2025,11,Nov
507706,2025-10-02,21098,15,4,0.0,203.7,199.98,799.92,East,Small Business,2025,10,Oct
507707,2024-12-11,21129,18,3,0.05,376.89,348.2,992.37,Central,Consumer,2024,12,Dec
507708,2025-02-21,22700,1,3,0.0,118.77,114.78,344.34,Central,Consumer,2025,2,Feb
507709,2024-09-10,20412,21,1,0.1,301.42,318.32,286.49,Central,Consumer,2024,9,Sep
507710,2024-11-24,21676,20,3,0.0,187.69,176.15,528.45,South,Consumer,2024,11,Nov
507711,2025-07-27,22411,24,2,0.1,471.09,489.92,881.86,West,Small Business,2025,7,Jul
507712,2024-09-22,22011,5,3,0.15,310.91,293.01,747.18,East,Consumer,2024,9,Sep
507713,2025-08-03,20018,1,1,0.05,118.77,122.32,116.2,North,Consumer,2025,8,Aug
507714,2024-08-16,23251,29,2,0.05,538.73,510.12,969.23,South,Consumer,2024,8,Aug
507715,2024-06-12,21925,2,1,0.1,177.67,183.78,165.4,Central,Consumer,2024,6,Jun
507716,2024-07-12,20132,23,1,0.05,430.62,411.74,391.15,East,Small Business,2024,7,Jul
507717,2024-12-15,20216,22,2,0.05,356.25,329.14,625.37,Central,Consumer,2024,12,Dec
507718,2025-12-13,23463,12,3,0.05,119.8,118.09,336.56,Central,Corporate,2025,12,Dec
507719,2025-04-23,23922,11,2,0.0,526.43,495.07,990.14,West,Consumer,2025,4,Apr
507720,2024-08-11,22258,2,4,0.0,177.67,165.64,662.56,South,Small Business,2024,8,Aug
507721,2024-04-03,22683,25,3,0.0,408.11,418.81,1256.43,West,Consumer,2024,4,Apr
507722,2024-06-22,22366,10,3,0.05,452.53,458.23,1305.96,South,Corporate,2024,6,Jun
507723,2024-10-14,22179,29,3,0.0,538.73,559.31,1677.93,Central,Consumer,2024,10,Oct
507724,2024-11-30,21122,20,3,0.2,187.69,175.17,420.41,North,Small Business,2024,11,Nov
507725,2024-06-17,20885,1,3,0.0,118.77,113.93,341.79,Central,Consumer,2024,6,Jun
507726,2024-07-07,20660,27,2,0.1,282.82,287.51,517.52,East,Consumer,2024,7,Jul
507727,2024-05-11,20311,28,2,0.1,297.74,313.31,563.96,Central,Consumer,2024,5,May
507728,2024-07-17,22288,23,2,0.2,430.62,423.83,678.13,North,Small Business,2024,7,Jul
507729,2025-09-03,22609,28,3,0.0,297.74,296.45,889.35,North,Consumer,2025,9,Sep
507730,2024-07-12,23369,24,4,0.1,471.09,459.23,1653.23,Central,Consumer,2024,7,Jul
507731,2024-05-24,23691,19,2,0.05,495.95,514.85,978.22,East,Consumer,2024,5,May
507732,2024-04-10,23023,4,1,0.0,453.41,422.71,422.71,East,Consumer,2024,4,Apr
507733,2024-02-09,22997,14,4,0.05,323.49,343.2,1304.16,Central,Consumer,2024,2,Feb
507734,2025-10-10,23199,7,3,0.05,208.23,222.22,633.33,North,Consumer,2025,10,Oct
507735,2025-07-05,22044,12,1,0.0,119.8,115.82,115.82,Central,Small Business,2025,7,Jul
507736,2024-05-14,21350,24,1,0.1,471.09,490.14,441.13,West,Consumer,2024,5,May
507737,2024-07-02,21764,26,4,0.0,173.18,172.51,690.04,Central,Consumer,2024,7,Jul
507738,2024-01-17,22516,12,3,0.05,119.8,117.77,335.64,South,Consumer,2024,1,Jan
507739,2024-01-26,22430,6,2,0.05,183.47,173.94,330.49,West,Consumer,2024,1,Jan
507740,2025-07-22,22262,26,2,0.0,173.18,186.54,373.08,East,Small Business,2025,7,Jul
507741,2024-09-29,23446,20,4,0.0,187.69,195.1,780.4,North,Consumer,2024,9,Sep
507742,2024-11-26,20356,2,1,0.05,177.67,187.43,178.06,Central,Consumer,2024,11,Nov
507743,2025-07-26,22602,13,2,0.0,509.47,512.74,1025.48,East,Consumer,2025,7,Jul
507744,2024-09-15,22157,19,1,0.0,495.95,498.58,498.58,North,Consumer,2024,9,Sep
507745,2025-12-11,20277,4,4,0.2,453.41,478.94,1532.61,North,Consumer,2025,12,Dec
507746,2025-01-24,20007,16,4,0.05,113.27,111.91,425.26,West,Consumer,2025,1,Jan
507747,2024-05-14,20043,16,2,0.1,113.27,121.99,219.58,East,Small Business,2024,5,May
507748,2025-02-10,22942,25,1,0.05,408.11,420.33,399.31,South,Corporate,2025,2,Feb
507749,2024-08-20,23842,12,1,0.0,119.8,120.66,120.66,North,Consumer,2024,8,Aug
507750,2024-10-08,23556,6,4,0.05,183.47,194.54,739.25,West,Consumer,2024,10,Oct
507751,2025-05-02,20092,13,4,0.0,509.47,486.6,1946.4,West,Corporate,2025,5,May
507752,2025-09-14,23551,6,2,0.0,183.47,170.08,340.16,East,Consumer,2025,9,Sep
507753,2025-01-03,22481,24,2,0.0,471.09,463.62,927.24,East,Consumer,2025,1,Jan
507754,2025-09-08,21296,15,4,0.05,203.7,192.72,732.34,East,Consumer,2025,9,Sep
507755,2024-10-04,20818,16,4,0.0,113.27,106.52,426.08,East,Small Business,2024,10,Oct
507756,2024-09-24,22443,19,2,0.0,495.95,459.65,919.3,South,Consumer,2024,9,Sep
507757,2025-09-05,20678,26,4,0.05,173.18,183.3,696.54,South,Corporate,2025,9,Sep
507758,2024-06-11,22985,5,4,0.05,310.91,308.15,1170.97,West,Consumer,2024,6,Jun
507759,2024-04-29,20831,2,1,0.05,177.67,172.11,163.5,Central,Consumer,2024,4,Apr
507760,2024-12-21,22562,28,1,0.15,297.74,317.18,269.6,South,Consumer,2024,12,Dec
507761,2024-03-27,23800,29,1,0.2,538.73,519.7,415.76,North,Small Business,2024,3,Mar
507762,2024-04-24,20055,26,1,0.15,173.18,159.99,135.99,Central,Consumer,2024,4,Apr
507763,2025-04-06,20613,6,2,0.05,183.47,189.31,359.69,West,Consumer,2025,4,Apr
507764,2024-07-25,22099,4,3,0.0,453.41,429.48,1288.44,East,Consumer,2024,7,Jul
507765,2024-03-31,22305,11,1,0.05,526.43,558.69,530.76,Central,Consumer,2024,3,Mar
507766,2024-10-07,22060,26,4,0.1,173.18,180.76,650.74,East,Small Business,2024,10,Oct
507767,2025-09-11,20678,27,1,0.0,282.82,264.56,264.56,South,Corporate,2025,9,Sep
507768,2024-10-06,23238,28,4,0.05,297.74,316.06,1201.03,South,Small Business,2024,10,Oct
507769,2024-08-15,21316,9,1,0.05,308.58,295.11,280.35,Central,Consumer,2024,8,Aug
507770,2024-05-11,23217,8,4,0.1,289.09,266.53,959.51,West,Consumer,2024,5,May
507771,2024-08-04,23569,9,3,0.0,308.58,293.05,879.15,South,Consumer,2024,8,Aug
507772,2025-01-07,22636,26,4,0.1,173.18,165.84,597.02,East,Small Business,2025,1,Jan
507773,2024-10-11,23257,3,2,0.0,379.36,372.01,744.02,West,Corporate,2024,10,Oct
507774,2025-03-24,20621,17,4,0.05,364.39,350.15,1330.57,West,Corporate,2025,3,Mar
507775,2024-11-20,21072,4,4,0.0,453.41,463.28,1853.12,North,Consumer,2024,11,Nov
507776,2025-03-23,22239,25,4,0.05,408.11,400.72,1522.74,North,Corporate,2025,3,Mar
507777,2025-09-01,21682,9,2,0.05,308.58,306.12,581.63,South,Small Business,2025,9,Sep
507778,2025-08-09,23545,19,2,0.1,495.95,510.27,918.49,North,Consumer,2025,8,Aug
507779,2025-12-20,23818,13,1,0.05,509.47,513.76,488.07,South,Consumer,2025,12,Dec
507780,2024-02-26,20652,9,2,0.05,308.58,295.37,561.2,West,Consumer,2024,2,Feb
507781,2024-07-05,23815,24,2,0.1,471.09,499.63,899.33,Central,Consumer,2024,7,Jul
507782,2024-04-24,23430,21,3,0.05,301.42,279.99,797.97,North,Small Business,2024,4,Apr
507783,2025-06-21,21105,25,4,0.1,408.11,411.89,1482.8,South,Consumer,2025,6,Jun
507784,2024-11-15,20332,21,4,0.1,301.42,296.46,1067.26,South,Consumer,2024,11,Nov
507785,2024-01-08,21530,23,2,0.05,430.62,450.71,856.35,South,Small Business,2024,1,Jan
507786,2024-12-18,23854,22,1,0.1,356.25,384.44,346.0,Central,Small Business,2024,12,Dec
507787,2025-02-02,20081,4,3,0.0,453.41,459.96,1379.88,Central,Consumer,2025,2,Feb
507788,2024-05-30,23861,23,4,0.15,430.62,425.06,1445.2,Central,Consumer,2024,5,May
507789,2024-08-20,20931,12,2,0.0,119.8,119.86,239.72,East,Small Business,2024,8,Aug
507790,2024-08-06,23936,20,4,0.0,187.69,187.28,749.12,Central,Consumer,2024,8,Aug
507791,2025-01-21,22211,3,1,0.05,379.36,393.54,373.86,East,Small Business,2025,1,Jan
507792,2024-04-26,21363,14,1,0.0,323.49,297.89,297.89,South,Consumer,2024,4,Apr
507793,2024-12-11,22612,11,4,0.1,526.43,553.86,1993.9,West,Small Business,2024,12,Dec
507794,2025-01-31,23415,10,1,0.1,452.53,451.59,406.43,Central,Consumer,2025,1,Jan
507795,2025-01-22,21319,13,3,0.2,509.47,510.42,1225.01,West,Consumer,2025,1,Jan
507796,2024-12-14,21374,28,3,0.0,297.74,313.63,940.89,West,Consumer,2024,12,Dec
507797,2025-06-18,22716,21,4,0.0,301.42,278.73,1114.92,North,Consumer,2025,6,Jun
507798,2025-05-17,20404,25,1,0.0,408.11,435.75,435.75,Central,Small Business,2025,5,May
507799,2024-12-18,22773,18,1,0.0,376.89,350.35,350.35,West,Corporate,2024,12,Dec
507800,2025-04-05,21725,26,3,0.0,173.18,170.55,511.65,South,Small Business,2025,4,Apr
507801,2024-03-08,21117,23,1,0.2,430.62,459.31,367.45,North,Corporate,2024,3,Mar
507802,2024-07-17,23209,3,2,0.05,379.36,403.91,767.43,North,Consumer,2024,7,Jul
507803,2024-06-17,22476,20,1,0.0,187.69,182.17,182.17,West,Consumer,2024,6,Jun
507804,2025-07-09,20098,13,2,0.05,509.47,474.16,900.9,East,Consumer,2025,7,Jul
507805,2024-10-27,23828,15,4,0.05,203.7,207.14,787.13,North,Consumer,2024,10,Oct
507806,2024-04-20,21765,11,2,0.1,526.43,545.98,982.76,East,Consumer,2024,4,Apr
507807,2025-03-10,20013,3,4,0.0,379.36,403.94,1615.76,East,Consumer,2025,3,Mar
507808,2025-04-05,22412,27,4,0.1,282.82,261.77,942.37,West,Small Business,2025,4,Apr
507809,2025-09-18,21386,7,2,0.15,208.23,201.38,342.35,West,Consumer,2025,9,Sep
507810,2025-03-29,23263,10,4,0.2,452.53,474.23,1517.54,South,Consumer,2025,3,Mar
507811,2025-11-09,22728,19,2,0.1,495.95,519.74,935.53,Central,Consumer,2025,11,Nov
507812,2024-06-21,20998,29,1,0.0,538.73,545.44,545.44,Central,Consumer,2024,6,Jun
507813,2024-12-20,23528,9,4,0.0,308.58,286.97,1147.88,West,Consumer,2024,12,Dec
507814,2024-05-22,20439,25,1,0.1,408.11,413.77,372.39,South,Small Business,2024,5,May
507815,2024-11-05,21397,4,1,0.0,453.41,476.99,476.99,Central,Corporate,2024,11,Nov
507816,2024-03-19,20811,27,3,0.15,282.82,261.13,665.88,North,Corporate,2024,3,Mar
507817,2024-09-26,20923,7,4,0.05,208.23,198.63,754.79,East,Corporate,2024,9,Sep
507818,2025-03-29,22449,4,4,0.1,453.41,478.72,1723.39,South,Consumer,2025,3,Mar
507819,2024-08-21,23208,18,4,0.05,376.89,360.87,1371.31,West,Consumer,2024,8,Aug
507820,2024-09-23,22473,30,4,0.0,300.75,279.48,1117.92,East,Small Business,2024,9,Sep
507821,2025-03-02,20137,29,2,0.05,538.73,557.62,1059.48,Central,Small Business,2025,3,Mar
507822,2025-12-31,21440,12,4,0.0,119.8,125.07,500.28,West,Consumer,2025,12,Dec
507823,2024-05-20,22275,3,4,0.0,379.36,373.26,1493.04,Central,Consumer,2024,5,May
507824,2025-04-09,22070,3,2,0.05,379.36,392.79,746.3,South,Small Business,2025,4,Apr
507825,2025-11-22,21946,6,3,0.05,183.47,185.57,528.87,East,Consumer,2025,11,Nov
507826,2024-01-08,21493,19,1,0.0,495.95,475.83,475.83,West,Consumer,2024,1,Jan
507827,2024-10-14,20519,14,3,0.0,323.49,319.14,957.42,Central,Consumer,2024,10,Oct
507828,2024-09-30,20363,26,1,0.0,173.18,176.24,176.24,Central,Small Business,2024,9,Sep
507829,2025-12-09,20028,3,2,0.2,379.36,400.58,640.93,Central,Consumer,2025,12,Dec
507830,2024-01-11,20360,22,1,0.15,356.25,341.41,290.2,Central,Consumer,2024,1,Jan
507831,2025-12-17,23027,29,3,0.0,538.73,506.85,1520.55,East,Consumer,2025,12,Dec
507832,2025-04-03,22033,22,3,0.15,356.25,377.25,961.99,South,Small Business,2025,4,Apr
507833,2024-01-21,23309,29,4,0.1,538.73,577.72,2079.79,West,Consumer,2024,1,Jan
507834,2025-11-01,23719,29,2,0.0,538.73,500.14,1000.28,North,Consumer,2025,11,Nov
507835,2025-07-24,20106,11,4,0.0,526.43,565.37,2261.48,West,Corporate,2025,7,Jul
507836,2025-06-28,21751,30,4,0.0,300.75,312.4,1249.6,East,Consumer,2025,6,Jun
507837,2024-07-31,21250,6,3,0.05,183.47,195.89,558.29,West,Corporate,2024,7,Jul
507838,2024-07-12,22088,25,3,0.05,408.11,377.08,1074.68,South,Small Business,2024,7,Jul
507839,2025-08-06,22798,29,4,0.1,538.73,576.84,2076.62,West,Consumer,2025,8,Aug
507840,2024-05-10,23235,24,4,0.0,471.09,447.06,1788.24,West,Consumer,2024,5,May
507841,2024-11-28,21945,24,3,0.0,471.09,439.37,1318.11,East,Small Business,2024,11,Nov
507842,2025-10-03,22181,11,4,0.05,526.43,556.84,2115.99,Central,Small Business,2025,10,Oct
507843,2025-12-03,20142,22,3,0.1,356.25,373.11,1007.4,Central,Corporate,2025,12,Dec
507844,2024-03-28,20218,14,2,0.0,323.49,320.77,641.54,West,Consumer,2024,3,Mar
507845,2025-07-09,21450,6,1,0.15,183.47,193.68,164.63,East,Small Business,2025,7,Jul
507846,2025-06-02,21505,16,1,0.1,113.27,120.22,108.2,East,Consumer,2025,6,Jun
507847,2025-09-15,21785,27,4,0.0,282.82,260.61,1042.44,Central,Small Business,2025,9,Sep
507848,2024-06-27,20090,15,1,0.1,203.7,189.41,170.47,North,Consumer,2024,6,Jun
507849,2025-08-09,20970,15,4,0.0,203.7,206.49,825.96,Central,Corporate,2025,8,Aug
507850,2024-08-08,23679,25,4,0.0,408.11,378.22,1512.88,Central,Small Business,2024,8,Aug
507851,2024-10-27,20174,30,4,0.15,300.75,307.46,1045.36,East,Consumer,2024,10,Oct
507852,2024-02-04,23920,30,1,0.0,300.75,293.25,293.25,Central,Consumer,2024,2,Feb
507853,2025-05-11,22844,27,4,0.0,282.82,282.97,1131.88,South,Corporate,2025,5,May
507854,2024-05-04,20894,7,3,0.0,208.23,222.12,666.36,North,Consumer,2024,5,May
507855,2024-10-13,23228,8,4,0.05,289.09,300.36,1141.37,South,Small Business,2024,10,Oct
507856,2024-01-29,22180,24,3,0.15,471.09,460.53,1174.35,Central,Consumer,2024,1,Jan
507857,2025-02-03,22046,24,4,0.0,471.09,501.36,2005.44,Central,Corporate,2025,2,Feb
507858,2025-01-15,20305,19,2,0.1,495.95,494.54,890.17,Central,Consumer,2025,1,Jan
507859,2025-05-04,22403,21,2,0.0,301.42,295.67,591.34,Central,Consumer,2025,5,May
507860,2024-11-24,20885,22,4,0.15,356.25,381.34,1296.56,Central,Consumer,2024,11,Nov
507861,2025-07-14,21316,6,1,0.1,183.47,169.4,152.46,Central,Consumer,2025,7,Jul
507862,2025-01-24,20351,16,1,0.1,113.27,114.17,102.75,West,Small Business,2025,1,Jan
507863,2024-04-07,23063,19,2,0.0,495.95,530.57,1061.14,West,Consumer,2024,4,Apr
507864,2024-02-17,20016,21,3,0.0,301.42,322.39,967.17,South,Consumer,2024,2,Feb
507865,2024-05-18,22442,7,2,0.0,208.23,196.77,393.54,West,Consumer,2024,5,May
507866,2025-08-12,22613,19,1,0.05,495.95,521.27,495.21,East,Consumer,2025,8,Aug
507867,2024-10-28,21893,13,2,0.0,509.47,499.18,998.36,West,Consumer,2024,10,Oct
507868,2024-03-31,21746,20,1,0.0,187.69,195.8,195.8,South,Small Business,2024,3,Mar
507869,2024-10-15,21403,8,1,0.0,289.09,266.18,266.18,South,Consumer,2024,10,Oct
507870,2025-08-31,22782,29,3,0.1,538.73,497.78,1344.01,North,Consumer,2025,8,Aug
507871,2025-08-09,22898,12,2,0.1,119.8,114.21,205.58,South,Consumer,2025,8,Aug
507872,2024-08-23,23879,2,2,0.05,177.67,179.83,341.68,Central,Small Business,2024,8,Aug
507873,2024-07-22,20132,9,1,0.1,308.58,330.34,297.31,East,Small Business,2024,7,Jul
507874,2024-11-20,23584,9,1,0.0,308.58,324.06,324.06,Central,Consumer,2024,11,Nov
507875,2024-08-05,21885,11,1,0.0,526.43,499.23,499.23,South,Consumer,2024,8,Aug
507876,2025-04-22,20145,20,3,0.0,187.69,178.25,534.75,South,Consumer,2025,4,Apr
507877,2025-05-07,23712,2,3,0.0,177.67,188.69,566.07,West,Consumer,2025,5,May
507878,2025-03-18,21636,12,4,0.0,119.8,124.43,497.72,Central,Consumer,2025,3,Mar
507879,2025-09-14,22530,5,3,0.05,310.91,314.8,897.18,East,Consumer,2025,9,Sep
507880,2025-02-17,23743,14,1,0.0,323.49,300.12,300.12,West,Small Business,2025,2,Feb
507881,2025-05-06,22666,11,3,0.05,526.43,496.73,1415.68,North,Consumer,2025,5,May
507882,2024-10-19,23850,13,2,0.05,509.47,515.22,978.92,South,Consumer,2024,10,Oct
507883,2024-06-19,21179,12,4,0.0,119.8,126.41,505.64,Central,Consumer,2024,6,Jun
507884,2024-12-16,22895,24,3,0.15,471.09,482.23,1229.69,South,Small Business,2024,12,Dec
507885,2025-04-12,20414,27,4,0.0,282.82,282.58,1130.32,Central,Small Business,2025,4,Apr
507886,2024-02-17,21013,2,4,0.0,177.67,189.56,758.24,West,Small Business,2024,2,Feb
507887,2024-12-11,20879,12,3,0.15,119.8,111.18,283.51,South,Consumer,2024,12,Dec
507888,2024-04-28,21723,14,3,0.0,323.49,304.97,914.91,Central,Corporate,2024,4,Apr
507889,2024-07-04,20345,12,2,0.05,119.8,114.68,217.89,North,Corporate,2024,7,Jul
507890,2025-06-19,21129,21,2,0.05,301.42,277.75,527.72,Central,Consumer,2025,6,Jun
507891,2024-09-02,20188,22,1,0.0,356.25,353.1,353.1,East,Corporate,2024,9,Sep
507892,2025-05-06,21016,13,1,0.0,509.47,500.58,500.58,North,Small Business,2025,5,May
507893,2025-01-21,20214,18,4,0.0,376.89,355.11,1420.44,West,Small Business,2025,1,Jan
507894,2024-09-03,21035,2,1,0.05,177.67,165.09,156.84,Central,Consumer,2024,9,Sep
507895,2024-12-14,23425,6,1,0.05,183.47,171.17,162.61,North,Corporate,2024,12,Dec
507896,2025-08-02,22757,29,4,0.1,538.73,534.72,1924.99,North,Consumer,2025,8,Aug
507897,2025-02-09,20196,18,3,0.05,376.89,390.17,1111.98,South,Consumer,2025,2,Feb
507898,2025-08-12,22817,12,1,0.0,119.8,112.95,112.95,East,Consumer,2025,8,Aug
507899,2024-08-06,23740,30,2,0.05,300.75,312.35,593.46,West,Consumer,2024,8,Aug
507900,2025-01-20,22279,29,3,0.05,538.73,510.18,1454.01,West,Small Business,2025,1,Jan
507901,2024-08-14,21190,2,2,0.05,177.67,179.82,341.66,North,Consumer,2024,8,Aug
507902,2025-12-17,23763,28,3,0.1,297.74,289.15,780.7,Central,Consumer,2025,12,Dec
507903,2025-10-04,23755,5,2,0.15,310.91,291.76,495.99,South,Small Business,2025,10,Oct
507904,2024-07-13,23044,5,4,0.0,310.91,323.17,1292.68,East,Corporate,2024,7,Jul
507905,2024-05-21,21660,4,1,0.1,453.41,453.12,407.81,South,Consumer,2024,5,May
507906,2024-08-03,21682,20,1,0.1,187.69,187.15,168.44,South,Small Business,2024,8,Aug
507907,2024-02-15,21055,17,2,0.0,364.39,362.68,725.36,Central,Consumer,2024,2,Feb
507908,2024-01-07,23293,9,3,0.05,308.58,295.74,842.86,West,Consumer,2024,1,Jan
507909,2024-01-21,23434,26,4,0.15,173.18,169.73,577.08,West,Consumer,2024,1,Jan
507910,2024-04-19,20970,7,3,0.1,208.23,211.19,570.21,Central,Corporate,2024,4,Apr
507911,2025-05-16,21686,12,1,0.0,119.8,110.44,110.44,West,Consumer,2025,5,May
507912,2025-08-20,21662,17,4,0.05,364.39,393.11,1493.82,South,Small Business,2025,8,Aug
507913,2024-02-07,23129,28,4,0.0,297.74,278.1,1112.4,East,Consumer,2024,2,Feb
507914,2025-04-04,20211,17,4,0.15,364.39,389.98,1325.93,North,Corporate,2025,4,Apr
507915,2025-03-01,21624,26,4,0.05,173.18,186.49,708.66,East,Consumer,2025,3,Mar
507916,2024-05-18,23661,27,3,0.0,282.82,304.18,912.54,Central,Consumer,2024,5,May
507917,2025-04-24,22200,17,2,0.1,364.39,388.18,698.72,South,Small Business,2025,4,Apr
507918,2025-05-10,21104,21,3,0.2,301.42,307.58,738.19,South,Consumer,2025,5,May
507919,2025-11-29,23794,13,3,0.05,509.47,492.0,1402.2,West,Small Business,2025,11,Nov
507920,2024-04-29,20412,23,1,0.0,430.62,421.62,421.62,Central,Consumer,2024,4,Apr
507921,2024-01-27,21804,10,1,0.15,452.53,477.87,406.19,Central,Small Business,2024,1,Jan
507922,2024-10-24,23092,24,2,0.0,471.09,448.67,897.34,West,Small Business,2024,10,Oct
507923,2025-05-28,21548,5,1,0.0,310.91,291.2,291.2,Central,Consumer,2025,5,May
507924,2025-12-30,23780,3,4,0.15,379.36,357.23,1214.58,South,Consumer,2025,12,Dec
507925,2025-03-23,23261,2,4,0.1,177.67,189.55,682.38,West,Consumer,2025,3,Mar
507926,2024-08-19,23357,11,4,0.15,526.43,523.79,1780.89,South,Consumer,2024,8,Aug
507927,2024-06-16,21927,5,2,0.1,310.91,332.44,598.39,East,Consumer,2024,6,Jun
507928,2025-05-11,21294,19,1,0.1,495.95,503.28,452.95,East,Consumer,2025,5,May
507929,2025-05-26,22902,18,1,0.0,376.89,372.62,372.62,South,Consumer,2025,5,May
507930,2024-01-05,23991,24,1,0.0,471.09,453.66,453.66,South,Small Business,2024,1,Jan
507931,2025-10-29,22324,9,4,0.0,308.58,300.65,1202.6,Central,Small Business,2025,10,Oct
507932,2024-08-06,21104,25,4,0.0,408.11,397.06,1588.24,South,Consumer,2024,8,Aug
507933,2025-02-04,23793,25,1,0.0,408.11,393.78,393.78,East,Consumer,2025,2,Feb
507934,2024-08-11,20922,27,1,0.1,282.82,267.13,240.42,West,Consumer,2024,8,Aug
507935,2024-08-20,20527,25,1,0.05,408.11,386.04,366.74,Central,Corporate,2024,8,Aug
507936,2025-09-04,20803,21,3,0.05,301.42,303.47,864.89,West,Consumer,2025,9,Sep
507937,2025-01-02,20799,3,1,0.0,379.36,391.38,391.38,South,Small Business,2025,1,Jan
507938,2024-05-04,20060,5,1,0.1,310.91,287.08,258.37,East,Small Business,2024,5,May
507939,2024-09-04,21153,28,2,0.0,297.74,290.91,581.82,Central,Consumer,2024,9,Sep
507940,2024-08-23,22324,9,4,0.0,308.58,298.11,1192.44,Central,Small Business,2024,8,Aug
507941,2025-07-07,23612,29,4,0.15,538.73,546.17,1856.98,Central,Consumer,2025,7,Jul
507942,2024-04-29,22941,19,4,0.0,495.95,510.81,2043.24,West,Consumer,2024,4,Apr
507943,2024-10-13,22917,18,1,0.0,376.89,390.47,390.47,South,Consumer,2024,10,Oct
507944,2024-12-14,22434,19,3,0.0,495.95,500.3,1500.9,South,Consumer,2024,12,Dec
507945,2024-03-18,23305,11,1,0.0,526.43,510.93,510.93,West,Small Business,2024,3,Mar
507946,2024-07-17,22131,1,1,0.1,118.77,127.12,114.41,East,Small Business,2024,7,Jul
507947,2025-02-12,23130,8,3,0.1,289.09,279.57,754.84,North,Small Business,2025,2,Feb
507948,2024-05-10,22566,15,3,0.05,203.7,201.58,574.5,East,Consumer,2024,5,May
507949,2025-02-24,20591,8,4,0.0,289.09,296.23,1184.92,West,Consumer,2025,2,Feb
507950,2024-11-11,23485,30,1,0.0,300.75,307.47,307.47,Central,Small Business,2024,11,Nov
507951,2025-09-24,22646,15,3,0.0,203.7,204.53,613.59,Central,Consumer,2025,9,Sep
507952,2024-12-11,21235,2,1,0.05,177.67,170.45,161.93,South,Consumer,2024,12,Dec
507953,2024-12-23,23188,12,3,0.1,119.8,128.32,346.46,West,Small Business,2024,12,Dec
507954,2024-08-13,21905,12,3,0.15,119.8,116.98,298.3,North,Consumer,2024,8,Aug
507955,2024-02-12,20028,21,4,0.05,301.42,311.12,1182.26,Central,Consumer,2024,2,Feb
507956,2025-12-07,23611,18,1,0.0,376.89,371.33,371.33,South,Corporate,2025,12,Dec
507957,2024-07-21,21917,13,4,0.0,509.47,483.48,1933.92,West,Consumer,2024,7,Jul
507958,2024-04-16,21086,29,1,0.05,538.73,512.97,487.32,Central,Consumer,2024,4,Apr
507959,2024-03-05,21912,19,4,0.0,495.95,478.32,1913.28,North,Consumer,2024,3,Mar
507960,2025-06-05,20190,3,2,0.05,379.36,356.04,676.48,East,Consumer,2025,6,Jun
507961,2024-10-11,23604,10,3,0.15,452.53,462.97,1180.57,Central,Consumer,2024,10,Oct
507962,2025-01-20,21332,26,4,0.15,173.18,184.04,625.74,West,Consumer,2025,1,Jan
507963,2024-03-20,21587,21,2,0.05,301.42,307.3,583.87,East,Corporate,2024,3,Mar
507964,2024-10-08,22656,10,4,0.05,452.53,472.46,1795.35,East,Small Business,2024,10,Oct
507965,2024-08-21,22000,9,4,0.0,308.58,304.91,1219.64,East,Small Business,2024,8,Aug
507966,2025-05-07,20253,9,3,0.0,308.58,297.86,893.58,West,Consumer,2025,5,May
507967,2025-06-03,21727,18,2,0.0,376.89,358.79,717.58,Central,Consumer,2025,6,Jun
507968,2024-04-22,20786,9,1,0.05,308.58,314.86,299.12,East,Corporate,2024,4,Apr
507969,2025-09-23,21214,14,3,0.0,323.49,298.54,895.62,Central,Small Business,2025,9,Sep
507970,2025-11-10,21725,27,1,0.0,282.82,265.7,265.7,South,Small Business,2025,11,Nov
507971,2024-03-04,20376,19,1,0.15,495.95,518.44,440.67,South,Small Business,2024,3,Mar
507972,2025-09-01,21501,5,4,0.0,310.91,325.82,1303.28,Central,Consumer,2025,9,Sep
507973,2025-08-08,20798,18,3,0.05,376.89,388.52,1107.28,West,Small Business,2025,8,Aug
507974,2025-06-27,23690,3,1,0.0,379.36,364.14,364.14,East,Consumer,2025,6,Jun
507975,2025-12-30,21739,17,2,0.0,364.39,361.11,722.22,Central,Consumer,2025,12,Dec
507976,2025-12-01,22119,24,3,0.05,471.09,443.82,1264.89,North,Consumer,2025,12,Dec
507977,2024-09-30,20288,12,3,0.0,119.8,121.9,365.7,West,Consumer,2024,9,Sep
507978,2025-11-18,23554,27,4,0.0,282.82,284.51,1138.04,North,Consumer,2025,11,Nov
507979,2024-05-03,20476,28,2,0.05,297.74,315.39,599.24,East,Small Business,2024,5,May
507980,2024-05-27,21601,8,2,0.0,289.09,301.36,602.72,West,Small Business,2024,5,May
507981,2025-06-21,22645,10,1,0.0,452.53,435.6,435.6,East,Consumer,2025,6,Jun
507982,2025-10-10,22332,30,4,0.05,300.75,280.16,1064.61,Central,Consumer,2025,10,Oct
507983,2024-05-27,22262,7,2,0.0,208.23,207.48,414.96,East,Small Business,2024,5,May
507984,2025-08-01,22259,28,3,0.05,297.74,307.06,875.12,West,Small Business,2025,8,Aug
507985,2025-07-27,21475,14,4,0.0,323.49,317.33,1269.32,Central,Consumer,2025,7,Jul
507986,2024-11-13,20644,4,3,0.0,453.41,489.29,1467.87,North,Consumer,2024,11,Nov
507987,2025-09-30,23970,29,3,0.0,538.73,546.81,1640.43,East,Consumer,2025,9,Sep
507988,2025-01-23,20060,5,2,0.05,310.91,332.78,632.28,East,Small Business,2025,1,Jan
507989,2025-02-04,20818,19,3,0.0,495.95,527.19,1581.57,East,Small Business,2025,2,Feb
507990,2025-02-14,21076,12,1,0.1,119.8,120.29,108.26,South,Consumer,2025,2,Feb
507991,2025-03-07,21138,30,4,0.05,300.75,320.2,1216.76,South,Corporate,2025,3,Mar
507992,2025-01-13,20207,21,1,0.0,301.42,301.02,301.02,Central,Corporate,2025,1,Jan
507993,2025-10-26,22707,25,3,0.0,408.11,427.59,1282.77,East,Small Business,2025,10,Oct
507994,2024-11-06,22983,1,1,0.1,118.77,119.37,107.43,Central,Small Business,2024,11,Nov
507995,2024-07-10,20785,11,4,0.1,526.43,553.97,1994.29,West,Consumer,2024,7,Jul
507996,2025-03-31,23382,19,3,0.15,495.95,512.07,1305.78,South,Consumer,2025,3,Mar
507997,2024-12-14,21312,11,3,0.0,526.43,513.99,1541.97,West,Consumer,2024,12,Dec
507998,2025-08-25,21363,26,3,0.05,173.18,167.92,478.57,South,Consumer,2025,8,Aug
507999,2025-09-25,21850,25,2,0.05,408.11,425.96,809.32,North,Small Business,2025,9,Sep
508000,2025-11-27,20702,15,3,0.05,203.7,218.8,623.58,West,Corporate,2025,11,Nov
508001,2025-09-15,23219,12,1,0.0,119.8,117.69,117.69,North,Small Business,2025,9,Sep
508002,2025-05-01,20599,3,2,0.1,379.36,400.94,721.69,Central,Consumer,2025,5,May
508003,2024-12-05,23369,26,4,0.05,173.18,175.29,666.1,Central,Consumer,2024,12,Dec
508004,2025-11-22,22038,6,1,0.2,183.47,195.13,156.1,South,Small Business,2025,11,Nov
508005,2024-10-13,20894,24,4,0.1,471.09,504.38,1815.77,North,Consumer,2024,10,Oct
508006,2025-12-04,21771,19,4,0.0,495.95,520.43,2081.72,West,Corporate,2025,12,Dec
508007,2025-12-12,23178,19,2,0.1,495.95,466.12,839.02,Central,Small Business,2025,12,Dec
508008,2025-04-20,23776,19,1,0.0,495.95,496.54,496.54,Central,Small Business,2025,4,Apr
508009,2025-12-17,21368,15,3,0.0,203.7,217.74,653.22,Central,Consumer,2025,12,Dec
508010,2024-07-25,23631,5,1,0.05,310.91,314.7,298.96,Central,Consumer,2024,7,Jul
508011,2024-02-14,22110,28,1,0.0,297.74,278.7,278.7,West,Consumer,2024,2,Feb
508012,2025-01-14,23797,19,2,0.2,495.95,504.92,807.87,South,Small Business,2025,1,Jan
508013,2024-08-25,21939,29,2,0.0,538.73,575.77,1151.54,Central,Consumer,2024,8,Aug
508014,2025-10-22,22612,10,3,0.15,452.53,450.55,1148.9,West,Small Business,2025,10,Oct
508015,2025-05-03,22826,8,1,0.0,289.09,305.56,305.56,Central,Consumer,2025,5,May
508016,2024-04-02,23396,4,1,0.0,453.41,418.5,418.5,West,Small Business,2024,4,Apr
508017,2025-03-23,21921,15,1,0.0,203.7,207.87,207.87,Central,Small Business,2025,3,Mar
508018,2025-06-26,23229,17,2,0.1,364.39,392.42,706.36,Central,Consumer,2025,6,Jun
508019,2024-10-11,20761,19,2,0.2,495.95,466.91,747.06,Central,Corporate,2024,10,Oct
508020,2025-11-22,21193,21,3,0.05,301.42,302.65,862.55,South,Small Business,2025,11,Nov
508021,2025-06-20,20113,25,2,0.05,408.11,382.03,725.86,Central,Consumer,2025,6,Jun
508022,2025-06-08,22463,8,2,0.15,289.09,285.21,484.86,North,Consumer,2025,6,Jun
508023,2024-08-23,21990,2,4,0.0,177.67,184.37,737.48,Central,Small Business,2024,8,Aug
508024,2025-11-24,22026,24,1,0.1,471.09,498.49,448.64,South,Small Business,2025,11,Nov
508025,2025-05-06,21826,21,3,0.0,301.42,319.4,958.2,Central,Small Business,2025,5,May
508026,2025-06-11,22278,2,3,0.0,177.67,185.77,557.31,East,Small Business,2025,6,Jun
508027,2025-08-11,22401,19,3,0.05,495.95,524.32,1494.31,West,Consumer,2025,8,Aug
508028,2025-12-22,21758,9,1,0.05,308.58,306.91,291.56,North,Small Business,2025,12,Dec
508029,2025-05-18,23512,24,1,0.0,471.09,493.33,493.33,East,Consumer,2025,5,May
508030,2025-12-03,20998,14,2,0.0,323.49,338.54,677.08,Central,Consumer,2025,12,Dec
508031,2024-06-26,22004,9,3,0.0,308.58,312.65,937.95,West,Corporate,2024,6,Jun
508032,2025-04-03,23182,15,2,0.0,203.7,188.25,376.5,Central,Consumer,2025,4,Apr
508033,2024-11-27,22778,14,4,0.1,323.49,311.79,1122.44,Central,Consumer,2024,11,Nov
508034,2025-03-14,20617,19,4,0.2,495.95,495.57,1585.82,East,Consumer,2025,3,Mar
508035,2025-10-05,22562,22,4,0.0,356.25,367.1,1468.4,South,Consumer,2025,10,Oct
508036,2025-10-17,21081,10,2,0.0,452.53,422.25,844.5,Central,Consumer,2025,10,Oct
508037,2024-02-21,21992,13,2,0.0,509.47,497.33,994.66,Central,Consumer,2024,2,Feb
508038,2025-07-17,23263,5,1,0.1,310.91,302.79,272.51,South,Consumer,2025,7,Jul
508039,2025-11-29,21697,29,2,0.15,538.73,507.76,863.19,East,Small Business,2025,11,Nov
508040,2025-03-13,23591,30,2,0.0,300.75,298.2,596.4,North,Small Business,2025,3,Mar
508041,2025-03-18,22240,6,2,0.0,183.47,190.73,381.46,South,Consumer,2025,3,Mar
508042,2025-06-05,23742,4,2,0.1,453.41,489.37,880.87,West,Consumer,2025,6,Jun
508043,2025-12-14,22552,10,3,0.1,452.53,475.66,1284.28,North,Small Business,2025,12,Dec
508044,2024-02-21,23817,1,1,0.1,118.77,125.46,112.91,West,Small Business,2024,2,Feb
508045,2025-08-10,21166,15,1,0.05,203.7,199.51,189.53,South,Consumer,2025,8,Aug
508046,2025-11-29,20580,17,1,0.0,364.39,382.25,382.25,Central,Corporate,2025,11,Nov
508047,2024-01-18,23904,16,1,0.1,113.27,116.36,104.72,West,Consumer,2024,1,Jan
508048,2024-11-06,22159,5,3,0.0,310.91,302.41,907.23,Central,Consumer,2024,11,Nov
508049,2025-05-29,23655,28,2,0.1,297.74,292.81,527.06,North,Small Business,2025,5,May
508050,2024-03-06,20717,20,4,0.1,187.69,196.51,707.44,Central,Consumer,2024,3,Mar
508051,2024-05-24,23549,27,3,0.2,282.82,269.59,647.02,South,Corporate,2024,5,May
508052,2024-10-03,21946,20,4,0.0,187.69,194.78,779.12,East,Consumer,2024,10,Oct
508053,2025-11-12,20400,10,1,0.0,452.53,454.07,454.07,South,Consumer,2025,11,Nov
508054,2025-01-10,22954,16,4,0.05,113.27,107.28,407.66,Central,Consumer,2025,1,Jan
508055,2025-10-09,22216,2,2,0.0,177.67,175.37,350.74,West,Consumer,2025,10,Oct
508056,2025-12-29,23901,11,1,0.2,526.43,537.77,430.22,East,Consumer,2025,12,Dec
508057,2025-03-27,22618,27,3,0.0,282.82,284.47,853.41,East,Consumer,2025,3,Mar
508058,2025-03-14,23876,21,3,0.1,301.42,277.6,749.52,East,Corporate,2025,3,Mar
508059,2025-05-25,23561,10,1,0.0,452.53,475.72,475.72,North,Consumer,2025,5,May
508060,2024-02-03,22311,18,1,0.05,376.89,390.54,371.01,Central,Consumer,2024,2,Feb
508061,2024-08-12,22554,5,4,0.0,310.91,300.89,1203.56,Central,Small Business,2024,8,Aug
508062,2024-02-22,21569,9,2,0.1,308.58,313.1,563.58,North,Small Business,2024,2,Feb
508063,2024-04-23,23363,11,4,0.05,526.43,539.58,2050.4,Central,Consumer,2024,4,Apr
508064,2024-10-25,21438,4,3,0.05,453.41,432.74,1233.31,West,Consumer,2024,10,Oct
508065,2025-11-05,23523,16,1,0.05,113.27,114.31,108.59,South,Small Business,2025,11,Nov
508066,2025-09-23,22187,4,1,0.0,453.41,425.84,425.84,West,Consumer,2025,9,Sep
508067,2024-10-13,23882,17,1,0.0,364.39,372.33,372.33,West,Consumer,2024,10,Oct
508068,2024-09-20,20470,18,4,0.05,376.89,398.82,1515.52,East,Consumer,2024,9,Sep
508069,2025-12-12,21207,11,2,0.0,526.43,491.73,983.46,South,Consumer,2025,12,Dec
508070,2025-12-20,21510,14,3,0.0,323.49,346.11,1038.33,East,Consumer,2025,12,Dec
508071,2025-02-19,22683,11,3,0.15,526.43,497.96,1269.8,West,Consumer,2025,2,Feb
508072,2024-01-11,20535,21,3,0.0,301.42,299.91,899.73,North,Corporate,2024,1,Jan
508073,2024-10-12,21057,17,3,0.0,364.39,353.83,1061.49,South,Consumer,2024,10,Oct
508074,2025-02-04,20247,2,4,0.05,177.67,167.58,636.8,North,Corporate,2025,2,Feb
508075,2025-06-19,21260,24,4,0.0,471.09,461.79,1847.16,East,Small Business,2025,6,Jun
508076,2025-12-14,23844,30,2,0.05,300.75,294.89,560.29,East,Consumer,2025,12,Dec
508077,2025-04-15,23596,12,1,0.1,119.8,128.84,115.96,East,Corporate,2025,4,Apr
508078,2024-12-19,21271,17,4,0.1,364.39,368.65,1327.14,West,Consumer,2024,12,Dec
508079,2024-12-31,22816,20,2,0.05,187.69,181.51,344.87,South,Consumer,2024,12,Dec
508080,2025-01-06,21892,7,2,0.2,208.23,194.62,311.39,West,Small Business,2025,1,Jan
508081,2025-03-22,21209,21,2,0.0,301.42,312.04,624.08,West,Small Business,2025,3,Mar
508082,2024-08-21,22785,7,2,0.15,208.23,223.21,379.46,East,Consumer,2024,8,Aug
508083,2024-05-23,21430,3,4,0.0,379.36,351.48,1405.92,Central,Consumer,2024,5,May
508084,2025-08-07,22040,27,4,0.05,282.82,304.46,1156.95,Central,Small Business,2025,8,Aug
508085,2025-06-24,20296,23,4,0.0,430.62,400.0,1600.0,South,Consumer,2025,6,Jun
508086,2025-11-11,23598,3,4,0.0,379.36,376.83,1507.32,North,Consumer,2025,11,Nov
508087,2025-05-28,23536,3,3,0.05,379.36,395.34,1126.72,West,Consumer,2025,5,May
508088,2024-11-08,23639,4,3,0.0,453.41,488.27,1464.81,South,Consumer,2024,11,Nov
508089,2025-10-08,21605,27,4,0.0,282.82,263.98,1055.92,East,Consumer,2025,10,Oct
508090,2025-10-29,21112,24,2,0.0,471.09,498.04,996.08,East,Consumer,2025,10,Oct
508091,2025-04-24,22207,30,4,0.0,300.75,294.04,1176.16,South,Consumer,2025,4,Apr
508092,2024-04-12,21714,29,4,0.05,538.73,571.92,2173.3,West,Consumer,2024,4,Apr
508093,2025-10-19,21324,25,2,0.2,408.11,439.7,703.52,West,Consumer,2025,10,Oct
508094,2025-05-08,20801,14,4,0.05,323.49,321.2,1220.56,West,Consumer,2025,5,May
508095,2024-07-05,21433,25,2,0.0,408.11,436.41,872.82,South,Consumer,2024,7,Jul
508096,2024-08-12,23725,3,2,0.05,379.36,379.78,721.58,Central,Consumer,2024,8,Aug
508097,2024-03-28,22885,5,1,0.0,310.91,304.08,304.08,West,Consumer,2024,3,Mar
508098,2024-03-18,20241,21,2,0.05,301.42,295.84,562.1,North,Corporate,2024,3,Mar
508099,2024-10-07,20994,1,2,0.0,118.77,112.33,224.66,South,Consumer,2024,10,Oct
508100,2025-03-27,23226,9,3,0.0,308.58,315.92,947.76,Central,Consumer,2025,3,Mar
508101,2025-03-20,21226,10,3,0.05,452.53,446.64,1272.92,South,Consumer,2025,3,Mar
508102,2025-02-01,23325,29,4,0.0,538.73,540.41,2161.64,North,Corporate,2025,2,Feb
508103,2025-03-12,22967,4,2,0.1,453.41,488.28,878.9,East,Small Business,2025,3,Mar
508104,2025-02-18,23515,28,4,0.0,297.74,301.46,1205.84,South,Consumer,2025,2,Feb
508105,2025-04-01,23783,23,1,0.0,430.62,422.03,422.03,North,Small Business,2025,4,Apr
508106,2025-06-23,22600,27,1,0.1,282.82,284.9,256.41,Central,Small Business,2025,6,Jun
508107,2025-09-26,23298,24,2,0.0,471.09,484.89,969.78,North,Consumer,2025,9,Sep
508108,2024-12-13,22064,1,3,0.0,118.77,122.26,366.78,East,Consumer,2024,12,Dec
508109,2025-03-29,23515,3,3,0.0,379.36,367.74,1103.22,South,Consumer,2025,3,Mar
508110,2024-10-05,22415,29,2,0.15,538.73,518.42,881.31,South,Consumer,2024,10,Oct
508111,2025-09-05,20370,12,1,0.05,119.8,121.8,115.71,West,Corporate,2025,9,Sep
508112,2025-06-25,20766,21,1,0.05,301.42,318.18,302.27,East,Consumer,2025,6,Jun
508113,2024-05-04,21808,28,1,0.1,297.74,278.21,250.39,Central,Consumer,2024,5,May
508114,2025-06-12,20703,2,1,0.2,177.67,174.27,139.42,Central,Consumer,2025,6,Jun
508115,2024-04-03,20748,10,2,0.05,452.53,436.44,829.24,North,Consumer,2024,4,Apr
508116,2025-01-20,23170,22,2,0.1,356.25,362.41,652.34,Central,Small Business,2025,1,Jan
508117,2025-09-30,20199,17,4,0.0,364.39,381.09,1524.36,South,Consumer,2025,9,Sep
508118,2025-03-29,22181,28,1,0.0,297.74,305.23,305.23,Central,Small Business,2025,3,Mar
508119,2024-02-10,23015,15,3,0.05,203.7,194.41,554.07,West,Small Business,2024,2,Feb
508120,2025-01-06,23729,11,1,0.0,526.43,537.48,537.48,East,Consumer,2025,1,Jan
508121,2025-08-13,21632,10,2,0.0,452.53,471.85,943.7,South,Consumer,2025,8,Aug
508122,2025-04-02,21071,21,3,0.0,301.42,295.07,885.21,North,Corporate,2025,4,Apr
508123,2025-10-04,22814,8,3,0.05,289.09,291.37,830.4,South,Consumer,2025,10,Oct
508124,2024-10-19,21131,10,2,0.0,452.53,425.72,851.44,South,Consumer,2024,10,Oct
508125,2024-12-30,20438,13,1,0.0,509.47,494.59,494.59,East,Consumer,2024,12,Dec
508126,2025-08-17,22042,20,1,0.1,187.69,192.34,173.11,East,Small Business,2025,8,Aug
508127,2025-04-04,21155,1,2,0.05,118.77,119.9,227.81,Central,Small Business,2025,4,Apr
508128,2025-05-31,20316,16,4,0.05,113.27,122.1,463.98,South,Small Business,2025,5,May
508129,2024-07-05,22549,15,2,0.0,203.7,200.71,401.42,East,Consumer,2024,7,Jul
508130,2025-06-05,22971,4,3,0.05,453.41,475.1,1354.04,North,Consumer,2025,6,Jun
508131,2024-10-17,23751,11,3,0.1,526.43,568.09,1533.84,Central,Consumer,2024,10,Oct
508132,2025-12-18,20668,1,1,0.05,118.77,117.22,111.36,Central,Consumer,2025,12,Dec
508133,2024-11-16,23160,30,1,0.0,300.75,282.51,282.51,North,Corporate,2024,11,Nov
508134,2025-01-03,22250,23,1,0.05,430.62,463.23,440.07,North,Corporate,2025,1,Jan
508135,2024-01-09,20828,25,1,0.0,408.11,384.0,384.0,North,Consumer,2024,1,Jan
508136,2025-11-25,20395,7,4,0.0,208.23,208.6,834.4,Central,Consumer,2025,11,Nov
508137,2024-04-25,20604,14,4,0.0,323.49,305.68,1222.72,East,Consumer,2024,4,Apr
508138,2024-10-16,21637,13,2,0.0,509.47,548.9,1097.8,Central,Corporate,2024,10,Oct
508139,2024-09-15,22885,3,2,0.15,379.36,350.89,596.51,West,Consumer,2024,9,Sep
508140,2025-10-27,22235,27,3,0.1,282.82,261.72,706.64,Central,Corporate,2025,10,Oct
508141,2025-04-18,20771,2,3,0.0,177.67,172.98,518.94,North,Small Business,2025,4,Apr
508142,2025-02-17,22121,26,4,0.15,173.18,183.14,622.68,West,Consumer,2025,2,Feb
508143,2025-05-16,21532,5,4,0.1,310.91,288.21,1037.56,West,Consumer,2025,5,May
508144,2025-02-20,23901,20,2,0.1,187.69,172.93,311.27,East,Consumer,2025,2,Feb
508145,2024-10-23,23567,30,1,0.2,300.75,279.6,223.68,West,Consumer,2024,10,Oct
508146,2025-10-01,22682,9,1,0.05,308.58,310.16,294.65,West,Small Business,2025,10,Oct
508147,2025-01-25,22976,8,4,0.05,289.09,293.72,1116.14,Central,Consumer,2025,1,Jan
508148,2025-11-28,22133,4,3,0.1,453.41,446.79,1206.33,West,Consumer,2025,11,Nov
508149,2024-02-16,22491,30,4,0.15,300.75,304.54,1035.44,Central,Consumer,2024,2,Feb
508150,2024-05-25,22614,6,1,0.15,183.47,171.84,146.06,North,Consumer,2024,5,May
508151,2024-12-06,23667,24,1,0.1,471.09,443.29,398.96,East,Consumer,2024,12,Dec
508152,2024-04-04,22959,29,2,0.15,538.73,557.89,948.41,West,Small Business,2024,4,Apr
508153,2024-06-22,23284,22,1,0.0,356.25,356.09,356.09,Central,Consumer,2024,6,Jun
508154,2025-07-22,23819,19,1,0.05,495.95,528.17,501.76,South,Small Business,2025,7,Jul
508155,2024-08-15,20982,3,4,0.1,379.36,384.91,1385.68,South,Corporate,2024,8,Aug
508156,2024-09-18,20590,13,4,0.0,509.47,518.53,2074.12,West,Corporate,2024,9,Sep
508157,2024-03-25,23535,20,2,0.1,187.69,179.83,323.69,North,Consumer,2024,3,Mar
508158,2024-04-11,22857,29,1,0.05,538.73,570.82,542.28,West,Corporate,2024,4,Apr
508159,2025-10-09,20531,10,3,0.1,452.53,479.13,1293.65,West,Consumer,2025,10,Oct
508160,2024-06-17,20052,16,4,0.15,113.27,104.44,355.1,Central,Consumer,2024,6,Jun
508161,2024-02-09,21539,1,2,0.05,118.77,120.57,229.08,Central,Consumer,2024,2,Feb
508162,2024-09-11,20026,13,2,0.0,509.47,539.73,1079.46,Central,Corporate,2024,9,Sep
508163,2024-10-12,22929,18,3,0.2,376.89,394.33,946.39,South,Consumer,2024,10,Oct
508164,2025-07-19,22855,4,2,0.15,453.41,441.62,750.75,North,Corporate,2025,7,Jul
508165,2024-08-07,21817,27,4,0.0,282.82,277.91,1111.64,Central,Small Business,2024,8,Aug
508166,2024-02-23,22218,3,1,0.0,379.36,366.54,366.54,North,Small Business,2024,2,Feb
508167,2025-12-14,22771,23,2,0.0,430.62,453.28,906.56,North,Corporate,2025,12,Dec
508168,2025-01-05,23199,21,3,0.0,301.42,291.86,875.58,North,Consumer,2025,1,Jan
508169,2024-10-03,23364,26,2,0.0,173.18,180.78,361.56,Central,Small Business,2024,10,Oct
508170,2024-01-13,21511,2,3,0.05,177.67,189.06,538.82,Central,Consumer,2024,1,Jan
508171,2024-06-27,21644,29,4,0.0,538.73,555.07,2220.28,South,Consumer,2024,6,Jun
508172,2025-05-25,20611,3,3,0.05,379.36,366.53,1044.61,South,Small Business,2025,5,May
508173,2025-09-10,21226,30,3,0.05,300.75,294.65,839.75,South,Consumer,2025,9,Sep
508174,2025-12-05,22574,29,1,0.05,538.73,571.68,543.1,North,Consumer,2025,12,Dec
508175,2025-04-17,23093,6,3,0.0,183.47,195.65,586.95,Central,Small Business,2025,4,Apr
508176,2024-09-17,22084,18,2,0.05,376.89,380.77,723.46,North,Small Business,2024,9,Sep
508177,2024-09-27,20908,22,2,0.1,356.25,355.97,640.75,East,Consumer,2024,9,Sep
508178,2025-11-05,21194,27,4,0.05,282.82,285.45,1084.71,West,Consumer,2025,11,Nov
508179,2024-09-26,21929,6,1,0.15,183.47,185.94,158.05,Central,Consumer,2024,9,Sep
508180,2025-10-08,21863,6,1,0.05,183.47,183.1,173.94,South,Consumer,2025,10,Oct
508181,2025-09-19,23729,19,1,0.2,495.95,474.82,379.86,East,Consumer,2025,9,Sep
508182,2024-09-11,22194,29,4,0.05,538.73,557.83,2119.75,Central,Consumer,2024,9,Sep
508183,2024-12-20,23193,18,3,0.1,376.89,389.01,1050.33,Central,Consumer,2024,12,Dec
508184,2024-06-01,20825,22,4,0.15,356.25,331.93,1128.56,West,Consumer,2024,6,Jun
508185,2025-04-27,20978,26,2,0.0,173.18,161.2,322.4,Central,Corporate,2025,4,Apr
508186,2024-08-29,22936,10,4,0.1,452.53,453.06,1631.02,South,Small Business,2024,8,Aug
508187,2024-06-03,21624,12,1,0.1,119.8,121.82,109.64,East,Consumer,2024,6,Jun
508188,2025-10-31,22430,28,3,0.0,297.74,316.14,948.42,West,Consumer,2025,10,Oct
508189,2025-02-20,21551,7,3,0.05,208.23,199.08,567.38,South,Consumer,2025,2,Feb
508190,2024-11-07,20264,4,2,0.1,453.41,448.5,807.3,West,Small Business,2024,11,Nov
508191,2024-04-10,21453,2,2,0.0,177.67,172.29,344.58,West,Consumer,2024,4,Apr
508192,2024-12-30,22003,27,1,0.0,282.82,304.73,304.73,Central,Consumer,2024,12,Dec
508193,2024-02-11,22326,22,3,0.0,356.25,365.6,1096.8,East,Consumer,2024,2,Feb
508194,2024-04-17,21080,20,4,0.0,187.69,190.16,760.64,Central,Corporate,2024,4,Apr
508195,2024-03-18,21810,10,3,0.05,452.53,421.14,1200.25,South,Corporate,2024,3,Mar
508196,2024-06-15,23556,16,3,0.0,113.27,116.79,350.37,West,Consumer,2024,6,Jun
508197,2025-12-06,22013,15,4,0.0,203.7,199.58,798.32,West,Consumer,2025,12,Dec
508198,2025-11-08,21803,27,2,0.0,282.82,288.95,577.9,South,Consumer,2025,11,Nov
508199,2025-01-12,21250,30,3,0.15,300.75,280.39,714.99,West,Corporate,2025,1,Jan
508200,2025-10-30,20575,1,4,0.0,118.77,120.05,480.2,East,Consumer,2025,10,Oct
508201,2024-11-24,23849,19,3,0.05,495.95,471.7,1344.34,Central,Corporate,2024,11,Nov
508202,2024-08-04,22664,17,3,0.0,364.39,390.46,1171.38,Central,Consumer,2024,8,Aug
508203,2025-05-04,20615,19,3,0.05,495.95,467.06,1331.12,Central,Corporate,2025,5,May
508204,2025-05-26,21057,16,1,0.0,113.27,108.79,108.79,South,Consumer,2025,5,May
508205,2024-10-24,23534,29,3,0.05,538.73,531.9,1515.91,East,Consumer,2024,10,Oct
508206,2025-05-16,23838,5,3,0.05,310.91,309.9,883.21,North,Small Business,2025,5,May
508207,2025-03-15,22168,7,1,0.05,208.23,221.16,210.1,South,Consumer,2025,3,Mar
508208,2024-11-04,20142,8,4,0.05,289.09,305.52,1160.98,Central,Corporate,2024,11,Nov
508209,2025-10-02,23298,21,4,0.0,301.42,287.11,1148.44,North,Consumer,2025,10,Oct
508210,2025-06-05,20525,6,2,0.0,183.47,184.21,368.42,Central,Consumer,2025,6,Jun
508211,2024-03-10,22532,9,2,0.0,308.58,326.45,652.9,East,Consumer,2024,3,Mar
508212,2025-10-16,23972,8,1,0.1,289.09,290.17,261.15,West,Consumer,2025,10,Oct
508213,2025-11-26,20117,8,4,0.2,289.09,279.82,895.42,West,Consumer,2025,11,Nov
508214,2025-07-20,23793,22,4,0.1,356.25,354.42,1275.91,East,Consumer,2025,7,Jul
508215,2024-12-08,20251,6,2,0.05,183.47,172.99,328.68,North,Consumer,2024,12,Dec
508216,2025-02-06,20245,29,3,0.0,538.73,536.94,1610.82,East,Corporate,2025,2,Feb
508217,2024-04-15,22242,4,1,0.0,453.41,455.59,455.59,South,Consumer,2024,4,Apr
508218,2025-04-09,21516,20,4,0.0,187.69,178.94,715.76,Central,Consumer,2025,4,Apr
508219,2024-10-22,20967,1,2,0.0,118.77,116.01,232.02,West,Small Business,2024,10,Oct
508220,2025-09-04,23763,17,2,0.05,364.39,351.73,668.29,Central,Consumer,2025,9,Sep
508221,2024-12-21,21528,1,1,0.05,118.77,127.5,121.12,West,Consumer,2024,12,Dec
508222,2025-07-02,21084,15,4,0.1,203.7,188.97,680.29,Central,Small Business,2025,7,Jul
508223,2025-03-04,23067,7,1,0.05,208.23,216.87,206.03,East,Consumer,2025,3,Mar
508224,2025-11-17,23438,5,3,0.0,310.91,296.55,889.65,East,Consumer,2025,11,Nov
508225,2025-09-07,22621,9,2,0.0,308.58,302.13,604.26,Central,Small Business,2025,9,Sep
508226,2025-09-05,22085,23,3,0.0,430.62,443.87,1331.61,Central,Consumer,2025,9,Sep
508227,2024-07-18,21689,9,4,0.15,308.58,326.45,1109.93,West,Small Business,2024,7,Jul
508228,2024-02-11,23231,28,2,0.0,297.74,275.08,550.16,North,Small Business,2024,2,Feb
508229,2025-01-16,22599,26,3,0.0,173.18,162.55,487.65,Central,Consumer,2025,1,Jan
508230,2025-06-07,22655,12,1,0.05,119.8,117.28,111.42,East,Consumer,2025,6,Jun
508231,2025-06-23,23953,14,3,0.05,323.49,323.49,921.95,Central,Consumer,2025,6,Jun
508232,2024-04-07,23218,4,3,0.0,453.41,487.52,1462.56,South,Consumer,2024,4,Apr
508233,2025-09-27,23096,1,3,0.0,118.77,119.7,359.1,Central,Consumer,2025,9,Sep
508234,2025-09-01,21378,21,4,0.15,301.42,304.71,1036.01,South,Corporate,2025,9,Sep
508235,2025-11-13,23110,25,2,0.2,408.11,431.84,690.94,North,Small Business,2025,11,Nov
508236,2024-03-14,23939,23,2,0.0,430.62,432.98,865.96,East,Consumer,2024,3,Mar
508237,2025-01-28,22814,20,3,0.0,187.69,180.35,541.05,South,Consumer,2025,1,Jan
508238,2024-07-29,21583,5,4,0.0,310.91,296.18,1184.72,Central,Small Business,2024,7,Jul
508239,2025-06-04,20054,20,2,0.2,187.69,187.31,299.7,North,Small Business,2025,6,Jun
508240,2024-08-18,20153,8,1,0.0,289.09,279.98,279.98,East,Consumer,2024,8,Aug
508241,2025-12-12,21232,27,2,0.1,282.82,271.52,488.74,East,Corporate,2025,12,Dec
508242,2025-11-12,23073,11,1,0.05,526.43,519.7,493.72,West,Small Business,2025,11,Nov
508243,2025-10-13,20402,2,2,0.05,177.67,171.93,326.67,Central,Small Business,2025,10,Oct
508244,2025-12-23,20871,10,2,0.2,452.53,453.21,725.14,South,Consumer,2025,12,Dec
508245,2025-01-31,21464,13,2,0.0,509.47,543.67,1087.34,West,Small Business,2025,1,Jan
508246,2025-01-28,20371,9,2,0.1,308.58,306.34,551.41,South,Corporate,2025,1,Jan
508247,2024-12-12,22367,4,1,0.1,453.41,430.94,387.85,East,Small Business,2024,12,Dec
508248,2025-01-16,22741,18,3,0.05,376.89,372.93,1062.85,Central,Small Business,2025,1,Jan
508249,2025-03-09,20105,9,1,0.1,308.58,317.53,285.78,Central,Corporate,2025,3,Mar
508250,2025-01-29,23119,26,4,0.1,173.18,183.42,660.31,East,Consumer,2025,1,Jan
508251,2024-06-21,20513,14,3,0.0,323.49,330.76,992.28,Central,Consumer,2024,6,Jun
508252,2025-04-12,22533,18,3,0.0,376.89,381.67,1145.01,East,Consumer,2025,4,Apr
508253,2024-09-03,20223,5,1,0.0,310.91,309.01,309.01,Central,Corporate,2024,9,Sep
508254,2024-02-20,20982,5,1,0.0,310.91,313.7,313.7,South,Corporate,2024,2,Feb
508255,2025-12-24,22530,23,2,0.05,430.62,452.68,860.09,East,Consumer,2025,12,Dec
508256,2024-08-04,20839,5,1,0.0,310.91,301.27,301.27,East,Small Business,2024,8,Aug
508257,2025-02-10,22953,24,2,0.0,471.09,488.77,977.54,East,Consumer,2025,2,Feb
508258,2025-03-23,21253,30,3,0.1,300.75,311.49,841.02,North,Small Business,2025,3,Mar
508259,2024-05-12,23539,12,3,0.05,119.8,124.01,353.43,North,Consumer,2024,5,May
508260,2024-06-20,22753,1,3,0.15,118.77,120.46,307.17,South,Corporate,2024,6,Jun
508261,2024-12-11,21394,20,2,0.1,187.69,176.28,317.3,Central,Consumer,2024,12,Dec
508262,2025-03-21,20238,29,1,0.0,538.73,575.83,575.83,South,Consumer,2025,3,Mar
508263,2025-12-23,23019,16,4,0.05,113.27,122.02,463.68,West,Consumer,2025,12,Dec
508264,2025-10-20,23445,14,1,0.0,323.49,343.8,343.8,East,Consumer,2025,10,Oct
508265,2025-12-22,21844,23,2,0.15,430.62,459.32,780.84,Central,Consumer,2025,12,Dec
508266,2025-07-15,23852,1,4,0.0,118.77,125.72,502.88,Central,Consumer,2025,7,Jul
508267,2025-07-02,21606,11,4,0.0,526.43,503.75,2015.0,Central,Consumer,2025,7,Jul
508268,2025-01-25,23540,8,3,0.0,289.09,273.5,820.5,South,Consumer,2025,1,Jan
508269,2024-09-30,20521,1,3,0.05,118.77,111.16,316.81,Central,Consumer,2024,9,Sep
508270,2024-07-22,21694,19,2,0.0,495.95,463.53,927.06,East,Corporate,2024,7,Jul
508271,2025-06-11,22937,15,2,0.0,203.7,211.82,423.64,West,Consumer,2025,6,Jun
508272,2024-10-27,22109,7,1,0.1,208.23,201.65,181.48,Central,Consumer,2024,10,Oct
508273,2025-11-23,22159,8,4,0.05,289.09,281.19,1068.52,Central,Consumer,2025,11,Nov
508274,2024-03-03,22057,28,2,0.0,297.74,309.86,619.72,Central,Consumer,2024,3,Mar
508275,2025-01-27,20407,17,3,0.1,364.39,346.41,935.31,South,Small Business,2025,1,Jan
508276,2024-04-16,22389,1,3,0.0,118.77,120.41,361.23,South,Consumer,2024,4,Apr
508277,2024-10-27,20070,8,4,0.1,289.09,296.08,1065.89,West,Consumer,2024,10,Oct
508278,2025-12-30,23420,11,3,0.15,526.43,511.92,1305.4,South,Consumer,2025,12,Dec
508279,2024-06-16,21517,25,1,0.0,408.11,406.88,406.88,East,Consumer,2024,6,Jun
508280,2025-11-01,23463,11,3,0.1,526.43,524.84,1417.07,Central,Corporate,2025,11,Nov
508281,2025-11-04,21350,15,2,0.0,203.7,207.6,415.2,West,Consumer,2025,11,Nov
508282,2025-03-27,21244,22,4,0.0,356.25,358.04,1432.16,Central,Small Business,2025,3,Mar
508283,2025-11-20,22590,2,2,0.05,177.67,173.89,330.39,West,Consumer,2025,11,Nov
508284,2025-04-04,20444,30,3,0.0,300.75,319.48,958.44,West,Small Business,2025,4,Apr
508285,2025-10-07,22029,5,2,0.0,310.91,325.54,651.08,South,Consumer,2025,10,Oct
508286,2024-07-24,22224,29,2,0.05,538.73,548.66,1042.45,Central,Corporate,2024,7,Jul
508287,2024-08-06,21101,19,3,0.0,495.95,494.04,1482.12,North,Consumer,2024,8,Aug
508288,2024-10-13,20155,13,4,0.0,509.47,507.37,2029.48,Central,Consumer,2024,10,Oct
508289,2025-10-20,23404,29,2,0.0,538.73,535.33,1070.66,East,Consumer,2025,10,Oct
508290,2024-05-29,22711,20,3,0.05,187.69,191.9,546.92,North,Consumer,2024,5,May
508291,2025-12-23,23105,21,4,0.05,301.42,315.12,1197.46,Central,Small Business,2025,12,Dec
508292,2025-11-25,22852,28,1,0.1,297.74,286.3,257.67,Central,Consumer,2025,11,Nov
508293,2025-01-03,23687,8,1,0.2,289.09,297.36,237.89,East,Consumer,2025,1,Jan
508294,2025-08-18,22686,23,3,0.0,430.62,440.01,1320.03,North,Consumer,2025,8,Aug
508295,2024-02-22,20446,7,4,0.0,208.23,206.04,824.16,Central,Corporate,2024,2,Feb
508296,2024-08-02,21035,5,2,0.0,310.91,291.63,583.26,Central,Consumer,2024,8,Aug
508297,2024-09-17,22637,14,1,0.0,323.49,328.27,328.27,Central,Consumer,2024,9,Sep
508298,2024-09-22,22970,28,4,0.05,297.74,275.78,1047.96,North,Consumer,2024,9,Sep
508299,2024-04-01,23292,20,4,0.15,187.69,201.6,685.44,North,Small Business,2024,4,Apr
508300,2024-01-09,21172,14,4,0.0,323.49,329.47,1317.88,Central,Corporate,2024,1,Jan
508301,2024-10-16,21344,6,4,0.0,183.47,175.28,701.12,Central,Small Business,2024,10,Oct
508302,2024-07-14,21698,13,1,0.0,509.47,527.28,527.28,South,Small Business,2024,7,Jul
508303,2025-11-28,23986,20,2,0.1,187.69,189.94,341.89,West,Small Business,2025,11,Nov
508304,2024-07-12,22797,3,3,0.2,379.36,384.18,922.03,South,Consumer,2024,7,Jul
508305,2025-08-06,22848,13,3,0.0,509.47,513.11,1539.33,Central,Corporate,2025,8,Aug
508306,2024-04-22,21242,26,3,0.0,173.18,180.88,542.64,Central,Consumer,2024,4,Apr
508307,2025-12-13,21236,2,2,0.0,177.67,184.34,368.68,Central,Small Business,2025,12,Dec
508308,2025-10-31,23549,28,4,0.05,297.74,293.45,1115.11,South,Corporate,2025,10,Oct
508309,2024-02-06,22021,20,4,0.0,187.69,194.22,776.88,Central,Consumer,2024,2,Feb
508310,2024-01-17,21305,27,1,0.1,282.82,274.76,247.28,Central,Small Business,2024,1,Jan
508311,2025-10-10,21626,19,3,0.0,495.95,496.18,1488.54,Central,Small Business,2025,10,Oct
508312,2025-02-13,23441,6,3,0.15,183.47,174.9,446.0,West,Consumer,2025,2,Feb
508313,2025-05-10,20289,24,2,0.15,471.09,447.2,760.24,North,Consumer,2025,5,May
508314,2024-11-01,23761,4,4,0.0,453.41,423.16,1692.64,West,Consumer,2024,11,Nov
508315,2024-02-26,22316,2,2,0.1,177.67,181.58,326.84,Central,Corporate,2024,2,Feb
508316,2024-10-19,21499,7,3,0.0,208.23,219.87,659.61,East,Consumer,2024,10,Oct
508317,2025-08-01,21129,4,1,0.05,453.41,457.34,434.47,Central,Consumer,2025,8,Aug
508318,2024-04-20,20207,8,2,0.2,289.09,284.45,455.12,Central,Corporate,2024,4,Apr
508319,2024-09-07,23475,1,4,0.05,118.77,120.73,458.77,Central,Consumer,2024,9,Sep
508320,2025-08-02,21016,11,3,0.0,526.43,556.19,1668.57,North,Small Business,2025,8,Aug
508321,2025-02-18,20423,28,3,0.0,297.74,303.74,911.22,West,Consumer,2025,2,Feb
508322,2024-08-24,23081,16,1,0.0,113.27,120.14,120.14,West,Consumer,2024,8,Aug
508323,2025-04-23,22588,23,1,0.15,430.62,404.17,343.54,North,Consumer,2025,4,Apr
508324,2025-05-15,20381,30,3,0.05,300.75,280.93,800.65,Central,Corporate,2025,5,May
508325,2025-05-24,21739,15,1,0.1,203.7,190.87,171.78,Central,Consumer,2025,5,May
508326,2024-08-18,23502,12,2,0.0,119.8,122.71,245.42,East,Consumer,2024,8,Aug
508327,2025-10-25,20818,19,2,0.2,495.95,484.78,775.65,East,Small Business,2025,10,Oct
508328,2025-10-26,22395,7,1,0.0,208.23,193.86,193.86,South,Small Business,2025,10,Oct
508329,2025-03-29,22434,29,4,0.05,538.73,564.46,2144.95,South,Consumer,2025,3,Mar
508330,2024-06-15,23189,7,4,0.0,208.23,219.54,878.16,Central,Corporate,2024,6,Jun
508331,2024-09-25,20882,28,4,0.15,297.74,290.56,987.9,West,Small Business,2024,9,Sep
508332,2025-08-31,23037,18,2,0.0,376.89,384.37,768.74,South,Consumer,2025,8,Aug
508333,2025-08-18,20015,10,1,0.0,452.53,479.95,479.95,Central,Consumer,2025,8,Aug
508334,2025-06-27,23013,21,4,0.0,301.42,317.6,1270.4,East,Consumer,2025,6,Jun
508335,2024-12-20,20074,22,4,0.1,356.25,371.4,1337.04,East,Consumer,2024,12,Dec
508336,2025-09-28,20098,14,2,0.1,323.49,307.2,552.96,East,Consumer,2025,9,Sep
508337,2024-09-04,20361,16,3,0.0,113.27,110.89,332.67,Central,Small Business,2024,9,Sep
508338,2025-12-22,22956,25,2,0.2,408.11,379.81,607.7,East,Small Business,2025,12,Dec
508339,2025-11-17,23272,23,4,0.15,430.62,425.65,1447.21,West,Consumer,2025,11,Nov
508340,2025-02-26,22711,1,4,0.0,118.77,120.09,480.36,North,Consumer,2025,2,Feb
508341,2025-12-25,23828,22,2,0.0,356.25,373.91,747.82,North,Consumer,2025,12,Dec
508342,2025-06-17,22407,19,3,0.0,495.95,465.43,1396.29,West,Consumer,2025,6,Jun
508343,2024-07-22,23957,13,3,0.15,509.47,478.41,1219.95,Central,Consumer,2024,7,Jul
508344,2025-02-21,23428,19,2,0.0,495.95,483.77,967.54,South,Consumer,2025,2,Feb
508345,2024-07-17,22705,9,4,0.0,308.58,300.81,1203.24,Central,Consumer,2024,7,Jul
508346,2025-10-15,22116,27,4,0.0,282.82,300.71,1202.84,South,Consumer,2025,10,Oct
508347,2025-11-20,22042,16,2,0.05,113.27,118.15,224.48,East,Small Business,2025,11,Nov
508348,2025-03-26,22282,7,1,0.1,208.23,204.39,183.95,West,Consumer,2025,3,Mar
508349,2024-01-02,21065,15,1,0.0,203.7,188.74,188.74,South,Consumer,2024,1,Jan
508350,2025-09-10,22072,12,4,0.05,119.8,115.89,440.38,North,Consumer,2025,9,Sep
508351,2024-06-23,20281,6,1,0.05,183.47,197.22,187.36,West,Consumer,2024,6,Jun
508352,2024-07-12,22978,15,1,0.0,203.7,200.17,200.17,East,Consumer,2024,7,Jul
508353,2024-01-25,23982,9,2,0.05,308.58,284.25,540.07,East,Corporate,2024,1,Jan
508354,2024-02-02,23723,16,1,0.0,113.27,110.26,110.26,South,Small Business,2024,2,Feb
508355,2025-11-06,22820,4,1,0.0,453.41,450.46,450.46,Central,Consumer,2025,11,Nov
508356,2024-03-13,22397,9,4,0.2,308.58,332.04,1062.53,West,Consumer,2024,3,Mar
508357,2025-01-25,21850,9,4,0.0,308.58,313.65,1254.6,North,Small Business,2025,1,Jan
508358,2025-04-22,21414,16,1,0.15,113.27,120.92,102.78,West,Small Business,2025,4,Apr
508359,2025-04-03,20879,1,2,0.05,118.77,109.31,207.69,South,Consumer,2025,4,Apr
508360,2025-09-02,22047,5,4,0.1,310.91,306.17,1102.21,Central,Corporate,2025,9,Sep
508361,2025-08-26,22910,17,1,0.2,364.39,392.7,314.16,North,Corporate,2025,8,Aug
508362,2024-06-26,23783,12,3,0.1,119.8,120.78,326.11,North,Small Business,2024,6,Jun
508363,2025-05-23,22253,2,4,0.05,177.67,168.04,638.55,North,Consumer,2025,5,May
508364,2025-03-07,20734,29,1,0.1,538.73,537.27,483.54,Central,Small Business,2025,3,Mar
508365,2024-06-07,22231,26,4,0.1,173.18,164.72,592.99,Central,Consumer,2024,6,Jun
508366,2025-01-18,23626,6,3,0.05,183.47,183.53,523.06,Central,Consumer,2025,1,Jan
508367,2025-05-29,21817,7,1,0.0,208.23,205.96,205.96,Central,Small Business,2025,5,May
508368,2025-04-26,23327,5,1,0.0,310.91,330.24,330.24,South,Corporate,2025,4,Apr
508369,2025-02-26,23278,25,4,0.1,408.11,410.89,1479.2,South,Consumer,2025,2,Feb
508370,2024-06-17,21475,1,1,0.15,118.77,118.8,100.98,Central,Consumer,2024,6,Jun
508371,2025-08-05,22973,30,3,0.0,300.75,291.61,874.83,South,Small Business,2025,8,Aug
508372,2024-06-11,23511,22,2,0.15,356.25,345.75,587.78,South,Small Business,2024,6,Jun
508373,2024-11-15,20631,1,1,0.05,118.77,126.73,120.39,Central,Consumer,2024,11,Nov
508374,2025-07-23,22997,19,2,0.05,495.95,488.58,928.3,Central,Consumer,2025,7,Jul
508375,2025-10-24,21886,23,3,0.0,430.62,457.4,1372.2,Central,Small Business,2025,10,Oct
508376,2024-02-05,23794,7,3,0.0,208.23,205.6,616.8,West,Small Business,2024,2,Feb
508377,2025-09-22,23651,3,2,0.1,379.36,391.62,704.92,West,Small Business,2025,9,Sep
508378,2025-05-22,22035,13,2,0.0,509.47,543.65,1087.3,West,Small Business,2025,5,May
508379,2024-05-03,22582,6,2,0.15,183.47,194.63,330.87,North,Small Business,2024,5,May
508380,2024-02-22,22867,6,2,0.05,183.47,187.19,355.66,Central,Consumer,2024,2,Feb
508381,2024-05-22,21148,21,3,0.0,301.42,304.31,912.93,East,Small Business,2024,5,May
508382,2024-03-16,21414,21,2,0.05,301.42,277.94,528.09,West,Small Business,2024,3,Mar
508383,2024-08-19,22815,27,1,0.05,282.82,299.78,284.79,Central,Corporate,2024,8,Aug
508384,2024-06-26,21531,5,2,0.2,310.91,293.08,468.93,North,Consumer,2024,6,Jun
508385,2024-03-25,20457,2,1,0.0,177.67,173.31,173.31,West,Small Business,2024,3,Mar
508386,2024-09-06,20721,23,4,0.1,430.62,446.44,1607.18,Central,Consumer,2024,9,Sep
508387,2025-08-25,21297,21,2,0.1,301.42,301.61,542.9,South,Corporate,2025,8,Aug
508388,2025-12-22,22302,11,1,0.05,526.43,486.26,461.95,East,Consumer,2025,12,Dec
508389,2025-09-20,22593,14,1,0.1,323.49,303.27,272.94,South,Consumer,2025,9,Sep
508390,2024-11-29,20016,15,1,0.0,203.7,211.53,211.53,South,Consumer,2024,11,Nov
508391,2025-04-20,21051,22,1,0.0,356.25,357.33,357.33,North,Consumer,2025,4,Apr
508392,2024-11-09,23675,25,3,0.0,408.11,414.0,1242.0,Central,Small Business,2024,11,Nov
508393,2025-02-23,20727,24,1,0.05,471.09,440.55,418.52,West,Corporate,2025,2,Feb
508394,2025-07-17,21326,16,3,0.05,113.27,106.93,304.75,Central,Consumer,2025,7,Jul
508395,2024-09-20,22601,13,4,0.0,509.47,495.78,1983.12,East,Small Business,2024,9,Sep
508396,2024-07-16,22490,12,2,0.0,119.8,111.41,222.82,South,Consumer,2024,7,Jul
508397,2025-09-28,23757,28,1,0.2,297.74,303.14,242.51,Central,Consumer,2025,9,Sep
508398,2025-03-12,23897,12,1,0.0,119.8,110.52,110.52,Central,Consumer,2025,3,Mar
508399,2025-01-12,21383,16,4,0.0,113.27,116.45,465.8,West,Consumer,2025,1,Jan
508400,2025-05-26,21675,16,4,0.0,113.27,108.12,432.48,West,Consumer,2025,5,May
508401,2024-01-03,21002,25,2,0.05,408.11,411.28,781.43,Central,Consumer,2024,1,Jan
508402,2025-09-17,20286,5,1,0.0,310.91,300.54,300.54,East,Small Business,2025,9,Sep
508403,2025-09-05,23224,2,2,0.0,177.67,168.4,336.8,Central,Consumer,2025,9,Sep
508404,2024-03-30,21502,9,3,0.1,308.58,324.71,876.72,North,Small Business,2024,3,Mar
508405,2024-07-26,22697,1,2,0.15,118.77,117.41,199.6,Central,Consumer,2024,7,Jul
508406,2025-04-23,23922,17,3,0.2,364.39,375.03,900.07,West,Consumer,2025,4,Apr
508407,2025-08-08,22327,30,3,0.0,300.75,295.23,885.69,South,Consumer,2025,8,Aug
508408,2024-01-04,23832,7,3,0.05,208.23,193.14,550.45,North,Consumer,2024,1,Jan
508409,2024-04-29,21832,4,3,0.0,453.41,484.65,1453.95,North,Corporate,2024,4,Apr
508410,2024-12-29,22730,19,2,0.05,495.95,500.95,951.8,Central,Consumer,2024,12,Dec
508411,2024-03-27,22629,29,2,0.1,538.73,501.65,902.97,Central,Consumer,2024,3,Mar
508412,2024-09-20,22720,8,4,0.05,289.09,308.53,1172.41,South,Consumer,2024,9,Sep
508413,2025-01-14,23966,3,1,0.0,379.36,397.0,397.0,North,Consumer,2025,1,Jan
508414,2025-08-18,21933,20,2,0.1,187.69,193.65,348.57,Central,Corporate,2025,8,Aug
508415,2024-06-11,22163,30,2,0.15,300.75,307.09,522.05,East,Small Business,2024,6,Jun
508416,2025-06-15,22020,4,1,0.0,453.41,450.42,450.42,East,Consumer,2025,6,Jun
508417,2024-07-14,23143,17,1,0.05,364.39,389.01,369.56,West,Consumer,2024,7,Jul
508418,2025-05-20,22213,16,1,0.0,113.27,111.46,111.46,North,Consumer,2025,5,May
508419,2024-05-24,20744,8,3,0.0,289.09,300.03,900.09,Central,Consumer,2024,5,May
508420,2024-05-03,21586,23,4,0.0,430.62,455.65,1822.6,East,Corporate,2024,5,May
508421,2025-07-22,20127,10,1,0.0,452.53,459.63,459.63,South,Consumer,2025,7,Jul
508422,2024-08-14,23268,10,4,0.0,452.53,450.49,1801.96,Central,Consumer,2024,8,Aug
508423,2025-11-08,22204,12,2,0.0,119.8,112.88,225.76,East,Corporate,2025,11,Nov
508424,2024-07-29,23634,23,4,0.05,430.62,442.52,1681.58,South,Consumer,2024,7,Jul
508425,2024-06-05,22217,2,1,0.15,177.67,173.14,147.17,South,Small Business,2024,6,Jun
508426,2024-05-21,23451,10,2,0.0,452.53,487.94,975.88,East,Corporate,2024,5,May
508427,2024-09-23,23403,23,2,0.0,430.62,460.83,921.66,North,Small Business,2024,9,Sep
508428,2024-11-03,21132,24,2,0.0,471.09,453.82,907.64,Central,Consumer,2024,11,Nov
508429,2024-05-31,22387,23,4,0.05,430.62,435.48,1654.82,Central,Small Business,2024,5,May
508430,2024-11-06,20805,27,3,0.0,282.82,269.67,809.01,East,Consumer,2024,11,Nov
508431,2025-05-15,21354,6,2,0.0,183.47,188.28,376.56,North,Corporate,2025,5,May
508432,2024-09-12,23903,2,4,0.0,177.67,191.03,764.12,West,Consumer,2024,9,Sep
508433,2024-01-04,21945,5,4,0.0,310.91,289.59,1158.36,East,Small Business,2024,1,Jan
508434,2025-08-03,20628,8,4,0.0,289.09,279.21,1116.84,South,Consumer,2025,8,Aug
508435,2024-01-19,23861,12,3,0.0,119.8,121.92,365.76,Central,Consumer,2024,1,Jan
508436,2025-05-19,21494,30,2,0.2,300.75,281.02,449.63,Central,Consumer,2025,5,May
508437,2024-06-09,22897,28,3,0.0,297.74,303.41,910.23,North,Consumer,2024,6,Jun
508438,2025-08-04,20202,3,4,0.05,379.36,398.31,1513.58,Central,Consumer,2025,8,Aug
508439,2025-01-07,20499,5,2,0.05,310.91,309.87,588.75,South,Small Business,2025,1,Jan
508440,2025-08-13,20840,4,2,0.0,453.41,427.71,855.42,West,Small Business,2025,8,Aug
508441,2024-09-17,23764,27,4,0.05,282.82,276.18,1049.48,Central,Small Business,2024,9,Sep
508442,2024-06-10,21710,1,1,0.0,118.77,112.37,112.37,South,Small Business,2024,6,Jun
508443,2024-02-24,23536,13,4,0.2,509.47,540.9,1730.88,West,Consumer,2024,2,Feb
508444,2025-11-22,20245,8,1,0.0,289.09,291.9,291.9,East,Corporate,2025,11,Nov
508445,2025-09-23,22729,26,3,0.0,173.18,179.49,538.47,East,Consumer,2025,9,Sep
508446,2025-04-20,22297,18,3,0.1,376.89,380.3,1026.81,East,Consumer,2025,4,Apr
508447,2025-09-14,21229,20,1,0.2,187.69,201.86,161.49,East,Consumer,2025,9,Sep
508448,2025-08-06,21722,8,1,0.0,289.09,310.61,310.61,Central,Consumer,2025,8,Aug
508449,2024-02-05,21311,23,2,0.05,430.62,429.27,815.61,West,Consumer,2024,2,Feb
508450,2025-11-09,21724,30,3,0.0,300.75,281.3,843.9,West,Small Business,2025,11,Nov
508451,2025-12-06,22061,25,3,0.15,408.11,423.41,1079.7,Central,Consumer,2025,12,Dec
508452,2025-08-18,23051,14,1,0.0,323.49,332.9,332.9,Central,Small Business,2025,8,Aug
508453,2025-04-18,23427,1,3,0.0,118.77,118.8,356.4,Central,Consumer,2025,4,Apr
508454,2025-02-13,21582,19,1,0.0,495.95,469.44,469.44,Central,Small Business,2025,2,Feb
508455,2024-10-22,23391,18,2,0.05,376.89,396.73,753.79,Central,Small Business,2024,10,Oct
508456,2024-12-16,20274,7,4,0.0,208.23,195.04,780.16,Central,Corporate,2024,12,Dec
508457,2024-06-17,21656,2,3,0.05,177.67,170.32,485.41,South,Consumer,2024,6,Jun
508458,2025-02-04,22734,19,4,0.1,495.95,504.24,1815.26,West,Corporate,2025,2,Feb
508459,2024-08-24,23465,24,3,0.15,471.09,468.85,1195.57,East,Corporate,2024,8,Aug
508460,2025-10-01,22789,9,3,0.1,308.58,325.23,878.12,East,Consumer,2025,10,Oct
508461,2024-02-07,21758,18,4,0.0,376.89,397.38,1589.52,North,Small Business,2024,2,Feb
508462,2024-02-18,22056,29,1,0.05,538.73,507.48,482.11,East,Corporate,2024,2,Feb
508463,2025-09-17,21613,19,2,0.0,495.95,500.97,1001.94,East,Consumer,2025,9,Sep
508464,2024-10-09,20022,25,4,0.05,408.11,379.5,1442.1,Central,Consumer,2024,10,Oct
508465,2025-02-13,23077,23,3,0.0,430.62,449.29,1347.87,North,Corporate,2025,2,Feb
508466,2024-07-26,23796,1,2,0.15,118.77,115.18,195.81,Central,Consumer,2024,7,Jul
508467,2024-06-12,21781,20,3,0.1,187.69,196.59,530.79,West,Consumer,2024,6,Jun
508468,2024-11-22,21217,13,1,0.05,509.47,516.42,490.6,West,Consumer,2024,11,Nov
508469,2024-04-04,23295,5,4,0.05,310.91,317.08,1204.9,North,Consumer,2024,4,Apr
508470,2025-03-16,21225,13,2,0.05,509.47,539.79,1025.6,East,Consumer,2025,3,Mar
508471,2024-04-07,23138,6,2,0.1,183.47,174.34,313.81,South,Consumer,2024,4,Apr
508472,2025-07-18,20740,17,1,0.1,364.39,366.85,330.16,Central,Corporate,2025,7,Jul
508473,2024-10-18,20074,12,1,0.1,119.8,110.91,99.82,East,Consumer,2024,10,Oct
508474,2024-01-07,22548,25,3,0.0,408.11,424.5,1273.5,South,Small Business,2024,1,Jan
508475,2024-12-03,23343,25,1,0.0,408.11,400.09,400.09,Central,Consumer,2024,12,Dec
508476,2024-11-11,22382,27,2,0.1,282.82,266.39,479.5,West,Consumer,2024,11,Nov
508477,2024-02-12,21968,21,4,0.0,301.42,291.96,1167.84,West,Consumer,2024,2,Feb
508478,2024-07-31,23554,18,3,0.05,376.89,400.01,1140.03,North,Consumer,2024,7,Jul
508479,2024-07-29,22623,20,4,0.0,187.69,176.76,707.04,West,Corporate,2024,7,Jul
508480,2025-06-22,22502,21,4,0.0,301.42,277.95,1111.8,North,Corporate,2025,6,Jun
508481,2025-07-15,20029,16,1,0.0,113.27,115.95,115.95,Central,Consumer,2025,7,Jul
508482,2024-07-19,21087,9,2,0.1,308.58,309.68,557.42,West,Small Business,2024,7,Jul
508483,2025-11-12,20427,25,4,0.0,408.11,409.23,1636.92,South,Consumer,2025,11,Nov
508484,2024-06-20,23140,3,2,0.0,379.36,349.22,698.44,South,Small Business,2024,6,Jun
508485,2025-01-20,20550,7,1,0.05,208.23,208.75,198.31,Central,Consumer,2025,1,Jan
508486,2024-05-06,21160,1,3,0.1,118.77,119.62,322.97,East,Small Business,2024,5,May
508487,2024-04-22,21401,10,2,0.05,452.53,442.68,841.09,West,Small Business,2024,4,Apr
508488,2025-01-02,23585,1,3,0.05,118.77,125.58,357.9,West,Corporate,2025,1,Jan
508489,2024-06-28,22067,8,2,0.0,289.09,266.29,532.58,Central,Small Business,2024,6,Jun
508490,2024-02-08,20425,22,3,0.2,356.25,384.46,922.7,West,Consumer,2024,2,Feb
508491,2025-12-17,20916,10,1,0.1,452.53,445.65,401.08,Central,Small Business,2025,12,Dec
508492,2025-05-25,21698,7,1,0.0,208.23,195.05,195.05,South,Small Business,2025,5,May
508493,2025-05-10,21763,10,1,0.0,452.53,447.29,447.29,Central,Consumer,2025,5,May
508494,2025-10-08,23920,22,1,0.05,356.25,352.25,334.64,Central,Consumer,2025,10,Oct
508495,2025-06-17,23223,2,3,0.05,177.67,169.88,484.16,South,Consumer,2025,6,Jun
508496,2024-05-23,23023,3,4,0.05,379.36,390.58,1484.2,East,Consumer,2024,5,May
508497,2025-10-19,23961,27,2,0.0,282.82,292.89,585.78,West,Consumer,2025,10,Oct
508498,2024-12-27,21378,25,1,0.15,408.11,434.15,369.03,South,Corporate,2024,12,Dec
508499,2025-09-17,22128,28,4,0.0,297.74,313.94,1255.76,South,Consumer,2025,9,Sep
508500,2025-10-05,22981,19,1,0.0,495.95,525.74,525.74,Central,Consumer,2025,10,Oct
508501,2024-01-06,23372,29,1,0.0,538.73,540.92,540.92,Central,Consumer,2024,1,Jan
508502,2025-09-15,20061,12,3,0.1,119.8,114.01,307.83,West,Consumer,2025,9,Sep
508503,2024-02-28,21344,9,1,0.15,308.58,308.16,261.94,Central,Small Business,2024,2,Feb
508504,2025-07-25,20072,25,1,0.0,408.11,378.55,378.55,South,Corporate,2025,7,Jul
508505,2025-05-01,20489,30,2,0.0,300.75,321.59,643.18,East,Small Business,2025,5,May
508506,2024-05-16,21620,21,4,0.1,301.42,306.69,1104.08,West,Consumer,2024,5,May
508507,2025-11-10,21897,30,2,0.1,300.75,319.27,574.69,Central,Small Business,2025,11,Nov
508508,2024-11-15,23834,26,3,0.1,173.18,164.05,442.94,Central,Consumer,2024,11,Nov
508509,2024-09-28,21401,7,2,0.0,208.23,196.56,393.12,West,Small Business,2024,9,Sep
508510,2025-12-19,22268,22,4,0.0,356.25,328.56,1314.24,East,Small Business,2025,12,Dec
508511,2025-02-10,23050,10,4,0.05,452.53,453.56,1723.53,Central,Small Business,2025,2,Feb
508512,2024-06-25,20404,2,4,0.0,177.67,184.82,739.28,Central,Small Business,2024,6,Jun
508513,2025-09-22,22742,11,2,0.0,526.43,560.14,1120.28,Central,Consumer,2025,9,Sep
508514,2024-04-07,22311,18,2,0.05,376.89,371.95,706.7,Central,Consumer,2024,4,Apr
508515,2025-03-15,23148,4,1,0.0,453.41,458.54,458.54,South,Consumer,2025,3,Mar
508516,2024-10-29,23610,17,3,0.15,364.39,348.27,888.09,Central,Consumer,2024,10,Oct
508517,2025-08-31,21804,12,4,0.05,119.8,115.21,437.8,Central,Small Business,2025,8,Aug
508518,2024-04-20,22297,25,2,0.1,408.11,407.68,733.82,East,Consumer,2024,4,Apr
508519,2025-03-04,20642,30,1,0.2,300.75,321.94,257.55,West,Corporate,2025,3,Mar
508520,2024-12-10,21133,6,1,0.0,183.47,176.98,176.98,Central,Corporate,2024,12,Dec
508521,2024-12-24,21532,25,3,0.1,408.11,376.07,1015.39,West,Consumer,2024,12,Dec
508522,2025-03-28,23893,7,3,0.0,208.23,208.37,625.11,South,Consumer,2025,3,Mar
508523,2024-09-26,22207,14,2,0.15,323.49,324.87,552.28,South,Consumer,2024,9,Sep
508524,2024-10-15,23765,3,4,0.1,379.36,355.27,1278.97,South,Consumer,2024,10,Oct
508525,2024-08-09,21101,16,1,0.0,113.27,110.85,110.85,North,Consumer,2024,8,Aug
508526,2024-07-03,21886,14,1,0.0,323.49,308.6,308.6,Central,Small Business,2024,7,Jul
508527,2025-11-20,21239,14,2,0.05,323.49,328.43,624.02,East,Consumer,2025,11,Nov
508528,2024-12-02,23350,1,4,0.0,118.77,125.76,503.04,South,Small Business,2024,12,Dec
508529,2024-09-14,22517,14,4,0.2,323.49,332.86,1065.15,East,Small Business,2024,9,Sep
508530,2025-08-01,21228,19,2,0.1,495.95,517.11,930.8,West,Consumer,2025,8,Aug
508531,2024-04-05,20611,2,3,0.15,177.67,185.47,472.95,South,Small Business,2024,4,Apr
508532,2025-08-20,20883,5,1,0.0,310.91,286.29,286.29,West,Consumer,2025,8,Aug
508533,2024-01-03,23680,10,2,0.1,452.53,452.65,814.77,South,Small Business,2024,1,Jan
508534,2024-01-05,21807,5,4,0.0,310.91,300.5,1202.0,South,Consumer,2024,1,Jan
508535,2024-07-12,23002,24,2,0.05,471.09,486.69,924.71,East,Consumer,2024,7,Jul
508536,2024-02-02,23560,3,1,0.0,379.36,398.4,398.4,South,Corporate,2024,2,Feb
508537,2024-12-27,22439,10,3,0.1,452.53,431.48,1165.0,East,Consumer,2024,12,Dec
508538,2025-11-01,23062,14,4,0.2,323.49,345.59,1105.89,West,Corporate,2025,11,Nov
508539,2024-05-03,21232,1,2,0.05,118.77,126.3,239.97,East,Corporate,2024,5,May
508540,2024-06-15,23984,7,3,0.0,208.23,218.13,654.39,Central,Consumer,2024,6,Jun
508541,2024-03-29,22127,2,3,0.05,177.67,189.07,538.85,Central,Corporate,2024,3,Mar
508542,2024-10-24,23153,2,4,0.05,177.67,163.89,622.78,Central,Small Business,2024,10,Oct
508543,2024-11-09,22163,17,4,0.1,364.39,351.68,1266.05,East,Small Business,2024,11,Nov
508544,2024-03-23,23144,7,3,0.0,208.23,194.57,583.71,West,Small Business,2024,3,Mar
508545,2025-11-19,23942,12,3,0.05,119.8,129.32,368.56,North,Small Business,2025,11,Nov
508546,2024-09-01,23385,22,1,0.05,356.25,350.51,332.98,North,Consumer,2024,9,Sep
508547,2024-06-12,21264,29,2,0.0,538.73,575.39,1150.78,West,Small Business,2024,6,Jun
508548,2025-07-10,20177,1,4,0.05,118.77,120.26,456.99,Central,Small Business,2025,7,Jul
508549,2025-04-28,21812,22,4,0.15,356.25,376.83,1281.22,North,Consumer,2025,4,Apr
508550,2024-02-08,22855,8,3,0.1,289.09,277.25,748.58,North,Corporate,2024,2,Feb
508551,2025-11-25,23396,6,2,0.1,183.47,172.07,309.73,West,Small Business,2025,11,Nov
508552,2024-11-23,20314,7,1,0.05,208.23,195.67,185.89,South,Consumer,2024,11,Nov
508553,2025-08-17,22179,3,3,0.15,379.36,394.5,1005.98,Central,Consumer,2025,8,Aug
508554,2025-03-26,21996,8,1,0.0,289.09,285.83,285.83,South,Consumer,2025,3,Mar
508555,2025-08-07,22345,30,4,0.05,300.75,289.78,1101.16,South,Consumer,2025,8,Aug
508556,2024-07-28,21912,7,2,0.05,208.23,215.66,409.75,North,Consumer,2024,7,Jul
508557,2024-06-06,23407,9,3,0.0,308.58,296.75,890.25,North,Consumer,2024,6,Jun
508558,2025-08-23,23015,11,1,0.1,526.43,557.05,501.34,West,Small Business,2025,8,Aug
508559,2025-09-04,20727,20,2,0.15,187.69,175.11,297.69,West,Corporate,2025,9,Sep
508560,2024-01-03,23762,24,1,0.05,471.09,457.62,434.74,Central,Corporate,2024,1,Jan
508561,2024-03-13,22665,16,2,0.05,113.27,109.43,207.92,West,Consumer,2024,3,Mar
508562,2024-11-08,20690,20,4,0.05,187.69,200.12,760.46,South,Corporate,2024,11,Nov
508563,2024-08-21,22168,12,2,0.15,119.8,119.1,202.47,South,Consumer,2024,8,Aug
508564,2025-09-14,23730,10,4,0.0,452.53,460.87,1843.48,Central,Consumer,2025,9,Sep
508565,2025-02-10,20854,10,3,0.0,452.53,479.22,1437.66,West,Small Business,2025,2,Feb
508566,2024-03-26,22840,22,2,0.0,356.25,369.36,738.72,Central,Small Business,2024,3,Mar
508567,2024-12-06,23120,3,3,0.2,379.36,373.68,896.83,Central,Small Business,2024,12,Dec
508568,2024-05-20,22450,11,2,0.0,526.43,520.52,1041.04,West,Consumer,2024,5,May
508569,2025-06-05,22087,15,3,0.05,203.7,216.69,617.57,Central,Consumer,2025,6,Jun
508570,2025-04-23,22957,15,2,0.15,203.7,211.26,359.14,Central,Consumer,2025,4,Apr
508571,2025-02-28,21860,22,4,0.05,356.25,333.13,1265.89,Central,Small Business,2025,2,Feb
508572,2024-08-17,20877,19,1,0.0,495.95,515.5,515.5,South,Small Business,2024,8,Aug
508573,2025-04-05,20232,2,4,0.1,177.67,168.7,607.32,North,Consumer,2025,4,Apr
508574,2024-06-29,20247,17,3,0.05,364.39,382.25,1089.41,North,Corporate,2024,6,Jun
508575,2024-07-26,22521,19,3,0.05,495.95,501.14,1428.25,North,Consumer,2024,7,Jul
508576,2025-01-16,20858,12,2,0.1,119.8,123.3,221.94,South,Corporate,2025,1,Jan
508577,2024-05-22,21058,1,1,0.0,118.77,121.0,121.0,South,Consumer,2024,5,May
508578,2025-04-07,21413,8,2,0.0,289.09,281.07,562.14,West,Consumer,2025,4,Apr
508579,2025-10-10,22491,1,2,0.15,118.77,126.32,214.74,Central,Consumer,2025,10,Oct
508580,2025-06-06,21717,20,1,0.1,187.69,201.87,181.68,South,Consumer,2025,6,Jun
508581,2024-05-25,23291,13,1,0.1,509.47,522.98,470.68,West,Corporate,2024,5,May
508582,2024-10-06,20483,12,3,0.05,119.8,114.43,326.13,Central,Small Business,2024,10,Oct
508583,2025-06-24,20482,20,4,0.05,187.69,183.17,696.05,East,Small Business,2025,6,Jun
508584,2025-03-06,23025,18,4,0.1,376.89,348.0,1252.8,Central,Small Business,2025,3,Mar
508585,2025-07-25,21429,24,2,0.0,471.09,467.53,935.06,Central,Consumer,2025,7,Jul
508586,2025-11-02,22208,13,4,0.1,509.47,536.33,1930.79,Central,Small Business,2025,11,Nov
508587,2025-06-09,22462,21,4,0.15,301.42,308.78,1049.85,East,Corporate,2025,6,Jun
508588,2025-11-25,22645,24,1,0.1,471.09,454.64,409.18,East,Consumer,2025,11,Nov
508589,2024-08-17,22942,9,1,0.2,308.58,284.5,227.6,South,Corporate,2024,8,Aug
508590,2025-04-07,20341,29,2,0.05,538.73,521.26,990.39,East,Small Business,2025,4,Apr
508591,2024-10-11,21035,21,1,0.15,301.42,280.58,238.49,Central,Consumer,2024,10,Oct
508592,2025-01-28,22002,29,2,0.1,538.73,559.79,1007.62,North,Corporate,2025,1,Jan
508593,2025-02-08,20622,4,1,0.15,453.41,484.84,412.11,Central,Consumer,2025,2,Feb
508594,2025-06-26,23499,2,2,0.0,177.67,170.02,340.04,Central,Consumer,2025,6,Jun
508595,2025-04-19,21241,13,2,0.0,509.47,495.15,990.3,Central,Consumer,2025,4,Apr
508596,2025-10-26,23442,15,1,0.1,203.7,207.89,187.1,East,Consumer,2025,10,Oct
508597,2025-05-19,21870,30,1,0.05,300.75,281.98,267.88,Central,Corporate,2025,5,May
508598,2024-06-13,22805,11,3,0.0,526.43,543.89,1631.67,Central,Consumer,2024,6,Jun
508599,2025-01-11,23977,21,1,0.0,301.42,302.46,302.46,Central,Consumer,2025,1,Jan
508600,2024-09-29,22424,3,2,0.0,379.36,408.6,817.2,North,Small Business,2024,9,Sep
508601,2025-02-01,21195,26,3,0.0,173.18,162.14,486.42,South,Consumer,2025,2,Feb
508602,2024-01-17,23699,26,4,0.2,173.18,161.44,516.61,Central,Consumer,2024,1,Jan
508603,2025-12-16,20589,14,2,0.05,323.49,304.53,578.61,Central,Consumer,2025,12,Dec
508604,2025-12-08,20429,21,1,0.2,301.42,301.7,241.36,West,Consumer,2025,12,Dec
508605,2025-01-17,20218,19,4,0.0,495.95,502.66,2010.64,West,Consumer,2025,1,Jan
508606,2025-08-20,20163,18,4,0.05,376.89,372.75,1416.45,East,Consumer,2025,8,Aug
508607,2025-07-15,21299,29,1,0.05,538.73,547.38,520.01,Central,Consumer,2025,7,Jul
508608,2024-02-25,22909,28,4,0.1,297.74,313.06,1127.02,Central,Corporate,2024,2,Feb
508609,2024-04-11,22667,7,3,0.0,208.23,220.69,662.07,West,Consumer,2024,4,Apr
508610,2025-09-27,21416,20,2,0.05,187.69,177.42,337.1,West,Small Business,2025,9,Sep
508611,2024-05-11,23414,19,4,0.0,495.95,489.52,1958.08,Central,Consumer,2024,5,May
508612,2025-06-01,20532,28,3,0.1,297.74,278.73,752.57,Central,Consumer,2025,6,Jun
508613,2025-12-08,21567,6,1,0.05,183.47,178.86,169.92,East,Corporate,2025,12,Dec
508614,2025-09-22,23747,21,3,0.0,301.42,309.96,929.88,North,Consumer,2025,9,Sep
508615,2025-11-28,23648,17,1,0.0,364.39,363.97,363.97,Central,Consumer,2025,11,Nov
508616,2025-09-14,20081,3,2,0.0,379.36,353.85,707.7,Central,Consumer,2025,9,Sep
508617,2024-01-08,21408,6,3,0.0,183.47,174.04,522.12,Central,Consumer,2024,1,Jan
508618,2024-06-29,23159,1,2,0.0,118.77,121.11,242.22,North,Consumer,2024,6,Jun
508619,2025-12-11,23903,9,2,0.15,308.58,292.62,497.45,West,Consumer,2025,12,Dec
508620,2024-08-01,21612,27,3,0.05,282.82,293.49,836.45,Central,Corporate,2024,8,Aug
508621,2024-02-23,21183,8,1,0.0,289.09,303.75,303.75,South,Consumer,2024,2,Feb
508622,2024-09-04,21522,17,3,0.0,364.39,353.53,1060.59,North,Consumer,2024,9,Sep
508623,2024-03-12,22146,14,1,0.0,323.49,341.27,341.27,South,Consumer,2024,3,Mar
508624,2025-05-23,21651,10,1,0.1,452.53,433.62,390.26,Central,Small Business,2025,5,May
508625,2025-09-18,23281,11,2,0.0,526.43,556.22,1112.44,Central,Consumer,2025,9,Sep
508626,2025-04-27,21399,19,4,0.1,495.95,500.97,1803.49,Central,Consumer,2025,4,Apr
508627,2025-05-22,23180,23,2,0.1,430.62,403.49,726.28,East,Consumer,2025,5,May
508628,2024-12-22,20433,14,4,0.1,323.49,344.1,1238.76,Central,Small Business,2024,12,Dec
508629,2025-06-05,23815,1,2,0.05,118.77,116.87,222.05,Central,Consumer,2025,6,Jun
508630,2025-02-01,22839,9,3,0.0,308.58,283.99,851.97,North,Corporate,2025,2,Feb
508631,2024-09-05,22779,8,4,0.05,289.09,283.53,1077.41,Central,Small Business,2024,9,Sep
508632,2024-11-25,22069,11,3,0.05,526.43,520.63,1483.8,Central,Consumer,2024,11,Nov
508633,2024-02-11,20049,22,2,0.0,356.25,366.5,733.0,North,Small Business,2024,2,Feb
508634,2024-08-25,21589,19,3,0.2,495.95,482.81,1158.74,West,Corporate,2024,8,Aug
508635,2025-03-26,22249,29,3,0.1,538.73,562.27,1518.13,South,Consumer,2025,3,Mar
508636,2025-08-18,22134,20,1,0.0,187.69,202.47,202.47,Central,Consumer,2025,8,Aug
508637,2024-06-22,20921,9,2,0.0,308.58,296.73,593.46,East,Consumer,2024,6,Jun
508638,2025-02-21,21918,28,2,0.05,297.74,274.61,521.76,West,Consumer,2025,2,Feb
508639,2025-03-20,22634,30,1,0.15,300.75,315.44,268.12,East,Consumer,2025,3,Mar
508640,2025-07-13,20983,24,1,0.05,471.09,465.71,442.42,West,Corporate,2025,7,Jul
508641,2024-06-14,23446,4,2,0.0,453.41,457.02,914.04,North,Consumer,2024,6,Jun
508642,2024-04-26,20622,23,1,0.05,430.62,438.18,416.27,Central,Consumer,2024,4,Apr
508643,2025-09-09,20393,17,2,0.05,364.39,357.08,678.45,East,Consumer,2025,9,Sep
508644,2024-06-29,23199,24,2,0.05,471.09,499.48,949.01,North,Consumer,2024,6,Jun
508645,2024-04-27,22259,15,1,0.05,203.7,214.29,203.58,West,Small Business,2024,4,Apr
508646,2024-10-23,22859,1,1,0.15,118.77,125.24,106.45,South,Consumer,2024,10,Oct
508647,2024-08-14,22515,30,2,0.0,300.75,294.99,589.98,Central,Consumer,2024,8,Aug
508648,2024-06-13,20770,30,2,0.0,300.75,314.78,629.56,West,Consumer,2024,6,Jun
508649,2024-02-20,20852,21,2,0.05,301.42,309.24,587.56,Central,Corporate,2024,2,Feb
508650,2025-03-22,20489,29,2,0.05,538.73,506.38,962.12,East,Small Business,2025,3,Mar
508651,2024-06-17,21200,7,4,0.1,208.23,202.64,729.5,South,Consumer,2024,6,Jun
508652,2025-06-06,22200,7,4,0.05,208.23,205.11,779.42,South,Small Business,2025,6,Jun
508653,2024-08-13,22140,21,2,0.0,301.42,316.8,633.6,East,Consumer,2024,8,Aug
508654,2024-06-14,22610,26,4,0.0,173.18,170.0,680.0,Central,Consumer,2024,6,Jun
508655,2025-09-03,21572,1,2,0.05,118.77,119.88,227.77,Central,Consumer,2025,9,Sep
508656,2024-01-10,22342,12,2,0.05,119.8,127.08,241.45,South,Consumer,2024,1,Jan
508657,2024-03-05,20351,19,1,0.0,495.95,520.19,520.19,West,Small Business,2024,3,Mar
508658,2025-03-19,21097,22,1,0.1,356.25,345.76,311.18,Central,Consumer,2025,3,Mar
508659,2024-02-08,23126,12,2,0.1,119.8,113.95,205.11,Central,Consumer,2024,2,Feb
508660,2025-12-18,22928,8,1,0.1,289.09,303.37,273.03,Central,Consumer,2025,12,Dec
508661,2024-10-26,23141,13,1,0.05,509.47,495.88,471.09,South,Consumer,2024,10,Oct
508662,2024-08-27,20848,29,1,0.0,538.73,544.3,544.3,Central,Consumer,2024,8,Aug
508663,2024-08-25,22371,19,1,0.1,495.95,471.98,424.78,Central,Small Business,2024,8,Aug
508664,2025-04-08,22051,27,3,0.0,282.82,279.82,839.46,South,Corporate,2025,4,Apr
508665,2024-09-01,22225,10,3,0.0,452.53,440.58,1321.74,South,Consumer,2024,9,Sep
508666,2024-02-05,20761,25,4,0.0,408.11,387.19,1548.76,Central,Corporate,2024,2,Feb
508667,2024-01-11,20832,13,2,0.2,509.47,525.76,841.22,Central,Consumer,2024,1,Jan
508668,2025-02-19,21401,2,2,0.05,177.67,183.27,348.21,West,Small Business,2025,2,Feb
508669,2024-03-31,21599,29,4,0.0,538.73,499.57,1998.28,South,Small Business,2024,3,Mar
508670,2025-02-13,21996,3,4,0.2,379.36,390.41,1249.31,South,Consumer,2025,2,Feb
508671,2025-12-12,23022,12,4,0.15,119.8,124.03,421.7,East,Corporate,2025,12,Dec
508672,2025-02-18,22290,16,4,0.0,113.27,117.92,471.68,Central,Small Business,2025,2,Feb
508673,2025-08-07,23572,27,4,0.0,282.82,268.46,1073.84,South,Small Business,2025,8,Aug
508674,2024-12-21,20433,27,1,0.0,282.82,278.96,278.96,Central,Small Business,2024,12,Dec
508675,2024-05-14,23111,10,2,0.1,452.53,450.78,811.4,Central,Consumer,2024,5,May
508676,2024-11-25,21427,7,3,0.05,208.23,191.86,546.8,South,Corporate,2024,11,Nov
508677,2025-04-11,22948,16,2,0.05,113.27,114.58,217.7,South,Consumer,2025,4,Apr
508678,2025-09-24,22151,4,2,0.05,453.41,421.35,800.56,North,Small Business,2025,9,Sep
508679,2024-10-27,20270,5,1,0.15,310.91,315.84,268.46,West,Consumer,2024,10,Oct
508680,2024-01-10,23191,14,3,0.15,323.49,348.96,889.85,North,Small Business,2024,1,Jan
508681,2025-02-05,21206,13,4,0.05,509.47,483.03,1835.51,East,Consumer,2025,2,Feb
508682,2024-09-30,21034,29,1,0.0,538.73,515.01,515.01,East,Consumer,2024,9,Sep
508683,2025-09-03,20911,10,1,0.05,452.53,486.81,462.47,West,Consumer,2025,9,Sep
508684,2024-10-31,23162,29,1,0.05,538.73,505.65,480.37,South,Consumer,2024,10,Oct
508685,2025-03-23,22529,24,4,0.0,471.09,462.03,1848.12,West,Consumer,2025,3,Mar
508686,2025-08-28,23859,28,1,0.0,297.74,296.84,296.84,North,Consumer,2025,8,Aug
508687,2025-03-01,20526,2,2,0.1,177.67,178.13,320.63,East,Consumer,2025,3,Mar
508688,2024-10-11,22589,16,4,0.0,113.27,118.46,473.84,Central,Small Business,2024,10,Oct
508689,2024-09-23,20862,13,2,0.1,509.47,493.24,887.83,Central,Consumer,2024,9,Sep
508690,2024-03-06,22954,29,2,0.0,538.73,510.8,1021.6,Central,Consumer,2024,3,Mar
508691,2024-05-24,20679,30,2,0.05,300.75,294.01,558.62,Central,Consumer,2024,5,May
508692,2024-03-30,23208,30,4,0.05,300.75,286.25,1087.75,West,Consumer,2024,3,Mar
508693,2024-06-07,21650,22,4,0.15,356.25,361.2,1228.08,Central,Consumer,2024,6,Jun
508694,2024-03-28,23466,28,1,0.1,297.74,308.29,277.46,Central,Consumer,2024,3,Mar
508695,2025-05-14,21557,18,2,0.0,376.89,375.38,750.76,South,Consumer,2025,5,May
508696,2025-03-17,20391,14,1,0.0,323.49,346.14,346.14,North,Small Business,2025,3,Mar
508697,2025-07-28,20881,27,1,0.05,282.82,273.59,259.91,South,Consumer,2025,7,Jul
508698,2025-01-22,21263,8,1,0.2,289.09,288.19,230.55,Central,Small Business,2025,1,Jan
508699,2024-08-10,20791,4,4,0.0,453.41,428.08,1712.32,Central,Small Business,2024,8,Aug
508700,2024-07-01,22026,23,4,0.0,430.62,404.87,1619.48,South,Small Business,2024,7,Jul
508701,2024-03-08,23207,22,3,0.05,356.25,328.87,937.28,South,Small Business,2024,3,Mar
508702,2024-05-18,21340,8,4,0.2,289.09,302.06,966.59,South,Consumer,2024,5,May
508703,2025-01-01,20323,7,4,0.05,208.23,211.66,804.31,Central,Corporate,2025,1,Jan
508704,2025-10-26,20884,11,1,0.1,526.43,559.81,503.83,South,Corporate,2025,10,Oct
508705,2024-09-24,21796,25,3,0.05,408.11,385.02,1097.31,North,Consumer,2024,9,Sep
508706,2025-03-04,23659,17,4,0.0,364.39,376.03,1504.12,East,Consumer,2025,3,Mar
508707,2024-07-11,22302,21,3,0.1,301.42,297.85,804.2,East,Consumer,2024,7,Jul
508708,2025-09-08,23080,26,4,0.05,173.18,184.35,700.53,East,Small Business,2025,9,Sep
508709,2024-02-24,20922,2,1,0.0,177.67,167.78,167.78,West,Consumer,2024,2,Feb
508710,2024-07-12,20894,15,1,0.0,203.7,209.93,209.93,North,Consumer,2024,7,Jul
508711,2025-12-24,20443,24,2,0.15,471.09,496.75,844.48,North,Consumer,2025,12,Dec
508712,2024-12-12,20965,3,1,0.05,379.36,370.78,352.24,East,Corporate,2024,12,Dec
508713,2025-07-20,23780,16,4,0.0,113.27,109.2,436.8,South,Consumer,2025,7,Jul
508714,2024-07-06,22530,18,3,0.0,376.89,405.53,1216.59,East,Consumer,2024,7,Jul
508715,2025-08-27,22139,18,1,0.15,376.89,386.75,328.74,West,Small Business,2025,8,Aug
508716,2024-04-26,21866,3,1,0.1,379.36,386.32,347.69,South,Corporate,2024,4,Apr
508717,2024-11-09,20437,5,1,0.05,310.91,313.52,297.84,East,Consumer,2024,11,Nov
508718,2024-10-11,21231,8,1,0.15,289.09,269.46,229.04,Central,Small Business,2024,10,Oct
508719,2025-11-02,20770,14,1,0.0,323.49,341.64,341.64,West,Consumer,2025,11,Nov
508720,2024-01-03,23340,4,3,0.2,453.41,434.66,1043.18,West,Small Business,2024,1,Jan
508721,2025-12-01,21044,24,4,0.05,471.09,503.59,1913.64,Central,Consumer,2025,12,Dec
508722,2025-10-12,23735,18,3,0.0,376.89,377.12,1131.36,East,Small Business,2025,10,Oct
508723,2024-08-17,20991,26,1,0.0,173.18,169.83,169.83,Central,Consumer,2024,8,Aug
508724,2024-11-24,21451,8,1,0.0,289.09,307.7,307.7,South,Small Business,2024,11,Nov
508725,2025-06-28,20392,24,3,0.0,471.09,498.77,1496.31,East,Consumer,2025,6,Jun
508726,2024-03-31,22584,19,1,0.05,495.95,469.32,445.85,West,Consumer,2024,3,Mar
508727,2024-07-17,20594,23,1,0.0,430.62,463.76,463.76,West,Consumer,2024,7,Jul
508728,2024-12-07,21342,20,1,0.05,187.69,174.43,165.71,East,Small Business,2024,12,Dec
508729,2025-08-13,23870,4,3,0.15,453.41,436.26,1112.46,East,Consumer,2025,8,Aug
508730,2025-09-28,23819,15,3,0.1,203.7,204.55,552.29,South,Small Business,2025,9,Sep
508731,2024-12-31,20341,8,3,0.2,289.09,270.14,648.34,East,Small Business,2024,12,Dec
508732,2025-11-30,21620,1,2,0.1,118.77,119.73,215.51,West,Consumer,2025,11,Nov
508733,2025-12-08,22289,2,2,0.05,177.67,179.3,340.67,East,Consumer,2025,12,Dec
508734,2024-01-02,20830,1,2,0.0,118.77,110.51,221.02,South,Corporate,2024,1,Jan
508735,2025-02-27,20324,7,4,0.2,208.23,194.29,621.73,North,Consumer,2025,2,Feb
508736,2025-12-13,21596,15,2,0.05,203.7,214.2,406.98,East,Consumer,2025,12,Dec
508737,2024-07-12,21966,22,1,0.0,356.25,358.64,358.64,West,Consumer,2024,7,Jul
508738,2024-08-24,21274,7,2,0.1,208.23,219.29,394.72,North,Small Business,2024,8,Aug
508739,2024-08-17,23401,18,3,0.15,376.89,405.16,1033.16,East,Small Business,2024,8,Aug
508740,2025-05-31,22037,15,3,0.05,203.7,200.13,570.37,Central,Small Business,2025,5,May
508741,2024-11-10,21507,20,1,0.05,187.69,178.73,169.79,West,Small Business,2024,11,Nov
508742,2025-07-04,20374,18,1,0.15,376.89,353.03,300.08,East,Consumer,2025,7,Jul
508743,2024-09-21,23752,5,2,0.0,310.91,307.78,615.56,West,Consumer,2024,9,Sep
508744,2025-10-24,22473,14,3,0.15,323.49,306.59,781.8,East,Small Business,2025,10,Oct
508745,2024-07-08,23513,16,4,0.1,113.27,105.45,379.62,Central,Corporate,2024,7,Jul
508746,2024-10-26,23096,17,1,0.0,364.39,340.51,340.51,Central,Consumer,2024,10,Oct
508747,2025-09-18,22434,13,4,0.0,509.47,474.04,1896.16,South,Consumer,2025,9,Sep
508748,2025-07-14,21053,29,1,0.0,538.73,565.21,565.21,Central,Consumer,2025,7,Jul
508749,2024-09-29,21154,27,4,0.15,282.82,299.58,1018.57,Central,Small Business,2024,9,Sep
508750,2025-05-15,21003,19,2,0.1,495.95,504.96,908.93,Central,Consumer,2025,5,May
508751,2024-11-29,22713,1,1,0.0,118.77,116.83,116.83,South,Corporate,2024,11,Nov
508752,2024-08-25,21337,6,4,0.05,183.47,184.24,700.11,West,Consumer,2024,8,Aug
508753,2024-08-01,20507,8,3,0.0,289.09,284.56,853.68,Central,Consumer,2024,8,Aug
508754,2025-08-26,22053,5,1,0.15,310.91,305.87,259.99,Central,Consumer,2025,8,Aug
508755,2025-08-14,20218,8,3,0.0,289.09,269.14,807.42,West,Consumer,2025,8,Aug
508756,2025-10-13,20413,29,1,0.0,538.73,534.62,534.62,South,Corporate,2025,10,Oct
508757,2024-10-16,23479,18,4,0.05,376.89,358.15,1360.97,North,Corporate,2024,10,Oct
508758,2025-02-18,22211,30,3,0.0,300.75,295.75,887.25,East,Small Business,2025,2,Feb
508759,2024-03-08,20981,14,4,0.15,323.49,346.6,1178.44,North,Consumer,2024,3,Mar
508760,2025-08-21,22643,14,3,0.05,323.49,332.37,947.25,Central,Consumer,2025,8,Aug
508761,2024-05-04,21503,19,2,0.1,495.95,478.66,861.59,Central,Consumer,2024,5,May
508762,2025-04-01,23917,26,3,0.0,173.18,179.47,538.41,South,Consumer,2025,4,Apr
508763,2025-09-27,23441,1,1,0.05,118.77,123.33,117.16,West,Consumer,2025,9,Sep
508764,2025-07-30,23861,20,3,0.0,187.69,199.66,598.98,Central,Consumer,2025,7,Jul
508765,2025-08-20,21051,24,1,0.15,471.09,453.23,385.25,North,Consumer,2025,8,Aug
508766,2025-03-27,21272,2,3,0.05,177.67,166.37,474.15,South,Consumer,2025,3,Mar
508767,2025-11-26,22481,10,1,0.15,452.53,458.65,389.85,East,Consumer,2025,11,Nov
508768,2025-05-21,22667,24,1,0.0,471.09,481.68,481.68,West,Consumer,2025,5,May
508769,2025-04-23,20572,12,1,0.05,119.8,121.78,115.69,East,Consumer,2025,4,Apr
508770,2024-01-28,22932,12,3,0.05,119.8,113.26,322.79,Central,Small Business,2024,1,Jan
508771,2025-04-12,21580,4,1,0.0,453.41,423.71,423.71,Central,Consumer,2025,4,Apr
508772,2024-03-11,23329,18,1,0.0,376.89,382.95,382.95,Central,Corporate,2024,3,Mar
508773,2024-10-11,21991,20,2,0.1,187.69,190.2,342.36,West,Consumer,2024,10,Oct
508774,2024-10-29,20344,27,2,0.2,282.82,284.3,454.88,Central,Corporate,2024,10,Oct
508775,2024-10-24,22303,14,4,0.0,323.49,317.06,1268.24,North,Consumer,2024,10,Oct
508776,2025-07-31,20519,16,1,0.05,113.27,121.76,115.67,Central,Consumer,2025,7,Jul
508777,2025-05-21,22854,16,3,0.0,113.27,107.88,323.64,West,Consumer,2025,5,May
508778,2024-02-16,21194,18,3,0.0,376.89,354.28,1062.84,West,Consumer,2024,2,Feb
508779,2024-10-03,22055,4,2,0.0,453.41,426.21,852.42,Central,Consumer,2024,10,Oct
508780,2024-01-10,21071,25,4,0.0,408.11,414.13,1656.52,North,Corporate,2024,1,Jan
508781,2025-08-19,20541,3,3,0.0,379.36,401.07,1203.21,Central,Small Business,2025,8,Aug
508782,2024-06-08,23130,25,4,0.05,408.11,399.83,1519.35,North,Small Business,2024,6,Jun
508783,2024-11-06,20840,18,4,0.15,376.89,399.56,1358.5,West,Small Business,2024,11,Nov
508784,2025-09-20,23261,19,4,0.15,495.95,519.43,1766.06,West,Consumer,2025,9,Sep
508785,2025-07-01,22549,13,2,0.0,509.47,476.53,953.06,East,Consumer,2025,7,Jul
508786,2025-10-10,21871,2,1,0.0,177.67,174.82,174.82,Central,Small Business,2025,10,Oct
508787,2024-09-07,21984,4,3,0.15,453.41,460.32,1173.82,Central,Consumer,2024,9,Sep
508788,2024-08-03,21903,27,2,0.05,282.82,301.33,572.53,Central,Corporate,2024,8,Aug
508789,2024-12-25,21698,12,2,0.05,119.8,118.55,225.24,South,Small Business,2024,12,Dec
508790,2025-05-13,22075,19,1,0.0,495.95,518.61,518.61,North,Consumer,2025,5,May
508791,2025-10-11,20087,13,4,0.2,509.47,543.81,1740.19,South,Corporate,2025,10,Oct
508792,2025-05-29,20128,17,2,0.2,364.39,376.68,602.69,South,Small Business,2025,5,May
508793,2025-10-16,22513,14,3,0.15,323.49,328.95,838.82,West,Consumer,2025,10,Oct
508794,2024-01-01,21590,26,3,0.1,173.18,161.0,434.7,West,Consumer,2024,1,Jan
508795,2025-09-29,23238,29,4,0.1,538.73,539.01,1940.44,South,Small Business,2025,9,Sep
508796,2024-09-30,20367,12,3,0.0,119.8,116.1,348.3,East,Consumer,2024,9,Sep
508797,2024-04-21,20482,20,1,0.0,187.69,175.61,175.61,East,Small Business,2024,4,Apr
508798,2024-04-19,20533,3,2,0.0,379.36,363.27,726.54,Central,Consumer,2024,4,Apr
508799,2024-10-11,23475,30,2,0.05,300.75,307.88,584.97,Central,Consumer,2024,10,Oct
508800,2024-09-10,22741,8,2,0.0,289.09,266.91,533.82,Central,Small Business,2024,9,Sep
508801,2024-02-22,21884,2,3,0.15,177.67,168.7,430.18,Central,Small Business,2024,2,Feb
508802,2024-07-12,22178,28,4,0.2,297.74,304.44,974.21,Central,Consumer,2024,7,Jul
508803,2024-12-26,21198,3,1,0.05,379.36,376.04,357.24,Central,Small Business,2024,12,Dec
508804,2024-02-25,21742,24,3,0.0,471.09,469.69,1409.07,East,Small Business,2024,2,Feb
508805,2024-07-26,21317,7,2,0.1,208.23,197.78,356.0,West,Small Business,2024,7,Jul
508806,2025-12-21,23036,15,3,0.05,203.7,188.05,535.94,West,Small Business,2025,12,Dec
508807,2025-11-10,23109,30,1,0.05,300.75,300.73,285.69,South,Consumer,2025,11,Nov
508808,2025-01-01,22325,25,2,0.1,408.11,406.84,732.31,Central,Consumer,2025,1,Jan
508809,2024-11-29,20924,2,3,0.0,177.67,189.37,568.11,West,Small Business,2024,11,Nov
508810,2024-04-16,21051,27,3,0.1,282.82,262.1,707.67,North,Consumer,2024,4,Apr
508811,2025-11-06,21553,21,1,0.0,301.42,286.36,286.36,Central,Consumer,2025,11,Nov
508812,2024-06-20,22653,25,2,0.0,408.11,389.75,779.5,South,Small Business,2024,6,Jun
508813,2024-05-03,23546,11,2,0.0,526.43,494.97,989.94,North,Small Business,2024,5,May
508814,2024-01-27,21149,30,1,0.2,300.75,310.85,248.68,Central,Consumer,2024,1,Jan
508815,2025-10-14,23176,13,2,0.1,509.47,494.01,889.22,Central,Small Business,2025,10,Oct
508816,2024-08-07,20444,29,3,0.0,538.73,567.67,1703.01,West,Small Business,2024,8,Aug
508817,2024-11-03,20553,26,2,0.0,173.18,169.1,338.2,South,Small Business,2024,11,Nov
508818,2024-02-17,23822,17,4,0.0,364.39,363.89,1455.56,South,Consumer,2024,2,Feb
508819,2024-07-30,21306,7,3,0.1,208.23,214.91,580.26,Central,Corporate,2024,7,Jul
508820,2024-06-29,23335,21,4,0.15,301.42,320.33,1089.12,East,Consumer,2024,6,Jun
508821,2025-12-28,21442,5,4,0.05,310.91,289.45,1099.91,Central,Consumer,2025,12,Dec
508822,2024-11-14,22190,30,1,0.1,300.75,311.3,280.17,Central,Consumer,2024,11,Nov
508823,2024-06-08,20078,14,3,0.0,323.49,298.74,896.22,Central,Consumer,2024,6,Jun
508824,2025-05-05,20384,28,1,0.1,297.74,298.11,268.3,East,Consumer,2025,5,May
508825,2024-06-22,23830,12,2,0.1,119.8,120.61,217.1,Central,Small Business,2024,6,Jun
508826,2025-08-31,21702,15,3,0.1,203.7,207.54,560.36,South,Consumer,2025,8,Aug
508827,2025-11-09,23060,13,4,0.0,509.47,515.08,2060.32,North,Small Business,2025,11,Nov
508828,2024-02-10,22304,7,3,0.0,208.23,199.59,598.77,Central,Consumer,2024,2,Feb
508829,2024-12-13,22703,30,2,0.05,300.75,316.92,602.15,South,Consumer,2024,12,Dec
508830,2024-06-29,21330,5,4,0.1,310.91,307.01,1105.24,South,Small Business,2024,6,Jun
508831,2025-09-15,23804,26,3,0.0,173.18,176.51,529.53,Central,Consumer,2025,9,Sep
508832,2024-04-09,20772,5,2,0.0,310.91,310.49,620.98,Central,Corporate,2024,4,Apr
508833,2024-10-26,22908,4,1,0.0,453.41,454.41,454.41,South,Consumer,2024,10,Oct
508834,2024-09-11,22030,1,3,0.0,118.77,117.67,353.01,Central,Small Business,2024,9,Sep
508835,2024-12-10,22142,26,1,0.15,173.18,160.64,136.54,Central,Consumer,2024,12,Dec
508836,2024-05-08,23548,23,4,0.0,430.62,426.07,1704.28,East,Small Business,2024,5,May
508837,2024-03-30,20066,24,4,0.0,471.09,505.91,2023.64,Central,Consumer,2024,3,Mar
508838,2024-06-20,21271,16,3,0.0,113.27,118.2,354.6,West,Consumer,2024,6,Jun
508839,2025-05-12,23131,7,2,0.0,208.23,214.73,429.46,East,Small Business,2025,5,May
508840,2025-11-01,23489,14,1,0.0,323.49,303.78,303.78,East,Consumer,2025,11,Nov
508841,2025-12-07,23724,25,3,0.0,408.11,402.93,1208.79,East,Consumer,2025,12,Dec
508842,2025-04-13,21520,1,4,0.0,118.77,123.71,494.84,Central,Consumer,2025,4,Apr
508843,2024-01-08,21621,18,3,0.0,376.89,349.74,1049.22,Central,Consumer,2024,1,Jan
508844,2025-09-25,21125,15,1,0.0,203.7,191.33,191.33,Central,Consumer,2025,9,Sep
508845,2025-11-01,21526,5,4,0.1,310.91,304.94,1097.78,East,Small Business,2025,11,Nov
508846,2025-02-01,23458,1,1,0.05,118.77,123.27,117.11,West,Consumer,2025,2,Feb
508847,2025-02-08,21429,10,1,0.0,452.53,431.58,431.58,Central,Consumer,2025,2,Feb
508848,2025-08-22,20376,21,2,0.05,301.42,295.03,560.56,South,Small Business,2025,8,Aug
508849,2024-09-13,23990,11,1,0.15,526.43,511.97,435.17,South,Consumer,2024,9,Sep
508850,2024-09-12,23058,30,2,0.0,300.75,302.81,605.62,East,Consumer,2024,9,Sep
508851,2025-06-29,20547,10,3,0.0,452.53,454.22,1362.66,Central,Small Business,2025,6,Jun
508852,2024-06-27,21903,27,3,0.0,282.82,293.22,879.66,Central,Corporate,2024,6,Jun
508853,2025-08-28,23073,23,1,0.0,430.62,411.45,411.45,West,Small Business,2025,8,Aug
508854,2025-02-05,20318,6,4,0.05,183.47,190.86,725.27,West,Small Business,2025,2,Feb
508855,2024-08-11,20918,8,1,0.1,289.09,306.41,275.77,East,Consumer,2024,8,Aug
508856,2025-11-19,22697,20,3,0.15,187.69,174.16,444.11,Central,Consumer,2025,11,Nov
508857,2024-04-16,23010,4,3,0.0,453.41,445.54,1336.62,North,Corporate,2024,4,Apr
508858,2025-09-02,21481,8,3,0.05,289.09,274.4,782.04,South,Consumer,2025,9,Sep
508859,2025-01-23,20159,19,3,0.0,495.95,493.88,1481.64,North,Consumer,2025,1,Jan
508860,2024-06-26,23028,17,4,0.1,364.39,380.52,1369.87,East,Consumer,2024,6,Jun
508861,2025-03-26,22894,16,1,0.1,113.27,113.28,101.95,Central,Consumer,2025,3,Mar
508862,2025-11-28,22058,14,1,0.0,323.49,306.23,306.23,Central,Corporate,2025,11,Nov
508863,2024-05-06,21035,3,1,0.05,379.36,356.41,338.59,Central,Consumer,2024,5,May
508864,2025-01-18,23220,8,4,0.0,289.09,302.05,1208.2,Central,Small Business,2025,1,Jan
508865,2025-06-01,22788,30,4,0.1,300.75,277.82,1000.15,Central,Consumer,2025,6,Jun
508866,2024-11-03,20095,17,3,0.0,364.39,391.87,1175.61,West,Consumer,2024,11,Nov
508867,2024-06-16,23318,10,4,0.0,452.53,419.63,1678.52,East,Corporate,2024,6,Jun
508868,2024-07-29,21941,21,2,0.15,301.42,288.34,490.18,South,Small Business,2024,7,Jul
508869,2024-10-31,22765,15,2,0.0,203.7,199.99,399.98,South,Small Business,2024,10,Oct
508870,2025-04-03,22001,21,1,0.05,301.42,312.48,296.86,Central,Consumer,2025,4,Apr
508871,2025-03-13,20357,22,2,0.0,356.25,375.62,751.24,West,Consumer,2025,3,Mar
508872,2025-02-27,23421,6,4,0.2,183.47,173.06,553.79,East,Consumer,2025,2,Feb
508873,2024-09-22,23506,7,4,0.1,208.23,212.95,766.62,West,Consumer,2024,9,Sep
508874,2025-08-26,23434,1,3,0.0,118.77,114.87,344.61,West,Consumer,2025,8,Aug
508875,2024-11-19,22148,18,3,0.1,376.89,401.54,1084.16,Central,Small Business,2024,11,Nov
508876,2025-10-30,21920,24,3,0.0,471.09,477.76,1433.28,North,Consumer,2025,10,Oct
508877,2024-08-20,20908,18,1,0.0,376.89,361.09,361.09,East,Consumer,2024,8,Aug
508878,2025-06-29,21104,20,1,0.1,187.69,177.69,159.92,South,Consumer,2025,6,Jun
508879,2025-02-10,20648,21,1,0.0,301.42,323.8,323.8,Central,Consumer,2025,2,Feb
508880,2024-05-15,21761,14,4,0.0,323.49,342.73,1370.92,West,Consumer,2024,5,May
508881,2024-03-06,22602,24,3,0.0,471.09,463.93,1391.79,East,Consumer,2024,3,Mar
508882,2024-04-06,22901,20,2,0.05,187.69,178.05,338.3,Central,Consumer,2024,4,Apr
508883,2024-12-08,21556,11,2,0.1,526.43,549.52,989.14,North,Consumer,2024,12,Dec
508884,2025-01-26,20308,27,1,0.0,282.82,270.88,270.88,Central,Small Business,2025,1,Jan
508885,2025-05-08,23631,17,1,0.0,364.39,385.43,385.43,Central,Consumer,2025,5,May
508886,2024-04-22,23910,11,1,0.15,526.43,565.12,480.35,Central,Consumer,2024,4,Apr
508887,2024-05-14,22780,9,4,0.05,308.58,310.39,1179.48,East,Small Business,2024,5,May
508888,2025-03-27,22552,14,4,0.1,323.49,329.02,1184.47,North,Small Business,2025,3,Mar
508889,2025-02-25,23583,18,1,0.05,376.89,351.98,334.38,West,Small Business,2025,2,Feb
508890,2024-04-28,21707,16,1,0.05,113.27,114.5,108.78,Central,Small Business,2024,4,Apr
508891,2025-03-01,22008,18,1,0.05,376.89,377.22,358.36,North,Consumer,2025,3,Mar
508892,2024-06-18,22377,21,4,0.0,301.42,306.43,1225.72,North,Consumer,2024,6,Jun
508893,2024-08-12,22081,23,4,0.05,430.62,445.95,1694.61,South,Consumer,2024,8,Aug
508894,2024-03-02,23574,15,1,0.05,203.7,201.35,191.28,West,Small Business,2024,3,Mar
508895,2024-02-20,20970,28,4,0.1,297.74,290.56,1046.02,Central,Corporate,2024,2,Feb
508896,2025-09-03,21610,22,3,0.2,356.25,339.66,815.18,Central,Consumer,2025,9,Sep
508897,2025-11-30,23838,15,3,0.0,203.7,193.41,580.23,North,Small Business,2025,11,Nov
508898,2025-03-06,20906,9,1,0.1,308.58,326.08,293.47,West,Consumer,2025,3,Mar
508899,2024-03-12,22445,2,3,0.05,177.67,167.31,476.83,North,Consumer,2024,3,Mar
508900,2024-09-10,22672,4,3,0.05,453.41,423.93,1208.2,Central,Consumer,2024,9,Sep
508901,2024-09-14,23432,20,2,0.0,187.69,194.08,388.16,Central,Consumer,2024,9,Sep
508902,2024-10-16,20220,2,1,0.1,177.67,182.63,164.37,East,Consumer,2024,10,Oct
508903,2024-05-14,22030,1,2,0.1,118.77,124.88,224.78,Central,Small Business,2024,5,May
508904,2024-04-08,21504,3,4,0.1,379.36,352.56,1269.22,West,Small Business,2024,4,Apr
508905,2025-11-04,21823,21,2,0.15,301.42,294.99,501.48,North,Consumer,2025,11,Nov
508906,2025-09-11,20834,1,2,0.0,118.77,115.24,230.48,South,Consumer,2025,9,Sep
508907,2024-02-08,21288,26,4,0.05,173.18,164.15,623.77,West,Corporate,2024,2,Feb
508908,2024-08-11,23008,30,4,0.05,300.75,284.25,1080.15,Central,Corporate,2024,8,Aug
508909,2024-04-08,23775,24,4,0.1,471.09,503.29,1811.84,South,Consumer,2024,4,Apr
508910,2024-02-22,23436,23,4,0.0,430.62,405.05,1620.2,South,Consumer,2024,2,Feb
508911,2025-04-17,22956,17,1,0.1,364.39,367.45,330.7,East,Small Business,2025,4,Apr
508912,2024-09-19,23221,17,2,0.15,364.39,337.63,573.97,Central,Consumer,2024,9,Sep
508913,2025-02-05,22945,7,1,0.1,208.23,222.89,200.6,South,Small Business,2025,2,Feb
508914,2024-06-26,20410,8,4,0.0,289.09,269.02,1076.08,South,Consumer,2024,6,Jun
508915,2025-06-10,22551,7,3,0.2,208.23,194.47,466.73,Central,Consumer,2025,6,Jun
508916,2024-10-24,20570,22,3,0.05,356.25,332.79,948.45,North,Consumer,2024,10,Oct
508917,2024-03-28,21455,25,4,0.05,408.11,428.88,1629.74,West,Consumer,2024,3,Mar
508918,2025-09-20,23721,30,1,0.0,300.75,307.89,307.89,Central,Consumer,2025,9,Sep
508919,2024-08-04,23601,13,2,0.1,509.47,546.03,982.85,West,Consumer,2024,8,Aug
508920,2025-06-28,22483,11,2,0.0,526.43,498.09,996.18,Central,Small Business,2025,6,Jun
508921,2025-05-16,22841,3,3,0.0,379.36,361.9,1085.7,South,Corporate,2025,5,May
508922,2024-06-27,21097,12,2,0.05,119.8,118.35,224.86,Central,Consumer,2024,6,Jun
508923,2024-07-02,23009,16,2,0.0,113.27,117.91,235.82,South,Consumer,2024,7,Jul
508924,2024-08-22,22395,26,3,0.05,173.18,177.21,505.05,South,Small Business,2024,8,Aug
508925,2025-10-14,22073,3,1,0.05,379.36,361.08,343.03,North,Consumer,2025,10,Oct
508926,2024-11-12,22918,12,4,0.1,119.8,125.39,451.4,East,Corporate,2024,11,Nov
508927,2025-06-27,23706,24,4,0.05,471.09,498.38,1893.84,Central,Corporate,2025,6,Jun
508928,2024-04-28,22694,27,1,0.1,282.82,304.82,274.34,North,Consumer,2024,4,Apr
508929,2024-02-25,21688,20,3,0.05,187.69,180.83,515.37,Central,Consumer,2024,2,Feb
508930,2024-07-27,21469,6,1,0.0,183.47,183.7,183.7,South,Consumer,2024,7,Jul
508931,2024-05-12,21062,17,1,0.0,364.39,349.65,349.65,South,Corporate,2024,5,May
508932,2024-08-13,22474,28,1,0.05,297.74,284.82,270.58,North,Small Business,2024,8,Aug
508933,2024-07-24,21458,23,3,0.0,430.62,433.78,1301.34,North,Corporate,2024,7,Jul
508934,2024-05-18,20353,5,3,0.1,310.91,287.68,776.74,South,Consumer,2024,5,May
508935,2025-12-04,22266,10,2,0.05,452.53,426.39,810.14,Central,Corporate,2025,12,Dec
508936,2024-07-18,23657,23,3,0.0,430.62,428.62,1285.86,North,Small Business,2024,7,Jul
508937,2024-01-15,20077,22,1,0.0,356.25,354.21,354.21,West,Consumer,2024,1,Jan
508938,2024-11-06,23204,10,1,0.05,452.53,465.13,441.87,West,Consumer,2024,11,Nov
508939,2025-07-15,23442,28,2,0.0,297.74,281.82,563.64,East,Consumer,2025,7,Jul
508940,2025-09-11,23525,25,3,0.05,408.11,429.93,1225.3,Central,Consumer,2025,9,Sep
508941,2024-09-28,20392,12,3,0.2,119.8,124.02,297.65,East,Consumer,2024,9,Sep
508942,2025-05-12,21042,6,2,0.05,183.47,174.04,330.68,North,Small Business,2025,5,May
508943,2024-04-12,23192,18,2,0.2,376.89,368.69,589.9,North,Consumer,2024,4,Apr
508944,2024-02-18,20950,20,3,0.1,187.69,201.97,545.32,South,Consumer,2024,2,Feb
508945,2025-06-29,23891,1,2,0.0,118.77,126.23,252.46,North,Small Business,2025,6,Jun
508946,2025-01-06,22245,16,4,0.0,113.27,106.79,427.16,East,Consumer,2025,1,Jan
508947,2024-01-03,21375,29,3,0.0,538.73,565.85,1697.55,Central,Small Business,2024,1,Jan
508948,2024-06-20,21501,9,1,0.0,308.58,291.63,291.63,Central,Consumer,2024,6,Jun
508949,2024-10-13,21740,29,4,0.0,538.73,538.78,2155.12,North,Consumer,2024,10,Oct
508950,2024-01-01,20793,15,3,0.0,203.7,212.51,637.53,North,Consumer,2024,1,Jan
508951,2024-08-10,21444,25,4,0.0,408.11,431.43,1725.72,Central,Consumer,2024,8,Aug
508952,2025-02-17,23190,29,3,0.1,538.73,511.76,1381.75,Central,Corporate,2025,2,Feb
508953,2024-02-03,20278,26,4,0.0,173.18,164.37,657.48,South,Consumer,2024,2,Feb
508954,2024-05-25,20343,23,2,0.15,430.62,444.55,755.74,Central,Consumer,2024,5,May
508955,2025-02-16,21569,28,2,0.05,297.74,313.79,596.2,North,Small Business,2025,2,Feb
508956,2025-04-17,20106,2,2,0.15,177.67,185.28,314.98,West,Corporate,2025,4,Apr
508957,2025-05-01,21738,9,4,0.0,308.58,332.12,1328.48,West,Consumer,2025,5,May
508958,2024-07-09,23315,30,4,0.0,300.75,278.3,1113.2,South,Consumer,2024,7,Jul
508959,2024-04-08,22125,12,2,0.1,119.8,111.24,200.23,Central,Small Business,2024,4,Apr
508960,2024-06-25,20873,22,1,0.15,356.25,384.47,326.8,Central,Consumer,2024,6,Jun
508961,2025-02-10,20254,10,1,0.15,452.53,447.15,380.08,Central,Consumer,2025,2,Feb
508962,2025-03-07,23507,8,3,0.2,289.09,299.57,718.97,Central,Small Business,2025,3,Mar
508963,2025-11-25,23127,3,3,0.0,379.36,358.08,1074.24,West,Consumer,2025,11,Nov
508964,2025-03-07,22232,29,4,0.0,538.73,527.79,2111.16,North,Corporate,2025,3,Mar
508965,2025-07-24,21141,3,4,0.15,379.36,409.45,1392.13,Central,Small Business,2025,7,Jul
508966,2025-09-12,22413,15,4,0.2,203.7,212.65,680.48,North,Consumer,2025,9,Sep
508967,2024-11-19,23026,7,4,0.0,208.23,219.04,876.16,South,Consumer,2024,11,Nov
508968,2024-05-24,20083,17,3,0.05,364.39,362.59,1033.38,Central,Consumer,2024,5,May
508969,2024-05-31,22991,19,3,0.05,495.95,468.84,1336.19,North,Consumer,2024,5,May
508970,2025-12-22,21767,8,2,0.1,289.09,310.16,558.29,North,Consumer,2025,12,Dec
508971,2024-07-19,21543,8,1,0.1,289.09,265.99,239.39,Central,Consumer,2024,7,Jul
508972,2024-09-26,23656,30,1,0.0,300.75,319.79,319.79,Central,Small Business,2024,9,Sep
508973,2024-09-25,23267,15,1,0.0,203.7,194.47,194.47,Central,Small Business,2024,9,Sep
508974,2025-12-10,22981,10,3,0.05,452.53,487.91,1390.54,Central,Consumer,2025,12,Dec
508975,2024-04-03,22843,16,3,0.1,113.27,106.06,286.36,Central,Small Business,2024,4,Apr
508976,2024-04-23,21030,20,4,0.2,187.69,173.39,554.85,North,Consumer,2024,4,Apr
508977,2025-04-13,23802,3,2,0.0,379.36,352.3,704.6,South,Consumer,2025,4,Apr
508978,2025-11-27,20163,18,2,0.0,376.89,365.42,730.84,East,Consumer,2025,11,Nov
508979,2025-04-11,21379,16,3,0.0,113.27,119.44,358.32,Central,Consumer,2025,4,Apr
508980,2025-12-05,20569,22,2,0.0,356.25,357.75,715.5,Central,Consumer,2025,12,Dec
508981,2025-01-06,20799,25,4,0.0,408.11,394.32,1577.28,South,Small Business,2025,1,Jan
508982,2024-07-31,23177,3,1,0.0,379.36,363.4,363.4,Central,Consumer,2024,7,Jul
508983,2024-05-09,20933,2,1,0.1,177.67,165.08,148.57,Central,Consumer,2024,5,May
508984,2024-05-28,21977,15,1,0.1,203.7,217.43,195.69,Central,Consumer,2024,5,May
508985,2025-08-26,22837,17,3,0.05,364.39,366.05,1043.24,West,Consumer,2025,8,Aug
508986,2025-03-16,21948,7,4,0.0,208.23,218.35,873.4,Central,Corporate,2025,3,Mar
508987,2025-09-18,21060,8,2,0.0,289.09,274.25,548.5,North,Consumer,2025,9,Sep
508988,2024-04-10,23434,4,2,0.0,453.41,484.84,969.68,West,Consumer,2024,4,Apr
508989,2024-06-05,21314,25,2,0.0,408.11,390.67,781.34,Central,Consumer,2024,6,Jun
508990,2024-08-03,21822,16,3,0.2,113.27,107.2,257.28,West,Small Business,2024,8,Aug
508991,2025-06-07,20897,24,2,0.05,471.09,476.56,905.46,West,Small Business,2025,6,Jun
508992,2025-12-19,21785,14,2,0.1,323.49,302.92,545.26,Central,Small Business,2025,12,Dec
508993,2025-04-30,20141,7,2,0.1,208.23,215.65,388.17,West,Consumer,2025,4,Apr
508994,2025-07-13,20256,14,2,0.0,323.49,345.92,691.84,Central,Small Business,2025,7,Jul
508995,2025-09-12,20096,1,1,0.15,118.77,120.49,102.42,West,Consumer,2025,9,Sep
508996,2025-08-04,23156,12,3,0.2,119.8,124.11,297.86,East,Small Business,2025,8,Aug
508997,2024-08-04,21200,24,4,0.05,471.09,464.11,1763.62,South,Consumer,2024,8,Aug
508998,2025-09-30,21780,10,4,0.0,452.53,451.99,1807.96,Central,Small Business,2025,9,Sep
508999,2025-11-06,21649,30,3,0.15,300.75,285.48,727.97,West,Consumer,2025,11,Nov
509000,2025-05-18,23764,1,2,0.05,118.77,116.82,221.96,Central,Small Business,2025,5,May
509001,2024-04-24,23168,8,4,0.15,289.09,292.25,993.65,Central,Corporate,2024,4,Apr
509002,2025-06-07,20902,18,1,0.05,376.89,367.08,348.73,South,Consumer,2025,6,Jun
509003,2025-01-08,20252,9,1,0.0,308.58,316.14,316.14,Central,Consumer,2025,1,Jan
509004,2025-06-19,20758,28,2,0.0,297.74,295.35,590.7,West,Consumer,2025,6,Jun
509005,2024-02-02,20746,3,3,0.0,379.36,382.68,1148.04,Central,Consumer,2024,2,Feb
509006,2024-10-13,20013,15,3,0.0,203.7,188.2,564.6,East,Consumer,2024,10,Oct
509007,2025-01-22,22933,10,3,0.1,452.53,479.71,1295.22,Central,Small Business,2025,1,Jan
509008,2024-03-14,22759,9,1,0.05,308.58,291.27,276.71,Central,Corporate,2024,3,Mar
509009,2025-01-03,22230,2,3,0.1,177.67,185.82,501.71,West,Corporate,2025,1,Jan
509010,2025-03-21,22154,10,1,0.1,452.53,469.27,422.34,South,Consumer,2025,3,Mar
509011,2025-03-04,21096,2,2,0.0,177.67,176.84,353.68,West,Corporate,2025,3,Mar
509012,2025-08-07,21133,8,1,0.0,289.09,268.99,268.99,Central,Corporate,2025,8,Aug
509013,2024-11-07,20373,26,3,0.1,173.18,174.92,472.28,West,Corporate,2024,11,Nov
509014,2024-06-20,21324,14,4,0.1,323.49,306.31,1102.72,West,Consumer,2024,6,Jun
509015,2024-04-16,21661,8,1,0.1,289.09,304.43,273.99,West,Consumer,2024,4,Apr
509016,2024-05-13,21213,2,2,0.0,177.67,178.77,357.54,East,Consumer,2024,5,May
509017,2024-09-17,23577,9,3,0.0,308.58,304.79,914.37,South,Small Business,2024,9,Sep
509018,2025-11-30,21534,8,3,0.0,289.09,298.19,894.57,West,Consumer,2025,11,Nov
509019,2025-07-10,23020,14,2,0.0,323.49,349.32,698.64,South,Small Business,2025,7,Jul
509020,2024-04-11,21227,29,4,0.2,538.73,540.84,1730.69,Central,Small Business,2024,4,Apr
509021,2025-03-24,23516,2,1,0.05,177.67,189.05,179.6,East,Consumer,2025,3,Mar
509022,2025-02-05,21746,14,2,0.0,323.49,299.0,598.0,South,Small Business,2025,2,Feb
509023,2024-06-10,23035,14,1,0.05,323.49,324.53,308.3,Central,Consumer,2024,6,Jun
509024,2025-06-25,23384,2,2,0.05,177.67,168.56,320.26,East,Consumer,2025,6,Jun
509025,2024-01-07,23377,8,2,0.0,289.09,305.02,610.04,South,Small Business,2024,1,Jan
509026,2024-03-10,22124,1,3,0.0,118.77,116.1,348.3,South,Small Business,2024,3,Mar
509027,2025-04-06,23315,22,3,0.05,356.25,356.25,1015.31,South,Consumer,2025,4,Apr
509028,2025-02-13,23107,30,4,0.1,300.75,317.08,1141.49,West,Consumer,2025,2,Feb
509029,2025-03-11,20791,2,4,0.05,177.67,190.2,722.76,Central,Small Business,2025,3,Mar
509030,2025-05-12,22290,24,2,0.05,471.09,445.35,846.16,Central,Small Business,2025,5,May
509031,2025-10-26,22086,16,3,0.0,113.27,107.9,323.7,Central,Consumer,2025,10,Oct
509032,2024-02-01,21107,8,3,0.0,289.09,295.71,887.13,Central,Consumer,2024,2,Feb
509033,2025-08-03,22725,20,1,0.0,187.69,200.37,200.37,East,Small Business,2025,8,Aug
509034,2024-11-02,23877,10,2,0.1,452.53,437.41,787.34,West,Small Business,2024,11,Nov
509035,2024-07-09,21756,30,4,0.05,300.75,296.41,1126.36,West,Consumer,2024,7,Jul
509036,2024-12-12,20736,23,2,0.1,430.62,408.2,734.76,South,Corporate,2024,12,Dec
509037,2025-02-01,22960,8,4,0.15,289.09,307.9,1046.86,North,Corporate,2025,2,Feb
509038,2025-02-10,23800,20,1,0.0,187.69,198.14,198.14,North,Small Business,2025,2,Feb
509039,2024-07-16,20178,28,1,0.05,297.74,301.94,286.84,North,Consumer,2024,7,Jul
509040,2024-01-30,23745,20,3,0.0,187.69,176.8,530.4,Central,Consumer,2024,1,Jan
509041,2025-05-02,22918,20,4,0.0,187.69,190.96,763.84,East,Corporate,2025,5,May
509042,2025-10-15,20738,12,1,0.0,119.8,121.07,121.07,Central,Consumer,2025,10,Oct
509043,2025-10-24,21478,19,3,0.05,495.95,487.56,1389.55,West,Consumer,2025,10,Oct
509044,2025-09-21,20649,26,3,0.1,173.18,164.32,443.66,Central,Small Business,2025,9,Sep
509045,2024-06-08,22250,3,4,0.15,379.36,408.32,1388.29,North,Corporate,2024,6,Jun
509046,2025-09-15,21171,22,4,0.0,356.25,360.14,1440.56,North,Consumer,2025,9,Sep
509047,2025-04-23,22545,7,1,0.15,208.23,207.93,176.74,West,Consumer,2025,4,Apr
509048,2025-01-14,22430,22,2,0.05,356.25,338.89,643.89,West,Consumer,2025,1,Jan
509049,2024-08-04,23163,16,4,0.0,113.27,118.33,473.32,Central,Consumer,2024,8,Aug
509050,2025-07-30,21719,6,2,0.0,183.47,197.01,394.02,North,Consumer,2025,7,Jul
509051,2024-03-30,22425,30,3,0.15,300.75,319.15,813.83,North,Small Business,2024,3,Mar
509052,2025-08-08,23406,10,2,0.05,452.53,480.98,913.86,West,Corporate,2025,8,Aug
509053,2025-10-22,21714,25,3,0.0,408.11,394.87,1184.61,West,Consumer,2025,10,Oct
509054,2025-12-05,23923,11,3,0.0,526.43,501.85,1505.55,West,Consumer,2025,12,Dec
509055,2025-10-08,21858,5,2,0.1,310.91,327.97,590.35,West,Consumer,2025,10,Oct
509056,2025-08-19,21774,10,4,0.1,452.53,429.61,1546.6,West,Corporate,2025,8,Aug
509057,2025-07-05,22394,30,2,0.0,300.75,283.32,566.64,North,Consumer,2025,7,Jul
509058,2024-03-28,20058,7,2,0.1,208.23,205.3,369.54,East,Consumer,2024,3,Mar
509059,2024-08-31,22130,25,4,0.0,408.11,437.06,1748.24,Central,Consumer,2024,8,Aug
509060,2024-04-14,23909,21,3,0.0,301.42,320.02,960.06,Central,Small Business,2024,4,Apr
509061,2024-09-24,22531,13,3,0.1,509.47,495.93,1339.01,East,Corporate,2024,9,Sep
509062,2025-01-06,21684,20,1,0.1,187.69,188.8,169.92,Central,Consumer,2025,1,Jan
509063,2025-10-06,21833,18,4,0.15,376.89,364.6,1239.64,West,Consumer,2025,10,Oct
509064,2025-06-02,22009,17,3,0.1,364.39,371.63,1003.4,Central,Corporate,2025,6,Jun
509065,2025-08-17,20438,22,3,0.0,356.25,348.19,1044.57,East,Consumer,2025,8,Aug
509066,2025-09-02,22508,19,2,0.0,495.95,493.34,986.68,North,Corporate,2025,9,Sep
509067,2025-08-12,20487,2,2,0.1,177.67,189.39,340.9,South,Consumer,2025,8,Aug
509068,2024-01-09,23053,30,1,0.05,300.75,319.23,303.27,West,Consumer,2024,1,Jan
509069,2025-11-23,20449,30,4,0.0,300.75,296.36,1185.44,South,Small Business,2025,11,Nov
509070,2024-11-12,21924,3,4,0.0,379.36,375.16,1500.64,West,Small Business,2024,11,Nov
509071,2024-07-02,23771,1,2,0.0,118.77,115.46,230.92,Central,Consumer,2024,7,Jul
509072,2024-11-05,20156,21,2,0.1,301.42,306.65,551.97,Central,Small Business,2024,11,Nov
509073,2025-02-07,20228,26,1,0.0,173.18,184.61,184.61,South,Corporate,2025,2,Feb
509074,2025-05-22,22490,25,4,0.1,408.11,378.56,1362.82,South,Consumer,2025,5,May
509075,2024-11-01,22707,18,3,0.05,376.89,368.41,1049.97,East,Small Business,2024,11,Nov
509076,2025-02-09,21797,14,2,0.0,323.49,349.0,698.0,East,Consumer,2025,2,Feb
509077,2024-10-28,20749,28,4,0.0,297.74,282.83,1131.32,East,Consumer,2024,10,Oct
509078,2025-08-09,22167,10,2,0.0,452.53,464.43,928.86,Central,Consumer,2025,8,Aug
509079,2024-03-15,22886,27,1,0.0,282.82,265.92,265.92,East,Consumer,2024,3,Mar
509080,2025-05-26,21098,17,2,0.1,364.39,348.12,626.62,East,Small Business,2025,5,May
509081,2025-02-10,20576,17,4,0.0,364.39,387.06,1548.24,Central,Consumer,2025,2,Feb
509082,2024-12-17,20019,23,2,0.15,430.62,448.04,761.67,South,Consumer,2024,12,Dec
509083,2024-10-09,23856,18,4,0.0,376.89,405.63,1622.52,South,Consumer,2024,10,Oct
509084,2024-06-22,20526,26,1,0.05,173.18,166.01,157.71,East,Consumer,2024,6,Jun
509085,2024-07-06,22640,27,2,0.0,282.82,278.38,556.76,North,Consumer,2024,7,Jul
509086,2025-04-15,22325,20,3,0.0,187.69,182.96,548.88,Central,Consumer,2025,4,Apr
509087,2024-04-18,22144,11,4,0.0,526.43,508.23,2032.92,Central,Consumer,2024,4,Apr
509088,2024-06-14,22583,20,1,0.1,187.69,199.91,179.92,North,Consumer,2024,6,Jun
509089,2024-11-12,20676,30,4,0.05,300.75,282.13,1072.09,Central,Consumer,2024,11,Nov
509090,2025-04-18,20498,27,1,0.05,282.82,304.26,289.05,West,Consumer,2025,4,Apr
509091,2024-10-20,22171,27,2,0.0,282.82,264.27,528.54,South,Consumer,2024,10,Oct
509092,2024-04-20,21749,16,2,0.0,113.27,118.35,236.7,South,Consumer,2024,4,Apr
509093,2025-08-05,22249,29,3,0.0,538.73,499.21,1497.63,South,Consumer,2025,8,Aug
509094,2024-06-03,22516,11,3,0.15,526.43,510.75,1302.41,South,Consumer,2024,6,Jun
509095,2025-11-19,23901,23,1,0.05,430.62,428.16,406.75,East,Consumer,2025,11,Nov
509096,2024-11-10,21705,6,4,0.0,183.47,171.12,684.48,East,Small Business,2024,11,Nov
509097,2025-08-13,22947,9,2,0.0,308.58,289.99,579.98,South,Consumer,2025,8,Aug
509098,2025-01-14,22795,5,2,0.1,310.91,317.54,571.57,North,Small Business,2025,1,Jan
509099,2024-07-08,21038,12,4,0.0,119.8,112.35,449.4,Central,Consumer,2024,7,Jul
509100,2025-11-28,23737,12,3,0.0,119.8,128.05,384.15,South,Consumer,2025,11,Nov
509101,2024-08-16,23599,8,2,0.0,289.09,273.46,546.92,East,Corporate,2024,8,Aug
509102,2025-03-20,21306,1,4,0.2,118.77,123.04,393.73,Central,Corporate,2025,3,Mar
509103,2025-08-07,21439,11,2,0.05,526.43,552.2,1049.18,East,Consumer,2025,8,Aug
509104,2024-11-06,23173,20,1,0.1,187.69,183.86,165.47,South,Consumer,2024,11,Nov
509105,2025-08-10,22757,26,2,0.1,173.18,185.22,333.4,North,Consumer,2025,8,Aug
509106,2025-08-28,20950,27,2,0.05,282.82,279.17,530.42,South,Consumer,2025,8,Aug
509107,2024-07-12,20681,12,1,0.0,119.8,116.13,116.13,East,Small Business,2024,7,Jul
509108,2024-04-11,22312,20,1,0.05,187.69,194.12,184.41,East,Consumer,2024,4,Apr
509109,2024-02-20,22988,3,3,0.0,379.36,369.95,1109.85,West,Consumer,2024,2,Feb
509110,2024-01-11,23498,30,3,0.0,300.75,312.1,936.3,West,Corporate,2024,1,Jan
509111,2025-01-21,21554,10,2,0.0,452.53,433.4,866.8,South,Consumer,2025,1,Jan
509112,2024-07-05,23512,28,4,0.0,297.74,285.28,1141.12,East,Consumer,2024,7,Jul
509113,2024-10-30,23012,14,4,0.05,323.49,316.2,1201.56,Central,Corporate,2024,10,Oct
509114,2025-01-24,21668,18,3,0.1,376.89,387.26,1045.6,Central,Consumer,2025,1,Jan
509115,2024-07-28,23080,16,1,0.1,113.27,120.99,108.89,East,Small Business,2024,7,Jul
509116,2025-04-10,23303,4,4,0.0,453.41,472.88,1891.52,South,Consumer,2025,4,Apr
509117,2024-10-11,23587,10,4,0.0,452.53,441.97,1767.88,North,Consumer,2024,10,Oct
509118,2025-08-08,21887,6,3,0.15,183.47,181.31,462.34,Central,Consumer,2025,8,Aug
509119,2024-04-27,22151,21,4,0.2,301.42,302.03,966.5,North,Small Business,2024,4,Apr
509120,2025-03-17,22589,11,3,0.1,526.43,490.42,1324.13,Central,Small Business,2025,3,Mar
509121,2024-08-16,21133,26,3,0.2,173.18,173.09,415.42,Central,Corporate,2024,8,Aug
509122,2024-03-25,22128,6,2,0.0,183.47,182.64,365.28,South,Consumer,2024,3,Mar
509123,2024-04-22,22316,16,4,0.1,113.27,115.07,414.25,Central,Corporate,2024,4,Apr
509124,2025-08-01,22242,13,3,0.0,509.47,536.65,1609.95,South,Consumer,2025,8,Aug
509125,2025-09-27,21367,2,4,0.0,177.67,189.82,759.28,Central,Small Business,2025,9,Sep
509126,2024-01-10,20271,30,1,0.0,300.75,319.34,319.34,South,Corporate,2024,1,Jan
509127,2024-06-16,22122,19,1,0.15,495.95,499.53,424.6,West,Corporate,2024,6,Jun
509128,2025-05-30,23394,30,1,0.0,300.75,322.06,322.06,West,Corporate,2025,5,May
509129,2025-07-09,22878,3,1,0.0,379.36,408.62,408.62,East,Corporate,2025,7,Jul
509130,2025-01-16,21233,23,3,0.0,430.62,403.58,1210.74,North,Consumer,2025,1,Jan
509131,2024-01-24,22417,24,1,0.15,471.09,443.52,376.99,West,Consumer,2024,1,Jan
509132,2024-12-27,20431,19,4,0.1,495.95,504.54,1816.34,South,Corporate,2024,12,Dec
509133,2024-11-10,22559,4,3,0.0,453.41,475.05,1425.15,North,Consumer,2024,11,Nov
509134,2025-06-28,21446,26,3,0.0,173.18,176.31,528.93,West,Consumer,2025,6,Jun
509135,2025-08-22,22257,16,1,0.0,113.27,113.06,113.06,East,Consumer,2025,8,Aug
509136,2024-02-02,20324,29,1,0.1,538.73,549.44,494.5,North,Consumer,2024,2,Feb
509137,2025-11-17,21708,2,4,0.2,177.67,172.05,550.56,Central,Consumer,2025,11,Nov
509138,2024-10-27,20109,26,4,0.0,173.18,178.74,714.96,North,Consumer,2024,10,Oct
509139,2025-03-19,23024,10,1,0.0,452.53,483.55,483.55,North,Small Business,2025,3,Mar
509140,2025-11-19,21498,20,3,0.1,187.69,200.55,541.49,Central,Small Business,2025,11,Nov
509141,2025-03-15,23846,14,2,0.05,323.49,339.88,645.77,Central,Consumer,2025,3,Mar
509142,2024-01-11,21991,15,1,0.1,203.7,206.88,186.19,West,Consumer,2024,1,Jan
509143,2024-06-15,20368,2,4,0.15,177.67,174.28,592.55,Central,Consumer,2024,6,Jun
509144,2025-10-03,23604,12,3,0.1,119.8,119.92,323.78,Central,Consumer,2025,10,Oct
509145,2024-04-03,21883,2,2,0.05,177.67,171.11,325.11,Central,Consumer,2024,4,Apr
509146,2025-04-19,21551,14,1,0.15,323.49,326.88,277.85,South,Consumer,2025,4,Apr
509147,2024-11-10,22723,27,4,0.0,282.82,302.03,1208.12,Central,Consumer,2024,11,Nov
509148,2025-10-25,23232,5,1,0.1,310.91,315.35,283.82,Central,Consumer,2025,10,Oct
509149,2025-12-08,22864,2,4,0.05,177.67,177.8,675.64,East,Consumer,2025,12,Dec
509150,2024-02-03,22494,8,3,0.0,289.09,289.51,868.53,East,Corporate,2024,2,Feb
509151,2025-11-26,23806,11,1,0.05,526.43,488.1,463.7,Central,Small Business,2025,11,Nov
509152,2025-08-13,21859,23,4,0.0,430.62,438.94,1755.76,West,Consumer,2025,8,Aug
509153,2025-11-30,21802,4,3,0.0,453.41,454.36,1363.08,Central,Consumer,2025,11,Nov
509154,2025-01-23,20190,20,2,0.0,187.69,194.48,388.96,East,Consumer,2025,1,Jan
509155,2025-12-05,22013,5,4,0.1,310.91,298.43,1074.35,West,Consumer,2025,12,Dec
509156,2024-06-30,23409,10,1,0.05,452.53,446.93,424.58,East,Consumer,2024,6,Jun
509157,2024-03-16,21136,12,3,0.15,119.8,125.44,319.87,East,Consumer,2024,3,Mar
509158,2024-12-10,22470,16,1,0.0,113.27,112.36,112.36,North,Consumer,2024,12,Dec
509159,2024-06-27,23250,5,3,0.0,310.91,332.79,998.37,Central,Consumer,2024,6,Jun
509160,2025-11-05,20869,12,3,0.1,119.8,120.3,324.81,Central,Consumer,2025,11,Nov
509161,2025-03-18,20012,10,4,0.1,452.53,463.89,1670.0,Central,Corporate,2025,3,Mar
509162,2024-11-17,21109,8,1,0.0,289.09,270.83,270.83,West,Consumer,2024,11,Nov
509163,2024-02-02,20156,17,2,0.0,364.39,359.99,719.98,Central,Small Business,2024,2,Feb
509164,2024-04-10,22978,4,3,0.0,453.41,437.72,1313.16,East,Consumer,2024,4,Apr
509165,2025-04-10,21301,30,2,0.0,300.75,281.99,563.98,East,Consumer,2025,4,Apr
509166,2024-02-17,23271,16,3,0.0,113.27,118.57,355.71,West,Consumer,2024,2,Feb
509167,2025-06-05,23058,27,2,0.15,282.82,299.11,508.49,East,Consumer,2025,6,Jun
509168,2024-01-11,22906,19,3,0.2,495.95,522.68,1254.43,North,Small Business,2024,1,Jan
509169,2024-10-15,21003,22,1,0.1,356.25,345.8,311.22,Central,Consumer,2024,10,Oct
509170,2024-06-03,20833,1,2,0.1,118.77,110.74,199.33,West,Consumer,2024,6,Jun
509171,2024-07-12,21247,27,3,0.0,282.82,285.8,857.4,Central,Consumer,2024,7,Jul
509172,2025-02-05,20294,2,1,0.0,177.67,189.71,189.71,East,Small Business,2025,2,Feb
509173,2024-10-15,21335,7,4,0.0,208.23,208.03,832.12,Central,Corporate,2024,10,Oct
509174,2024-09-13,21750,6,4,0.0,183.47,189.56,758.24,South,Small Business,2024,9,Sep
509175,2024-06-04,22169,27,2,0.05,282.82,293.47,557.59,East,Small Business,2024,6,Jun
509176,2025-10-01,22158,23,4,0.0,430.62,429.58,1718.32,Central,Small Business,2025,10,Oct
509177,2024-06-28,23267,10,4,0.15,452.53,464.53,1579.4,Central,Small Business,2024,6,Jun
509178,2025-07-28,22162,23,3,0.0,430.62,452.87,1358.61,North,Corporate,2025,7,Jul
509179,2025-12-03,23115,8,4,0.0,289.09,271.9,1087.6,West,Small Business,2025,12,Dec
509180,2024-12-05,22205,13,1,0.15,509.47,492.1,418.28,West,Small Business,2024,12,Dec
509181,2024-08-10,20895,15,3,0.15,203.7,206.74,527.19,North,Consumer,2024,8,Aug
509182,2024-06-17,22838,30,4,0.0,300.75,302.75,1211.0,North,Consumer,2024,6,Jun
509183,2024-07-04,23920,2,3,0.1,177.67,175.72,474.44,Central,Consumer,2024,7,Jul
509184,2024-10-30,22272,16,2,0.0,113.27,110.86,221.72,Central,Consumer,2024,10,Oct
509185,2025-03-27,22334,16,2,0.0,113.27,118.0,236.0,Central,Consumer,2025,3,Mar
509186,2025-04-11,20948,20,4,0.0,187.69,194.05,776.2,North,Consumer,2025,4,Apr
509187,2024-05-22,23035,12,2,0.1,119.8,114.56,206.21,Central,Consumer,2024,5,May
509188,2024-01-17,20159,17,1,0.0,364.39,386.87,386.87,North,Consumer,2024,1,Jan
509189,2025-08-05,22878,2,3,0.0,177.67,191.06,573.18,East,Corporate,2025,8,Aug
509190,2025-10-12,21921,28,2,0.0,297.74,297.83,595.66,Central,Small Business,2025,10,Oct
509191,2024-03-05,23723,27,1,0.0,282.82,294.09,294.09,South,Small Business,2024,3,Mar
509192,2025-04-23,20758,4,2,0.0,453.41,468.02,936.04,West,Consumer,2025,4,Apr
509193,2024-11-02,21938,6,1,0.2,183.47,171.47,137.18,South,Consumer,2024,11,Nov
509194,2025-12-04,21637,2,2,0.0,177.67,186.12,372.24,Central,Corporate,2025,12,Dec
509195,2025-08-16,23319,20,4,0.1,187.69,179.74,647.06,West,Small Business,2025,8,Aug
509196,2025-04-30,20915,17,4,0.1,364.39,345.96,1245.46,East,Consumer,2025,4,Apr
509197,2024-09-08,21636,19,2,0.05,495.95,457.5,869.25,Central,Consumer,2024,9,Sep
509198,2024-09-22,21933,20,4,0.15,187.69,180.93,615.16,Central,Corporate,2024,9,Sep
509199,2024-12-10,22258,14,1,0.05,323.49,315.86,300.07,South,Small Business,2024,12,Dec
509200,2024-11-16,20935,26,1,0.15,173.18,170.12,144.6,East,Consumer,2024,11,Nov
509201,2024-03-06,21642,7,4,0.05,208.23,208.54,792.45,North,Consumer,2024,3,Mar
509202,2024-01-06,21204,15,4,0.0,203.7,203.5,814.0,Central,Consumer,2024,1,Jan
509203,2025-05-13,20613,8,1,0.0,289.09,283.77,283.77,West,Consumer,2025,5,May
509204,2024-02-11,20762,6,2,0.0,183.47,186.83,373.66,East,Small Business,2024,2,Feb
509205,2024-12-06,20811,10,2,0.15,452.53,477.5,811.75,North,Corporate,2024,12,Dec
509206,2024-03-16,22381,11,3,0.15,526.43,489.12,1247.26,East,Consumer,2024,3,Mar
509207,2024-12-04,22960,2,1,0.0,177.67,177.28,177.28,North,Corporate,2024,12,Dec
509208,2024-10-14,22737,24,1,0.0,471.09,434.93,434.93,Central,Consumer,2024,10,Oct
509209,2024-02-28,20029,3,1,0.0,379.36,378.77,378.77,Central,Consumer,2024,2,Feb
509210,2024-07-28,22155,9,1,0.05,308.58,286.46,272.14,West,Corporate,2024,7,Jul
509211,2024-02-19,20891,11,4,0.0,526.43,506.15,2024.6,East,Small Business,2024,2,Feb
509212,2024-10-19,23991,26,2,0.0,173.18,167.71,335.42,South,Small Business,2024,10,Oct
509213,2024-03-04,20584,19,4,0.15,495.95,488.4,1660.56,South,Small Business,2024,3,Mar
509214,2024-10-23,21705,4,3,0.1,453.41,489.0,1320.3,East,Small Business,2024,10,Oct
509215,2024-03-01,22237,17,3,0.1,364.39,378.62,1022.27,West,Consumer,2024,3,Mar
509216,2024-09-13,20736,13,4,0.0,509.47,538.25,2153.0,South,Corporate,2024,9,Sep
509217,2024-08-28,20213,8,2,0.05,289.09,308.18,585.54,West,Corporate,2024,8,Aug
509218,2025-01-10,23300,22,4,0.05,356.25,344.33,1308.45,Central,Consumer,2025,1,Jan
509219,2024-11-05,21277,2,2,0.1,177.67,165.48,297.86,East,Corporate,2024,11,Nov
509220,2025-11-14,21816,11,4,0.15,526.43,504.73,1716.08,East,Consumer,2025,11,Nov
509221,2025-10-17,22975,25,3,0.0,408.11,437.22,1311.66,West,Consumer,2025,10,Oct
509222,2025-01-17,21521,20,4,0.05,187.69,194.63,739.59,North,Small Business,2025,1,Jan
509223,2024-01-29,21826,5,1,0.05,310.91,316.0,300.2,Central,Small Business,2024,1,Jan
509224,2025-08-22,22154,30,1,0.05,300.75,323.59,307.41,South,Consumer,2025,8,Aug
509225,2025-05-08,23016,23,3,0.0,430.62,425.96,1277.88,West,Corporate,2025,5,May
509226,2025-07-23,20541,2,2,0.0,177.67,186.36,372.72,Central,Small Business,2025,7,Jul
509227,2025-10-19,24000,27,4,0.0,282.82,283.87,1135.48,South,Small Business,2025,10,Oct
509228,2024-11-01,23651,1,3,0.15,118.77,125.13,319.08,West,Small Business,2024,11,Nov
509229,2024-12-20,22478,15,4,0.1,203.7,215.45,775.62,Central,Consumer,2024,12,Dec
509230,2024-06-24,23290,19,3,0.1,495.95,465.18,1255.99,West,Consumer,2024,6,Jun
509231,2024-02-22,22788,9,1,0.05,308.58,304.88,289.64,Central,Consumer,2024,2,Feb
509232,2024-01-24,23714,29,1,0.15,538.73,526.35,447.4,North,Small Business,2024,1,Jan
509233,2025-06-05,20127,24,1,0.05,471.09,482.49,458.37,South,Consumer,2025,6,Jun
509234,2024-02-10,21901,15,1,0.15,203.7,200.49,170.42,Central,Small Business,2024,2,Feb
509235,2025-10-04,23922,14,1,0.05,323.49,337.09,320.24,West,Consumer,2025,10,Oct
509236,2024-06-09,21327,14,3,0.1,323.49,317.46,857.14,South,Consumer,2024,6,Jun
509237,2025-01-11,23358,14,1,0.0,323.49,316.45,316.45,West,Consumer,2025,1,Jan
509238,2025-10-03,20562,7,4,0.0,208.23,200.36,801.44,West,Consumer,2025,10,Oct
509239,2024-05-22,20020,20,1,0.0,187.69,187.07,187.07,East,Consumer,2024,5,May
509240,2024-03-18,22660,11,2,0.0,526.43,537.05,1074.1,North,Small Business,2024,3,Mar
509241,2024-10-09,23668,23,4,0.0,430.62,439.44,1757.76,Central,Consumer,2024,10,Oct
509242,2025-08-26,20942,1,2,0.0,118.77,118.44,236.88,East,Consumer,2025,8,Aug
509243,2024-07-14,23313,6,2,0.15,183.47,194.55,330.74,West,Consumer,2024,7,Jul
509244,2024-11-30,21215,16,4,0.05,113.27,108.49,412.26,Central,Consumer,2024,11,Nov
509245,2025-04-19,23900,9,1,0.0,308.58,299.48,299.48,North,Consumer,2025,4,Apr
509246,2025-04-16,20059,25,2,0.2,408.11,406.94,651.1,Central,Consumer,2025,4,Apr
509247,2025-09-02,22948,20,3,0.0,187.69,186.19,558.57,South,Consumer,2025,9,Sep
509248,2024-04-15,23848,24,1,0.0,471.09,478.93,478.93,South,Small Business,2024,4,Apr
509249,2025-12-11,22131,23,4,0.2,430.62,410.67,1314.14,East,Small Business,2025,12,Dec
509250,2025-08-03,23374,14,2,0.05,323.49,310.08,589.15,Central,Consumer,2025,8,Aug
509251,2025-12-15,20246,3,1,0.0,379.36,388.42,388.42,West,Consumer,2025,12,Dec
509252,2024-03-06,22864,14,3,0.0,323.49,346.84,1040.52,East,Consumer,2024,3,Mar
509253,2025-07-17,20195,8,3,0.0,289.09,300.07,900.21,Central,Consumer,2025,7,Jul
509254,2025-01-17,23028,21,4,0.0,301.42,311.43,1245.72,East,Consumer,2025,1,Jan
509255,2025-08-02,20686,29,3,0.05,538.73,532.85,1518.62,South,Consumer,2025,8,Aug
509256,2024-03-16,23327,29,2,0.05,538.73,514.08,976.75,South,Corporate,2024,3,Mar
509257,2024-12-24,22122,23,3,0.0,430.62,442.5,1327.5,West,Corporate,2024,12,Dec
509258,2025-09-17,20885,23,1,0.0,430.62,450.15,450.15,Central,Consumer,2025,9,Sep
509259,2025-08-19,23267,29,3,0.05,538.73,520.15,1482.43,Central,Small Business,2025,8,Aug
509260,2025-03-06,21871,15,2,0.05,203.7,190.05,361.1,Central,Small Business,2025,3,Mar
509261,2025-04-30,23698,1,2,0.0,118.77,127.54,255.08,Central,Small Business,2025,4,Apr
509262,2025-02-02,21753,28,3,0.05,297.74,317.24,904.13,Central,Small Business,2025,2,Feb
509263,2025-09-18,21753,17,3,0.2,364.39,387.33,929.59,Central,Small Business,2025,9,Sep
509264,2024-07-18,20174,30,1,0.0,300.75,294.3,294.3,East,Consumer,2024,7,Jul
509265,2025-11-24,20874,25,1,0.0,408.11,405.95,405.95,Central,Consumer,2025,11,Nov
509266,2025-01-08,22454,22,3,0.05,356.25,341.26,972.59,South,Consumer,2025,1,Jan
509267,2025-12-24,21064,13,4,0.05,509.47,525.35,1996.33,South,Corporate,2025,12,Dec
509268,2024-01-16,20520,28,1,0.05,297.74,319.84,303.85,North,Small Business,2024,1,Jan
509269,2025-01-24,20911,28,1,0.0,297.74,280.19,280.19,West,Consumer,2025,1,Jan
509270,2024-12-17,22286,29,4,0.1,538.73,548.38,1974.17,East,Consumer,2024,12,Dec
509271,2024-12-21,21477,17,2,0.0,364.39,363.54,727.08,East,Consumer,2024,12,Dec
509272,2024-06-05,22995,18,1,0.1,376.89,348.33,313.5,South,Small Business,2024,6,Jun
509273,2024-09-27,23695,21,3,0.0,301.42,294.24,882.72,Central,Consumer,2024,9,Sep
509274,2025-10-14,20405,9,3,0.2,308.58,325.82,781.97,Central,Consumer,2025,10,Oct
509275,2024-04-02,20298,5,2,0.0,310.91,299.31,598.62,East,Consumer,2024,4,Apr
509276,2024-07-18,20696,22,3,0.15,356.25,384.06,979.35,North,Consumer,2024,7,Jul
509277,2025-03-27,20077,13,1,0.0,509.47,533.4,533.4,West,Consumer,2025,3,Mar
509278,2025-01-08,23484,5,3,0.0,310.91,299.05,897.15,Central,Consumer,2025,1,Jan
509279,2025-12-28,22987,29,3,0.15,538.73,507.87,1295.07,North,Corporate,2025,12,Dec
509280,2024-01-03,22905,11,2,0.0,526.43,503.06,1006.12,South,Corporate,2024,1,Jan
509281,2024-07-13,23668,19,1,0.0,495.95,519.64,519.64,Central,Consumer,2024,7,Jul
509282,2025-06-27,23133,12,2,0.0,119.8,114.91,229.82,Central,Consumer,2025,6,Jun
509283,2024-04-23,23310,12,2,0.2,119.8,116.19,185.9,Central,Consumer,2024,4,Apr
509284,2024-04-27,20621,26,4,0.05,173.18,162.77,618.53,West,Corporate,2024,4,Apr
509285,2024-07-07,23474,25,1,0.05,408.11,421.21,400.15,Central,Corporate,2024,7,Jul
509286,2025-12-31,22741,14,2,0.0,323.49,322.05,644.1,Central,Small Business,2025,12,Dec
509287,2024-12-20,20576,16,2,0.15,113.27,117.61,199.94,Central,Consumer,2024,12,Dec
509288,2024-08-02,20551,19,2,0.0,495.95,483.56,967.12,Central,Consumer,2024,8,Aug
509289,2025-09-06,22989,4,1,0.05,453.41,481.05,457.0,South,Small Business,2025,9,Sep
509290,2025-05-01,21667,26,3,0.05,173.18,171.63,489.15,East,Consumer,2025,5,May
509291,2024-07-18,21256,17,4,0.0,364.39,369.46,1477.84,East,Consumer,2024,7,Jul
509292,2025-12-02,20166,5,3,0.05,310.91,309.83,883.02,West,Consumer,2025,12,Dec
509293,2025-12-25,21646,21,4,0.1,301.42,279.24,1005.26,Central,Consumer,2025,12,Dec
509294,2025-07-06,21310,21,4,0.1,301.42,283.23,1019.63,East,Consumer,2025,7,Jul
509295,2024-10-09,21194,19,4,0.1,495.95,487.87,1756.33,West,Consumer,2024,10,Oct
509296,2024-09-12,23872,21,4,0.0,301.42,278.16,1112.64,East,Consumer,2024,9,Sep
509297,2024-07-30,20787,26,4,0.15,173.18,186.56,634.3,Central,Consumer,2024,7,Jul
509298,2025-11-04,22783,17,1,0.2,364.39,376.72,301.38,South,Consumer,2025,11,Nov
509299,2024-02-27,22603,4,2,0.0,453.41,468.82,937.64,Central,Small Business,2024,2,Feb
509300,2024-06-04,20150,28,4,0.15,297.74,276.93,941.56,North,Consumer,2024,6,Jun
509301,2024-05-07,20015,14,1,0.05,323.49,336.01,319.21,Central,Consumer,2024,5,May
509302,2025-04-08,23070,16,3,0.05,113.27,110.61,315.24,Central,Consumer,2025,4,Apr
509303,2024-03-10,22055,9,4,0.2,308.58,316.0,1011.2,Central,Consumer,2024,3,Mar
509304,2025-06-28,21556,5,4,0.0,310.91,312.58,1250.32,North,Consumer,2025,6,Jun
509305,2024-04-11,21862,28,3,0.15,297.74,292.68,746.33,South,Consumer,2024,4,Apr
509306,2024-09-17,21165,21,2,0.05,301.42,324.62,616.78,Central,Consumer,2024,9,Sep
509307,2024-05-15,23721,13,4,0.15,509.47,534.28,1816.55,Central,Consumer,2024,5,May
509308,2025-08-30,20768,13,4,0.15,509.47,503.04,1710.34,Central,Small Business,2025,8,Aug
509309,2025-04-13,20786,11,2,0.0,526.43,559.11,1118.22,East,Corporate,2025,4,Apr
509310,2024-12-11,21685,30,1,0.0,300.75,294.79,294.79,West,Consumer,2024,12,Dec
509311,2025-11-15,20618,9,4,0.05,308.58,291.17,1106.45,North,Small Business,2025,11,Nov
509312,2025-09-21,21035,25,2,0.0,408.11,386.91,773.82,Central,Consumer,2025,9,Sep
509313,2025-02-21,22637,1,2,0.0,118.77,118.73,237.46,Central,Consumer,2025,2,Feb
509314,2024-06-05,23678,5,2,0.05,310.91,297.53,565.31,South,Corporate,2024,6,Jun
509315,2024-03-24,20191,7,1,0.05,208.23,201.42,191.35,East,Consumer,2024,3,Mar
509316,2025-10-16,22805,12,1,0.1,119.8,119.22,107.3,Central,Consumer,2025,10,Oct
509317,2025-06-01,20812,15,1,0.1,203.7,189.65,170.68,South,Corporate,2025,6,Jun
509318,2025-01-24,23651,5,2,0.15,310.91,313.35,532.7,West,Small Business,2025,1,Jan
509319,2024-03-09,22997,11,3,0.1,526.43,517.79,1398.03,Central,Consumer,2024,3,Mar
509320,2024-11-09,20141,28,2,0.0,297.74,290.71,581.42,West,Consumer,2024,11,Nov
509321,2025-11-30,22756,8,1,0.0,289.09,273.98,273.98,South,Corporate,2025,11,Nov
509322,2024-06-21,20171,1,4,0.05,118.77,127.13,483.09,South,Consumer,2024,6,Jun
509323,2024-08-13,21560,5,3,0.0,310.91,289.25,867.75,North,Small Business,2024,8,Aug
509324,2024-03-16,22512,13,3,0.15,509.47,532.08,1356.8,South,Consumer,2024,3,Mar
509325,2024-08-11,23437,28,2,0.1,297.74,310.31,558.56,South,Consumer,2024,8,Aug
509326,2024-07-31,22463,7,1,0.15,208.23,216.93,184.39,North,Consumer,2024,7,Jul
509327,2025-07-22,23333,18,1,0.0,376.89,368.59,368.59,Central,Consumer,2025,7,Jul
509328,2024-10-17,22873,14,2,0.0,323.49,338.81,677.62,South,Consumer,2024,10,Oct
509329,2025-05-19,20456,20,3,0.05,187.69,190.36,542.53,West,Corporate,2025,5,May
509330,2025-03-13,22266,24,2,0.1,471.09,447.39,805.3,Central,Corporate,2025,3,Mar
509331,2024-07-27,20501,2,4,0.05,177.67,179.75,683.05,Central,Consumer,2024,7,Jul
509332,2025-06-12,20141,1,1,0.0,118.77,117.18,117.18,West,Consumer,2025,6,Jun
509333,2025-09-19,23566,27,4,0.05,282.82,288.92,1097.9,Central,Consumer,2025,9,Sep
509334,2024-02-01,22754,8,2,0.05,289.09,296.2,562.78,North,Consumer,2024,2,Feb
509335,2025-05-30,20112,14,2,0.1,323.49,328.34,591.01,North,Consumer,2025,5,May
509336,2025-11-26,23318,26,2,0.05,173.18,177.74,337.71,East,Corporate,2025,11,Nov
509337,2025-02-16,23356,28,2,0.05,297.74,283.56,538.76,East,Consumer,2025,2,Feb
509338,2024-06-30,22807,9,2,0.1,308.58,315.39,567.7,West,Consumer,2024,6,Jun
509339,2024-03-07,21758,29,3,0.05,538.73,557.68,1589.39,North,Small Business,2024,3,Mar
509340,2025-05-11,23284,10,2,0.05,452.53,479.0,910.1,Central,Consumer,2025,5,May
509341,2024-03-17,23972,19,1,0.2,495.95,527.93,422.34,West,Consumer,2024,3,Mar
509342,2025-08-12,21774,9,2,0.0,308.58,332.53,665.06,West,Corporate,2025,8,Aug
509343,2025-08-04,21116,10,1,0.15,452.53,453.9,385.82,West,Consumer,2025,8,Aug
509344,2024-11-01,20417,21,1,0.05,301.42,313.24,297.58,North,Consumer,2024,11,Nov
509345,2025-03-24,21005,26,4,0.05,173.18,184.5,701.1,Central,Consumer,2025,3,Mar
509346,2024-11-15,23591,27,3,0.1,282.82,304.0,820.8,North,Small Business,2024,11,Nov
509347,2025-07-15,22626,18,3,0.05,376.89,379.12,1080.49,South,Consumer,2025,7,Jul
509348,2024-02-04,23058,12,3,0.05,119.8,118.03,336.39,East,Consumer,2024,2,Feb
509349,2025-01-11,20527,15,1,0.1,203.7,196.17,176.55,Central,Corporate,2025,1,Jan
509350,2024-10-25,22150,30,1,0.05,300.75,309.27,293.81,Central,Consumer,2024,10,Oct
509351,2024-11-29,21189,3,3,0.2,379.36,368.51,884.42,Central,Small Business,2024,11,Nov
509352,2025-11-16,20567,5,1,0.15,310.91,320.0,272.0,Central,Consumer,2025,11,Nov
509353,2025-01-03,22764,22,1,0.05,356.25,371.12,352.56,West,Small Business,2025,1,Jan
509354,2024-09-26,20681,27,4,0.1,282.82,295.88,1065.17,East,Small Business,2024,9,Sep
509355,2025-05-23,23599,9,2,0.05,308.58,316.57,601.48,East,Corporate,2025,5,May
509356,2025-10-17,20773,11,4,0.05,526.43,509.11,1934.62,East,Corporate,2025,10,Oct
509357,2025-08-14,22488,9,4,0.0,308.58,284.87,1139.48,Central,Small Business,2025,8,Aug
509358,2025-05-27,20616,6,3,0.15,183.47,169.9,433.24,East,Corporate,2025,5,May
509359,2025-10-30,21003,15,4,0.05,203.7,196.74,747.61,Central,Consumer,2025,10,Oct
509360,2025-10-08,23282,21,3,0.05,301.42,283.12,806.89,Central,Consumer,2025,10,Oct
509361,2024-06-02,23493,15,1,0.0,203.7,194.14,194.14,East,Small Business,2024,6,Jun
509362,2024-05-23,21784,8,1,0.0,289.09,271.89,271.89,Central,Consumer,2024,5,May
509363,2024-11-30,20838,15,4,0.0,203.7,189.06,756.24,Central,Consumer,2024,11,Nov
509364,2025-05-03,21165,5,4,0.0,310.91,334.4,1337.6,Central,Consumer,2025,5,May
509365,2025-11-13,22301,14,3,0.05,323.49,314.43,896.13,West,Consumer,2025,11,Nov
509366,2024-03-13,21343,15,2,0.05,203.7,203.72,387.07,West,Consumer,2024,3,Mar
509367,2025-10-02,23248,15,4,0.0,203.7,198.04,792.16,South,Consumer,2025,10,Oct
509368,2024-12-22,21074,6,1,0.05,183.47,180.45,171.43,Central,Corporate,2024,12,Dec
509369,2025-04-15,21340,8,2,0.05,289.09,266.85,507.02,South,Consumer,2025,4,Apr
509370,2025-06-13,22122,16,2,0.0,113.27,120.44,240.88,West,Corporate,2025,6,Jun
509371,2024-06-05,21186,26,1,0.1,173.18,169.54,152.59,South,Consumer,2024,6,Jun
509372,2024-04-28,21787,29,1,0.15,538.73,554.11,470.99,Central,Consumer,2024,4,Apr
509373,2024-09-08,21061,7,3,0.05,208.23,205.67,586.16,East,Consumer,2024,9,Sep
509374,2025-12-01,23597,1,2,0.1,118.77,117.83,212.09,North,Corporate,2025,12,Dec
509375,2025-06-16,21899,11,4,0.2,526.43,523.61,1675.55,Central,Consumer,2025,6,Jun
509376,2024-12-09,20695,12,2,0.2,119.8,112.32,179.71,South,Consumer,2024,12,Dec
509377,2025-07-07,20679,14,4,0.05,323.49,330.43,1255.63,Central,Consumer,2025,7,Jul
509378,2024-11-23,23427,19,1,0.0,495.95,494.34,494.34,Central,Consumer,2024,11,Nov
509379,2024-03-07,21678,8,2,0.0,289.09,283.71,567.42,South,Consumer,2024,3,Mar
509380,2025-10-09,21252,15,2,0.05,203.7,213.74,406.11,Central,Consumer,2025,10,Oct
509381,2025-08-29,21374,2,2,0.15,177.67,169.83,288.71,West,Consumer,2025,8,Aug
509382,2025-09-20,23908,18,2,0.15,376.89,360.41,612.7,East,Small Business,2025,9,Sep
509383,2025-03-26,21478,13,4,0.15,509.47,543.52,1847.97,West,Consumer,2025,3,Mar
509384,2025-11-01,22763,1,3,0.0,118.77,110.98,332.94,Central,Small Business,2025,11,Nov
509385,2025-11-30,21075,28,1,0.1,297.74,319.31,287.38,West,Consumer,2025,11,Nov
509386,2025-05-04,23709,17,2,0.1,364.39,375.43,675.77,West,Consumer,2025,5,May
509387,2025-07-14,22777,6,1,0.1,183.47,190.56,171.5,West,Consumer,2025,7,Jul
509388,2025-04-28,23607,20,4,0.0,187.69,174.28,697.12,South,Consumer,2025,4,Apr
509389,2024-09-27,21019,25,1,0.1,408.11,439.73,395.76,Central,Consumer,2024,9,Sep
509390,2024-06-16,21952,18,1,0.0,376.89,373.77,373.77,North,Small Business,2024,6,Jun
509391,2025-04-15,21305,12,2,0.0,119.8,111.43,222.86,Central,Small Business,2025,4,Apr
509392,2025-06-26,21715,2,3,0.2,177.67,179.79,431.5,North,Small Business,2025,6,Jun
509393,2025-07-12,21019,23,3,0.15,430.62,421.84,1075.69,Central,Consumer,2025,7,Jul
509394,2025-03-30,20698,4,2,0.05,453.41,467.29,887.85,West,Small Business,2025,3,Mar
509395,2025-05-27,21527,15,3,0.05,203.7,194.04,553.01,Central,Consumer,2025,5,May
509396,2024-09-07,21386,21,1,0.0,301.42,277.97,277.97,West,Consumer,2024,9,Sep
509397,2024-01-13,22144,6,2,0.15,183.47,170.61,290.04,Central,Consumer,2024,1,Jan
509398,2025-12-07,21211,5,1,0.05,310.91,305.9,290.6,North,Small Business,2025,12,Dec
509399,2024-05-05,20617,21,3,0.05,301.42,287.01,817.98,East,Consumer,2024,5,May
509400,2024-12-21,21396,10,1,0.05,452.53,476.36,452.54,Central,Consumer,2024,12,Dec
509401,2025-10-25,22820,7,4,0.0,208.23,197.65,790.6,Central,Consumer,2025,10,Oct
509402,2025-06-12,20713,14,3,0.05,323.49,304.39,867.51,East,Consumer,2025,6,Jun
509403,2025-11-02,21510,27,3,0.0,282.82,272.02,816.06,East,Consumer,2025,11,Nov
509404,2025-05-01,20845,14,3,0.15,323.49,343.63,876.26,West,Corporate,2025,5,May
509405,2024-01-02,22643,5,4,0.0,310.91,320.29,1281.16,Central,Consumer,2024,1,Jan
509406,2024-01-08,23237,2,3,0.05,177.67,170.09,484.76,West,Consumer,2024,1,Jan
509407,2025-08-07,23597,17,4,0.05,364.39,359.8,1367.24,North,Corporate,2025,8,Aug
509408,2024-11-29,23176,14,2,0.0,323.49,306.87,613.74,Central,Small Business,2024,11,Nov
509409,2025-01-20,20203,7,2,0.2,208.23,193.2,309.12,South,Consumer,2025,1,Jan
509410,2025-03-19,23446,13,3,0.1,509.47,475.71,1284.42,North,Consumer,2025,3,Mar
509411,2025-02-08,23636,20,3,0.05,187.69,185.06,527.42,East,Consumer,2025,2,Feb
509412,2025-12-31,20720,9,2,0.1,308.58,286.8,516.24,East,Consumer,2025,12,Dec
509413,2024-01-29,21730,3,2,0.1,379.36,367.77,661.99,West,Consumer,2024,1,Jan
509414,2024-04-22,23810,16,4,0.0,113.27,115.31,461.24,Central,Consumer,2024,4,Apr
509415,2024-03-04,22584,11,3,0.05,526.43,537.68,1532.39,West,Consumer,2024,3,Mar
509416,2025-05-13,21001,22,1,0.1,356.25,338.5,304.65,South,Small Business,2025,5,May
509417,2025-01-14,22007,29,1,0.0,538.73,570.6,570.6,North,Small Business,2025,1,Jan
509418,2024-11-15,20777,30,4,0.05,300.75,283.13,1075.89,Central,Consumer,2024,11,Nov
509419,2025-10-15,21874,30,4,0.15,300.75,313.34,1065.36,West,Consumer,2025,10,Oct
509420,2024-12-09,20530,30,4,0.1,300.75,315.36,1135.3,Central,Consumer,2024,12,Dec
509421,2025-09-04,23015,2,4,0.05,177.67,168.17,639.05,West,Small Business,2025,9,Sep
509422,2024-04-25,20546,21,4,0.0,301.42,307.3,1229.2,North,Small Business,2024,4,Apr
509423,2024-09-03,20040,12,3,0.0,119.8,126.98,380.94,West,Corporate,2024,9,Sep
509424,2025-01-22,21089,8,4,0.1,289.09,275.38,991.37,North,Small Business,2025,1,Jan
509425,2025-09-15,21478,30,2,0.2,300.75,280.96,449.54,West,Consumer,2025,9,Sep
509426,2024-02-03,23923,25,2,0.05,408.11,389.53,740.11,West,Consumer,2024,2,Feb
509427,2024-11-18,22584,30,3,0.15,300.75,315.73,805.11,West,Consumer,2024,11,Nov
509428,2024-10-29,22882,11,4,0.05,526.43,509.71,1936.9,South,Consumer,2024,10,Oct
509429,2025-07-23,22884,1,1,0.0,118.77,123.96,123.96,East,Consumer,2025,7,Jul
509430,2024-10-23,22136,6,1,0.0,183.47,179.2,179.2,West,Small Business,2024,10,Oct
509431,2024-08-23,20153,8,2,0.1,289.09,305.4,549.72,East,Consumer,2024,8,Aug
509432,2024-05-06,21390,10,2,0.05,452.53,444.77,845.06,North,Consumer,2024,5,May
509433,2025-06-27,22954,26,3,0.15,173.18,179.0,456.45,Central,Consumer,2025,6,Jun
509434,2025-12-30,22362,2,4,0.0,177.67,183.23,732.92,Central,Consumer,2025,12,Dec
509435,2025-07-15,21336,9,3,0.15,308.58,285.28,727.46,South,Corporate,2025,7,Jul
509436,2025-06-04,21880,12,1,0.1,119.8,114.16,102.74,South,Consumer,2025,6,Jun
509437,2025-02-10,20276,4,1,0.15,453.41,417.17,354.59,East,Consumer,2025,2,Feb
509438,2025-11-29,23578,25,2,0.1,408.11,431.99,777.58,West,Consumer,2025,11,Nov
509439,2024-06-16,21061,9,1,0.0,308.58,328.93,328.93,East,Consumer,2024,6,Jun
509440,2025-06-26,21080,1,4,0.1,118.77,114.97,413.89,Central,Corporate,2025,6,Jun
509441,2024-07-17,21038,8,1,0.05,289.09,278.5,264.58,Central,Consumer,2024,7,Jul
509442,2024-12-27,20759,1,4,0.15,118.77,115.15,391.51,East,Small Business,2024,12,Dec
509443,2024-04-01,21676,3,3,0.1,379.36,350.24,945.65,South,Consumer,2024,4,Apr
509444,2025-03-23,21102,6,2,0.05,183.47,178.72,339.57,West,Small Business,2025,3,Mar
509445,2024-11-07,22326,17,3,0.15,364.39,361.21,921.09,East,Consumer,2024,11,Nov
509446,2024-05-02,22995,6,4,0.05,183.47,171.28,650.86,South,Small Business,2024,5,May
509447,2025-07-23,20520,7,3,0.0,208.23,195.4,586.2,North,Small Business,2025,7,Jul
509448,2024-04-21,22219,20,3,0.0,187.69,182.56,547.68,Central,Consumer,2024,4,Apr
509449,2025-06-15,20431,11,1,0.0,526.43,517.94,517.94,South,Corporate,2025,6,Jun
509450,2024-12-21,22892,5,3,0.15,310.91,327.08,834.05,South,Consumer,2024,12,Dec
509451,2025-12-09,21911,29,4,0.1,538.73,568.42,2046.31,North,Small Business,2025,12,Dec
509452,2024-05-28,21969,12,4,0.05,119.8,125.86,478.27,Central,Consumer,2024,5,May
509453,2025-01-26,21321,16,2,0.0,113.27,115.74,231.48,North,Consumer,2025,1,Jan
509454,2025-07-16,21627,20,2,0.05,187.69,201.42,382.7,Central,Small Business,2025,7,Jul
509455,2024-11-05,21486,2,4,0.15,177.67,175.63,597.14,Central,Consumer,2024,11,Nov
509456,2024-08-05,21018,8,1,0.0,289.09,298.86,298.86,Central,Consumer,2024,8,Aug
509457,2024-08-21,23402,25,1,0.0,408.11,420.84,420.84,East,Small Business,2024,8,Aug
509458,2024-03-04,23225,6,4,0.2,183.47,170.96,547.07,South,Consumer,2024,3,Mar
509459,2025-10-03,21166,7,1,0.05,208.23,217.18,206.32,South,Consumer,2025,10,Oct
509460,2025-03-03,21417,27,3,0.1,282.82,283.59,765.69,North,Small Business,2025,3,Mar
509461,2024-11-29,22856,7,3,0.0,208.23,216.11,648.33,West,Consumer,2024,11,Nov
509462,2025-02-10,20165,7,4,0.05,208.23,212.32,806.82,East,Consumer,2025,2,Feb
509463,2024-01-18,20913,30,4,0.0,300.75,306.55,1226.2,South,Consumer,2024,1,Jan
509464,2024-07-09,21194,27,3,0.0,282.82,301.92,905.76,West,Consumer,2024,7,Jul
509465,2024-02-29,20488,11,4,0.1,526.43,529.76,1907.14,Central,Consumer,2024,2,Feb
509466,2024-04-04,20627,29,1,0.2,538.73,516.11,412.89,South,Small Business,2024,4,Apr
509467,2025-10-13,22208,20,2,0.05,187.69,173.33,329.33,Central,Small Business,2025,10,Oct
509468,2025-04-04,22234,28,2,0.0,297.74,291.19,582.38,Central,Corporate,2025,4,Apr
509469,2024-01-31,22976,8,4,0.1,289.09,281.37,1012.93,Central,Consumer,2024,1,Jan
509470,2025-06-25,21999,15,4,0.05,203.7,216.08,821.1,Central,Consumer,2025,6,Jun
509471,2025-05-17,21325,9,2,0.05,308.58,289.73,550.49,Central,Consumer,2025,5,May
509472,2024-05-18,21919,22,2,0.0,356.25,331.99,663.98,Central,Small Business,2024,5,May
509473,2024-08-24,23804,22,4,0.05,356.25,336.88,1280.14,Central,Consumer,2024,8,Aug
509474,2025-06-29,21006,8,4,0.1,289.09,285.18,1026.65,North,Consumer,2025,6,Jun
509475,2024-08-20,23505,25,3,0.0,408.11,399.96,1199.88,Central,Small Business,2024,8,Aug
509476,2025-04-24,20409,2,4,0.0,177.67,185.6,742.4,North,Consumer,2025,4,Apr
509477,2024-11-10,22861,7,2,0.0,208.23,223.0,446.0,South,Consumer,2024,11,Nov
509478,2025-07-20,20482,16,2,0.1,113.27,105.49,189.88,East,Small Business,2025,7,Jul
509479,2025-01-17,23530,9,3,0.05,308.58,295.52,842.23,Central,Consumer,2025,1,Jan
509480,2024-02-16,21422,4,4,0.0,453.41,461.41,1845.64,West,Consumer,2024,2,Feb
509481,2025-04-12,21167,19,2,0.0,495.95,510.29,1020.58,North,Consumer,2025,4,Apr
509482,2025-12-07,22510,24,1,0.0,471.09,439.63,439.63,West,Corporate,2025,12,Dec
509483,2025-07-27,21944,24,4,0.0,471.09,504.12,2016.48,West,Corporate,2025,7,Jul
509484,2025-04-27,20069,16,2,0.0,113.27,108.09,216.18,West,Consumer,2025,4,Apr
509485,2024-03-21,22933,15,4,0.05,203.7,211.33,803.05,Central,Small Business,2024,3,Mar
509486,2024-07-08,20030,2,4,0.15,177.67,166.67,566.68,South,Consumer,2024,7,Jul
509487,2025-10-20,23226,27,1,0.2,282.82,296.9,237.52,Central,Consumer,2025,10,Oct
509488,2025-10-03,20524,22,1,0.0,356.25,352.97,352.97,North,Small Business,2025,10,Oct
509489,2024-02-03,23605,11,1,0.0,526.43,553.38,553.38,Central,Consumer,2024,2,Feb
509490,2025-02-28,22029,15,2,0.05,203.7,191.33,363.53,South,Consumer,2025,2,Feb
509491,2025-08-23,20349,17,2,0.0,364.39,392.92,785.84,Central,Consumer,2025,8,Aug
509492,2024-04-27,21332,14,2,0.05,323.49,338.79,643.7,West,Consumer,2024,4,Apr
509493,2025-12-01,20996,9,2,0.1,308.58,327.87,590.17,North,Consumer,2025,12,Dec
509494,2025-09-15,21774,17,4,0.1,364.39,352.33,1268.39,West,Corporate,2025,9,Sep
509495,2025-02-08,23772,7,2,0.15,208.23,193.7,329.29,West,Corporate,2025,2,Feb
509496,2025-06-11,21226,24,2,0.0,471.09,461.82,923.64,South,Consumer,2025,6,Jun
509497,2024-02-07,22064,28,3,0.1,297.74,285.39,770.55,East,Consumer,2024,2,Feb
509498,2024-07-23,22747,5,2,0.05,310.91,294.29,559.15,Central,Corporate,2024,7,Jul
509499,2024-03-28,23234,2,4,0.1,177.67,190.75,686.7,South,Consumer,2024,3,Mar
509500,2025-02-01,21214,4,2,0.0,453.41,463.17,926.34,Central,Small Business,2025,2,Feb
509501,2025-08-12,20603,13,4,0.0,509.47,505.13,2020.52,East,Consumer,2025,8,Aug
509502,2024-10-18,20823,6,2,0.05,183.47,196.66,373.65,East,Consumer,2024,10,Oct
509503,2024-10-19,22639,19,1,0.0,495.95,492.69,492.69,South,Consumer,2024,10,Oct
509504,2024-01-05,23054,10,2,0.15,452.53,472.03,802.45,East,Corporate,2024,1,Jan
509505,2024-04-22,22573,30,2,0.2,300.75,303.98,486.37,West,Small Business,2024,4,Apr
509506,2024-12-15,23861,23,2,0.15,430.62,402.32,683.94,Central,Consumer,2024,12,Dec
509507,2024-11-28,22096,13,1,0.1,509.47,540.61,486.55,West,Consumer,2024,11,Nov
509508,2024-06-21,22247,18,2,0.15,376.89,358.45,609.36,Central,Consumer,2024,6,Jun
509509,2024-04-29,20209,18,2,0.15,376.89,360.26,612.44,Central,Small Business,2024,4,Apr
509510,2024-04-22,20231,2,3,0.1,177.67,175.58,474.07,Central,Small Business,2024,4,Apr
509511,2025-05-16,23903,16,4,0.05,113.27,113.09,429.74,West,Consumer,2025,5,May
509512,2024-03-08,23207,25,1,0.15,408.11,400.0,340.0,South,Small Business,2024,3,Mar
509513,2024-09-30,23137,4,4,0.0,453.41,437.8,1751.2,West,Consumer,2024,9,Sep
509514,2024-06-12,21715,2,3,0.05,177.67,183.53,523.06,North,Small Business,2024,6,Jun
509515,2024-08-25,20389,8,2,0.0,289.09,283.97,567.94,Central,Small Business,2024,8,Aug
509516,2025-07-09,22771,7,3,0.0,208.23,193.81,581.43,North,Corporate,2025,7,Jul
509517,2025-08-19,20322,13,1,0.1,509.47,528.52,475.67,Central,Small Business,2025,8,Aug
509518,2024-09-19,22333,27,1,0.05,282.82,300.84,285.8,South,Consumer,2024,9,Sep
509519,2025-08-26,21474,17,2,0.0,364.39,350.29,700.58,Central,Small Business,2025,8,Aug
509520,2024-04-11,22003,11,3,0.0,526.43,507.86,1523.58,Central,Consumer,2024,4,Apr
509521,2025-07-11,20605,19,3,0.0,495.95,472.23,1416.69,North,Consumer,2025,7,Jul
509522,2024-05-03,21472,11,3,0.0,526.43,557.76,1673.28,North,Small Business,2024,5,May
509523,2024-08-07,21528,24,2,0.0,471.09,437.33,874.66,West,Consumer,2024,8,Aug
509524,2025-04-21,20831,6,2,0.05,183.47,175.73,333.89,Central,Consumer,2025,4,Apr
509525,2024-08-20,22552,14,1,0.0,323.49,328.27,328.27,North,Small Business,2024,8,Aug
509526,2024-10-21,21542,6,3,0.0,183.47,183.07,549.21,West,Consumer,2024,10,Oct
509527,2024-03-14,21520,30,2,0.05,300.75,311.04,590.98,Central,Consumer,2024,3,Mar
509528,2025-03-30,20645,1,4,0.15,118.77,110.8,376.72,South,Small Business,2025,3,Mar
509529,2024-12-08,20950,7,3,0.05,208.23,199.94,569.83,South,Consumer,2024,12,Dec
509530,2024-02-08,22688,26,3,0.05,173.18,163.25,465.26,South,Corporate,2024,2,Feb
509531,2024-07-01,22997,7,4,0.05,208.23,195.93,744.53,Central,Consumer,2024,7,Jul
509532,2025-06-16,20353,22,4,0.1,356.25,371.21,1336.36,South,Consumer,2025,6,Jun
509533,2024-09-22,21024,13,1,0.0,509.47,546.54,546.54,North,Small Business,2024,9,Sep
509534,2025-12-04,22862,12,3,0.15,119.8,110.66,282.18,North,Consumer,2025,12,Dec
509535,2025-10-27,20868,3,1,0.0,379.36,368.92,368.92,South,Consumer,2025,10,Oct
509536,2025-07-28,23194,23,4,0.05,430.62,454.65,1727.67,North,Corporate,2025,7,Jul
509537,2025-10-19,23621,19,1,0.1,495.95,493.97,444.57,South,Corporate,2025,10,Oct
509538,2025-06-11,22458,9,1,0.05,308.58,292.14,277.53,Central,Consumer,2025,6,Jun
509539,2024-11-22,21739,14,2,0.0,323.49,298.81,597.62,Central,Consumer,2024,11,Nov
509540,2024-05-25,23296,11,4,0.05,526.43,501.8,1906.84,Central,Small Business,2024,5,May
509541,2025-04-03,22791,11,2,0.05,526.43,514.02,976.64,East,Consumer,2025,4,Apr
509542,2024-10-23,21377,27,1,0.05,282.82,260.37,247.35,East,Small Business,2024,10,Oct
509543,2025-12-09,23904,22,2,0.0,356.25,354.17,708.34,West,Consumer,2025,12,Dec
509544,2024-04-23,22000,7,2,0.0,208.23,220.98,441.96,East,Small Business,2024,4,Apr
509545,2025-01-12,21713,25,1,0.0,408.11,383.13,383.13,West,Consumer,2025,1,Jan
509546,2025-07-11,22011,26,3,0.0,173.18,163.96,491.88,East,Consumer,2025,7,Jul
509547,2025-01-26,23655,4,1,0.05,453.41,427.79,406.4,North,Small Business,2025,1,Jan
509548,2025-06-26,22549,8,2,0.0,289.09,310.93,621.86,East,Consumer,2025,6,Jun
509549,2024-01-16,23704,28,3,0.0,297.74,315.95,947.85,South,Consumer,2024,1,Jan
509550,2024-03-31,21881,28,2,0.05,297.74,279.96,531.92,Central,Small Business,2024,3,Mar
509551,2024-02-02,21595,4,1,0.0,453.41,450.22,450.22,Central,Consumer,2024,2,Feb
509552,2025-06-28,20239,7,2,0.0,208.23,212.61,425.22,East,Small Business,2025,6,Jun
509553,2025-05-08,23170,17,4,0.0,364.39,392.06,1568.24,Central,Small Business,2025,5,May
509554,2025-02-21,22060,9,4,0.05,308.58,291.01,1105.84,East,Small Business,2025,2,Feb
509555,2024-11-04,21729,4,2,0.1,453.41,475.11,855.2,North,Consumer,2024,11,Nov
509556,2025-12-17,20110,17,2,0.0,364.39,382.29,764.58,Central,Corporate,2025,12,Dec
509557,2024-12-15,22277,13,1,0.05,509.47,524.91,498.66,West,Consumer,2024,12,Dec
509558,2025-12-24,21746,7,1,0.0,208.23,205.52,205.52,South,Small Business,2025,12,Dec
509559,2024-04-12,21970,9,3,0.05,308.58,332.98,948.99,Central,Small Business,2024,4,Apr
509560,2024-02-29,20130,1,1,0.0,118.77,126.48,126.48,West,Consumer,2024,2,Feb
509561,2025-08-20,22094,28,4,0.1,297.74,292.12,1051.63,South,Small Business,2025,8,Aug
509562,2025-09-03,21927,10,1,0.0,452.53,454.79,454.79,East,Consumer,2025,9,Sep
509563,2025-04-16,23261,23,1,0.05,430.62,399.61,379.63,West,Consumer,2025,4,Apr
509564,2024-04-27,21487,13,4,0.0,509.47,472.04,1888.16,West,Small Business,2024,4,Apr
509565,2024-10-19,20536,29,4,0.0,538.73,563.08,2252.32,South,Corporate,2024,10,Oct
509566,2025-02-05,22039,1,3,0.15,118.77,116.04,295.9,North,Corporate,2025,2,Feb
509567,2025-08-10,22538,4,4,0.1,453.41,465.36,1675.3,East,Consumer,2025,8,Aug
509568,2025-01-04,22122,24,3,0.0,471.09,476.6,1429.8,West,Corporate,2025,1,Jan
509569,2025-04-05,20515,15,3,0.0,203.7,215.79,647.37,East,Small Business,2025,4,Apr
509570,2024-07-19,23175,9,4,0.2,308.58,312.41,999.71,North,Consumer,2024,7,Jul
509571,2024-01-18,22171,9,3,0.1,308.58,308.13,831.95,South,Consumer,2024,1,Jan
509572,2025-06-11,23770,6,3,0.0,183.47,187.72,563.16,South,Consumer,2025,6,Jun
509573,2024-02-14,20689,26,3,0.0,173.18,161.94,485.82,West,Consumer,2024,2,Feb
509574,2025-01-26,20989,19,4,0.05,495.95,468.61,1780.72,West,Small Business,2025,1,Jan
509575,2024-11-20,20110,21,3,0.0,301.42,310.43,931.29,Central,Corporate,2024,11,Nov
509576,2025-03-30,23650,27,2,0.15,282.82,286.2,486.54,East,Corporate,2025,3,Mar
509577,2025-03-12,22265,6,3,0.05,183.47,180.59,514.68,West,Corporate,2025,3,Mar
509578,2025-05-20,21504,14,3,0.2,323.49,301.88,724.51,West,Small Business,2025,5,May
509579,2024-03-03,20401,16,2,0.0,113.27,106.52,213.04,South,Consumer,2024,3,Mar
509580,2024-10-22,20657,13,4,0.0,509.47,481.22,1924.88,South,Corporate,2024,10,Oct
509581,2024-08-19,20268,10,1,0.1,452.53,423.41,381.07,Central,Corporate,2024,8,Aug
509582,2024-01-31,22408,15,1,0.15,203.7,214.32,182.17,North,Corporate,2024,1,Jan
509583,2025-12-07,21728,25,3,0.15,408.11,430.8,1098.54,East,Small Business,2025,12,Dec
509584,2024-07-07,21568,5,1,0.05,310.91,300.04,285.04,East,Small Business,2024,7,Jul
509585,2024-02-22,23013,27,2,0.0,282.82,267.38,534.76,East,Consumer,2024,2,Feb
509586,2024-05-08,21282,10,4,0.0,452.53,447.41,1789.64,West,Small Business,2024,5,May
509587,2025-06-13,21487,3,4,0.1,379.36,409.64,1474.7,West,Small Business,2025,6,Jun
509588,2025-07-04,22495,14,1,0.05,323.49,300.76,285.72,South,Consumer,2025,7,Jul
509589,2024-06-05,22364,19,4,0.1,495.95,528.53,1902.71,South,Consumer,2024,6,Jun
509590,2024-07-01,22783,30,4,0.0,300.75,300.11,1200.44,South,Consumer,2024,7,Jul
509591,2024-12-24,22650,24,2,0.05,471.09,468.52,890.19,South,Consumer,2024,12,Dec
509592,2024-09-23,21789,12,3,0.15,119.8,112.31,286.39,Central,Consumer,2024,9,Sep
509593,2025-03-13,21467,2,1,0.1,177.67,172.79,155.51,South,Corporate,2025,3,Mar
509594,2024-11-22,21111,2,3,0.05,177.67,168.39,479.91,North,Consumer,2024,11,Nov
509595,2025-01-13,20173,23,1,0.1,430.62,454.91,409.42,South,Corporate,2025,1,Jan
509596,2025-09-02,23145,8,3,0.05,289.09,294.6,839.61,Central,Small Business,2025,9,Sep
509597,2025-04-23,22385,17,1,0.05,364.39,381.42,362.35,Central,Small Business,2025,4,Apr
509598,2025-09-09,22589,28,4,0.1,297.74,312.28,1124.21,Central,Small Business,2025,9,Sep
509599,2024-06-20,23130,9,1,0.15,308.58,314.42,267.26,North,Small Business,2024,6,Jun
509600,2024-06-09,22520,26,3,0.0,173.18,178.07,534.21,North,Consumer,2024,6,Jun
509601,2024-12-25,20227,10,2,0.1,452.53,469.88,845.78,East,Small Business,2024,12,Dec
509602,2024-10-25,23677,19,1,0.0,495.95,511.02,511.02,East,Small Business,2024,10,Oct
509603,2025-09-03,20213,2,1,0.05,177.67,176.48,167.66,West,Corporate,2025,9,Sep
509604,2024-06-27,23987,17,4,0.05,364.39,365.44,1388.67,Central,Consumer,2024,6,Jun
509605,2024-11-16,20853,22,3,0.2,356.25,384.41,922.58,Central,Consumer,2024,11,Nov
509606,2025-12-14,20186,20,3,0.0,187.69,202.6,607.8,West,Small Business,2025,12,Dec
509607,2024-08-29,23697,28,1,0.0,297.74,302.72,302.72,Central,Consumer,2024,8,Aug
509608,2025-01-24,21019,29,4,0.05,538.73,510.26,1938.99,Central,Consumer,2025,1,Jan
509609,2024-12-05,22648,17,3,0.0,364.39,341.75,1025.25,East,Small Business,2024,12,Dec
509610,2024-01-01,23243,14,4,0.0,323.49,315.82,1263.28,West,Corporate,2024,1,Jan
509611,2024-06-04,21531,2,3,0.2,177.67,185.94,446.26,North,Consumer,2024,6,Jun
509612,2024-03-07,20403,24,2,0.0,471.09,457.12,914.24,South,Consumer,2024,3,Mar
509613,2025-11-17,21078,6,2,0.05,183.47,176.6,335.54,East,Consumer,2025,11,Nov
509614,2025-09-17,20113,27,3,0.05,282.82,290.18,827.01,Central,Consumer,2025,9,Sep
509615,2024-07-02,21657,22,1,0.05,356.25,350.43,332.91,South,Corporate,2024,7,Jul
509616,2024-10-17,21320,7,4,0.05,208.23,210.0,798.0,East,Consumer,2024,10,Oct
509617,2025-09-23,22399,9,2,0.1,308.58,321.77,579.19,Central,Small Business,2025,9,Sep
509618,2025-10-23,23151,12,2,0.0,119.8,125.2,250.4,Central,Consumer,2025,10,Oct
509619,2025-02-16,23384,14,2,0.1,323.49,325.74,586.33,East,Consumer,2025,2,Feb
509620,2025-04-29,21643,22,4,0.0,356.25,379.17,1516.68,North,Consumer,2025,4,Apr
509621,2025-12-23,21357,9,2,0.05,308.58,326.08,619.55,Central,Small Business,2025,12,Dec
509622,2025-01-24,20856,8,3,0.0,289.09,270.75,812.25,South,Consumer,2025,1,Jan
509623,2024-08-04,22631,13,2,0.0,509.47,523.87,1047.74,Central,Consumer,2024,8,Aug
509624,2025-08-18,20682,10,4,0.05,452.53,465.47,1768.79,West,Corporate,2025,8,Aug
509625,2025-09-27,23614,10,4,0.0,452.53,434.11,1736.44,North,Consumer,2025,9,Sep
509626,2025-06-17,22204,11,3,0.0,526.43,508.18,1524.54,East,Corporate,2025,6,Jun
509627,2025-08-10,23402,25,4,0.0,408.11,413.24,1652.96,East,Small Business,2025,8,Aug
509628,2025-03-01,21407,30,1,0.1,300.75,322.55,290.3,Central,Consumer,2025,3,Mar
509629,2025-03-11,23717,3,1,0.1,379.36,361.82,325.64,Central,Consumer,2025,3,Mar
509630,2024-03-03,22518,21,4,0.0,301.42,319.02,1276.08,Central,Corporate,2024,3,Mar
509631,2024-04-05,21866,12,1,0.1,119.8,115.49,103.94,South,Corporate,2024,4,Apr
509632,2025-08-09,23172,16,1,0.05,113.27,115.79,110.0,East,Consumer,2025,8,Aug
509633,2025-11-26,22689,13,1,0.0,509.47,495.59,495.59,East,Small Business,2025,11,Nov
509634,2025-08-30,20016,14,4,0.15,323.49,338.85,1152.09,South,Consumer,2025,8,Aug
509635,2025-06-01,20384,14,1,0.05,323.49,336.26,319.45,East,Consumer,2025,6,Jun
509636,2025-10-15,21298,21,1,0.0,301.42,318.32,318.32,East,Consumer,2025,10,Oct
509637,2025-01-22,21989,24,1,0.05,471.09,503.57,478.39,South,Consumer,2025,1,Jan
509638,2024-03-15,22186,27,1,0.1,282.82,265.39,238.85,Central,Consumer,2024,3,Mar
509639,2024-07-18,23514,26,1,0.0,173.18,167.49,167.49,East,Small Business,2024,7,Jul
509640,2025-12-11,22704,7,3,0.0,208.23,194.77,584.31,Central,Consumer,2025,12,Dec
509641,2025-09-21,21410,28,4,0.0,297.74,311.73,1246.92,Central,Consumer,2025,9,Sep
509642,2024-11-15,21217,23,2,0.0,430.62,418.25,836.5,West,Consumer,2024,11,Nov
509643,2024-03-05,20772,12,3,0.2,119.8,124.98,299.95,Central,Corporate,2024,3,Mar
509644,2024-06-08,21896,8,1,0.1,289.09,310.04,279.04,South,Consumer,2024,6,Jun
509645,2025-07-25,23825,20,2,0.1,187.69,190.63,343.13,Central,Corporate,2025,7,Jul
509646,2025-06-03,20422,24,4,0.05,471.09,468.51,1780.34,West,Consumer,2025,6,Jun
509647,2025-09-15,20144,15,3,0.0,203.7,192.46,577.38,East,Consumer,2025,9,Sep
509648,2025-07-20,20390,23,3,0.0,430.62,433.19,1299.57,Central,Consumer,2025,7,Jul
509649,2025-07-22,22059,22,4,0.0,356.25,344.25,1377.0,West,Small Business,2025,7,Jul
509650,2024-01-01,23445,21,3,0.05,301.42,321.31,915.73,East,Consumer,2024,1,Jan
509651,2024-07-13,22553,10,4,0.0,452.53,472.99,1891.96,Central,Corporate,2024,7,Jul
509652,2024-08-25,22157,9,2,0.1,308.58,330.31,594.56,North,Consumer,2024,8,Aug
509653,2025-04-06,22711,13,3,0.1,509.47,546.62,1475.87,North,Consumer,2025,4,Apr
509654,2024-12-08,21852,30,2,0.2,300.75,311.51,498.42,Central,Consumer,2024,12,Dec
509655,2024-04-16,23881,2,1,0.0,177.67,172.22,172.22,East,Consumer,2024,4,Apr
509656,2025-09-12,21750,11,1,0.2,526.43,509.3,407.44,South,Small Business,2025,9,Sep
509657,2024-09-25,23225,27,1,0.05,282.82,269.93,256.43,South,Consumer,2024,9,Sep
509658,2024-01-15,23813,27,1,0.1,282.82,300.92,270.83,North,Corporate,2024,1,Jan
509659,2025-08-18,21811,6,2,0.0,183.47,186.9,373.8,Central,Corporate,2025,8,Aug
509660,2025-07-03,21690,6,3,0.1,183.47,180.97,488.62,East,Corporate,2025,7,Jul
509661,2025-11-20,22590,5,4,0.0,310.91,301.54,1206.16,West,Consumer,2025,11,Nov
509662,2025-11-11,21043,12,3,0.0,119.8,125.02,375.06,East,Corporate,2025,11,Nov
509663,2024-10-15,23088,3,1,0.05,379.36,396.28,376.47,Central,Consumer,2024,10,Oct
509664,2025-11-19,20383,1,3,0.0,118.77,122.21,366.63,West,Consumer,2025,11,Nov
509665,2025-07-27,22774,19,3,0.1,495.95,467.52,1262.3,East,Corporate,2025,7,Jul
509666,2024-06-13,23215,4,4,0.0,453.41,433.18,1732.72,West,Consumer,2024,6,Jun
509667,2025-05-16,21283,15,1,0.05,203.7,219.21,208.25,South,Consumer,2025,5,May
509668,2025-03-27,23780,14,3,0.05,323.49,338.97,966.06,South,Consumer,2025,3,Mar
509669,2024-07-17,23847,18,2,0.05,376.89,364.85,693.22,North,Corporate,2024,7,Jul
509670,2024-12-14,23717,25,4,0.05,408.11,389.87,1481.51,Central,Consumer,2024,12,Dec
509671,2024-06-12,20219,10,2,0.1,452.53,483.89,871.0,North,Consumer,2024,6,Jun
509672,2025-03-26,20678,21,1,0.1,301.42,293.86,264.47,South,Corporate,2025,3,Mar
509673,2024-12-21,22268,23,3,0.0,430.62,430.99,1292.97,East,Small Business,2024,12,Dec
509674,2025-02-03,22577,18,1,0.0,376.89,401.11,401.11,South,Consumer,2025,2,Feb
509675,2025-04-23,22518,13,2,0.05,509.47,525.78,998.98,Central,Corporate,2025,4,Apr
509676,2025-10-23,22128,1,1,0.0,118.77,122.37,122.37,South,Consumer,2025,10,Oct
509677,2024-11-01,20590,8,1,0.05,289.09,277.29,263.43,West,Corporate,2024,11,Nov
509678,2025-06-19,21633,25,3,0.0,408.11,425.98,1277.94,East,Small Business,2025,6,Jun
509679,2024-12-28,21956,13,1,0.0,509.47,529.34,529.34,North,Consumer,2024,12,Dec
509680,2025-02-03,23257,10,4,0.0,452.53,448.19,1792.76,West,Corporate,2025,2,Feb
509681,2024-06-04,23419,28,4,0.05,297.74,294.08,1117.5,South,Consumer,2024,6,Jun
509682,2025-12-30,23596,17,1,0.2,364.39,367.07,293.66,East,Corporate,2025,12,Dec
509683,2025-02-06,23713,29,1,0.0,538.73,574.28,574.28,East,Small Business,2025,2,Feb
509684,2025-11-17,20544,25,4,0.0,408.11,403.62,1614.48,Central,Consumer,2025,11,Nov
509685,2025-04-26,23641,6,1,0.1,183.47,195.58,176.02,Central,Small Business,2025,4,Apr
509686,2024-04-19,20021,2,1,0.15,177.67,183.02,155.57,Central,Consumer,2024,4,Apr
509687,2025-04-13,20256,1,2,0.0,118.77,112.7,225.4,Central,Small Business,2025,4,Apr
509688,2025-04-09,20782,10,3,0.0,452.53,454.6,1363.8,West,Small Business,2025,4,Apr
509689,2025-08-12,20506,26,4,0.0,173.18,162.29,649.16,Central,Consumer,2025,8,Aug
509690,2025-11-15,23239,29,1,0.1,538.73,558.88,502.99,Central,Consumer,2025,11,Nov
509691,2024-01-26,21282,29,1,0.2,538.73,501.78,401.42,West,Small Business,2024,1,Jan
509692,2025-09-09,23665,3,2,0.0,379.36,358.33,716.66,West,Corporate,2025,9,Sep
509693,2025-03-16,22570,21,3,0.1,301.42,304.33,821.69,North,Consumer,2025,3,Mar
509694,2025-10-15,22722,11,3,0.0,526.43,553.24,1659.72,Central,Consumer,2025,10,Oct
509695,2024-10-16,20644,3,4,0.15,379.36,380.24,1292.82,North,Consumer,2024,10,Oct
509696,2025-03-26,20071,27,3,0.05,282.82,299.94,854.83,South,Consumer,2025,3,Mar
509697,2024-05-08,20480,14,2,0.15,323.49,346.57,589.17,North,Consumer,2024,5,May
509698,2024-02-27,22314,4,2,0.1,453.41,488.01,878.42,South,Consumer,2024,2,Feb
509699,2024-02-04,23594,14,2,0.0,323.49,324.23,648.46,Central,Small Business,2024,2,Feb
509700,2024-01-13,21681,21,2,0.05,301.42,306.77,582.86,South,Consumer,2024,1,Jan
509701,2024-12-04,22164,16,1,0.05,113.27,115.19,109.43,North,Small Business,2024,12,Dec
509702,2024-08-08,23125,21,1,0.0,301.42,318.2,318.2,South,Consumer,2024,8,Aug
509703,2024-08-10,20747,13,3,0.0,509.47,500.73,1502.19,Central,Corporate,2024,8,Aug
509704,2025-03-26,23011,8,2,0.05,289.09,291.85,554.52,Central,Consumer,2025,3,Mar
509705,2025-10-24,22687,19,1,0.0,495.95,509.3,509.3,South,Consumer,2025,10,Oct
509706,2025-11-07,20796,5,2,0.0,310.91,306.6,613.2,South,Consumer,2025,11,Nov
509707,2025-03-05,21550,13,4,0.0,509.47,544.64,2178.56,South,Consumer,2025,3,Mar
509708,2024-10-15,21267,23,1,0.0,430.62,424.97,424.97,Central,Consumer,2024,10,Oct
509709,2024-10-30,23912,5,4,0.0,310.91,315.16,1260.64,East,Consumer,2024,10,Oct
509710,2025-04-03,20865,7,3,0.0,208.23,210.83,632.49,East,Consumer,2025,4,Apr
509711,2025-10-26,23770,9,1,0.0,308.58,314.35,314.35,South,Consumer,2025,10,Oct
509712,2025-01-25,22114,24,4,0.0,471.09,469.17,1876.68,Central,Corporate,2025,1,Jan
509713,2024-10-21,20222,2,3,0.0,177.67,164.71,494.13,Central,Consumer,2024,10,Oct
509714,2024-06-21,20328,28,3,0.0,297.74,277.47,832.41,East,Small Business,2024,6,Jun
509715,2024-03-10,20493,16,2,0.0,113.27,117.44,234.88,East,Consumer,2024,3,Mar
509716,2024-08-17,22377,2,1,0.0,177.67,166.02,166.02,North,Consumer,2024,8,Aug
509717,2025-08-07,23580,29,4,0.1,538.73,512.29,1844.24,Central,Consumer,2025,8,Aug
509718,2024-09-29,21915,9,1,0.0,308.58,300.91,300.91,West,Corporate,2024,9,Sep
509719,2025-09-07,21528,1,2,0.05,118.77,115.71,219.85,West,Consumer,2025,9,Sep
509720,2025-07-12,22243,22,4,0.0,356.25,348.66,1394.64,East,Consumer,2025,7,Jul
509721,2025-07-28,20863,18,1,0.1,376.89,371.8,334.62,Central,Small Business,2025,7,Jul
509722,2025-05-03,23354,17,3,0.0,364.39,343.1,1029.3,South,Small Business,2025,5,May
509723,2024-01-19,21317,9,1,0.05,308.58,288.0,273.6,West,Small Business,2024,1,Jan
509724,2024-12-12,21951,16,3,0.2,113.27,117.48,281.95,West,Small Business,2024,12,Dec
509725,2025-06-09,20813,19,4,0.1,495.95,469.26,1689.34,West,Consumer,2025,6,Jun
509726,2025-12-25,23149,15,4,0.0,203.7,216.16,864.64,South,Consumer,2025,12,Dec
509727,2025-07-08,22525,10,3,0.0,452.53,426.58,1279.74,Central,Corporate,2025,7,Jul
509728,2024-08-06,23743,29,1,0.05,538.73,542.44,515.32,West,Small Business,2024,8,Aug
509729,2025-02-23,23281,15,3,0.1,203.7,216.73,585.17,Central,Consumer,2025,2,Feb
509730,2025-06-19,20365,24,4,0.0,471.09,459.31,1837.24,South,Consumer,2025,6,Jun
509731,2025-09-11,22468,11,4,0.15,526.43,555.22,1887.75,East,Consumer,2025,9,Sep
509732,2024-03-21,20308,17,3,0.0,364.39,346.22,1038.66,Central,Small Business,2024,3,Mar
509733,2025-11-08,22665,15,3,0.0,203.7,202.87,608.61,West,Consumer,2025,11,Nov
509734,2024-11-26,20738,10,4,0.05,452.53,429.57,1632.37,Central,Consumer,2024,11,Nov
509735,2025-10-18,20867,29,4,0.2,538.73,569.4,1822.08,West,Consumer,2025,10,Oct
509736,2025-07-22,22909,1,3,0.15,118.77,117.98,300.85,Central,Corporate,2025,7,Jul
509737,2025-01-18,20944,14,2,0.1,323.49,331.57,596.83,East,Corporate,2025,1,Jan
509738,2024-12-15,22546,21,4,0.0,301.42,308.9,1235.6,East,Consumer,2024,12,Dec
509739,2024-07-21,20784,6,2,0.1,183.47,184.52,332.14,South,Consumer,2024,7,Jul
509740,2025-03-04,22412,5,3,0.0,310.91,325.86,977.58,West,Small Business,2025,3,Mar
509741,2024-08-03,23928,12,1,0.1,119.8,116.42,104.78,North,Consumer,2024,8,Aug
509742,2024-12-15,22694,5,1,0.1,310.91,315.85,284.27,North,Consumer,2024,12,Dec
509743,2024-06-21,20844,6,1,0.05,183.47,196.95,187.1,East,Corporate,2024,6,Jun
509744,2024-06-14,21833,4,4,0.0,453.41,472.55,1890.2,West,Consumer,2024,6,Jun
509745,2025-10-25,20946,30,3,0.05,300.75,311.51,887.8,Central,Small Business,2025,10,Oct
509746,2025-09-28,21163,27,2,0.1,282.82,267.26,481.07,West,Consumer,2025,9,Sep
509747,2025-02-24,21711,19,3,0.2,495.95,462.04,1108.9,East,Small Business,2025,2,Feb
509748,2025-04-30,20741,18,2,0.1,376.89,367.43,661.37,Central,Corporate,2025,4,Apr
509749,2024-01-01,21044,11,3,0.05,526.43,505.5,1440.68,Central,Consumer,2024,1,Jan
509750,2025-06-27,23758,25,4,0.0,408.11,412.15,1648.6,Central,Small Business,2025,6,Jun
509751,2025-12-03,22857,10,4,0.1,452.53,459.93,1655.75,West,Corporate,2025,12,Dec
509752,2025-11-24,20993,1,2,0.0,118.77,121.09,242.18,South,Consumer,2025,11,Nov
509753,2024-02-08,20081,6,3,0.1,183.47,188.95,510.16,Central,Consumer,2024,2,Feb
509754,2025-05-21,21365,15,2,0.0,203.7,190.2,380.4,Central,Consumer,2025,5,May
509755,2024-12-14,20648,20,1,0.05,187.69,186.03,176.73,Central,Consumer,2024,12,Dec
509756,2024-02-17,22886,19,4,0.1,495.95,531.41,1913.08,East,Consumer,2024,2,Feb
509757,2025-07-30,21727,12,3,0.0,119.8,120.48,361.44,Central,Consumer,2025,7,Jul
509758,2025-04-05,23004,28,2,0.15,297.74,304.55,517.74,Central,Consumer,2025,4,Apr
509759,2024-07-09,23309,10,1,0.0,452.53,468.65,468.65,West,Consumer,2024,7,Jul
509760,2025-01-04,22113,18,2,0.0,376.89,391.38,782.76,Central,Consumer,2025,1,Jan
509761,2024-09-13,23075,4,1,0.0,453.41,482.29,482.29,West,Corporate,2024,9,Sep
509762,2024-06-10,22072,4,4,0.05,453.41,475.11,1805.42,North,Consumer,2024,6,Jun
509763,2024-11-08,22587,28,3,0.05,297.74,283.45,807.83,Central,Consumer,2024,11,Nov
509764,2025-03-09,23867,22,3,0.15,356.25,329.82,841.04,Central,Small Business,2025,3,Mar
509765,2024-02-07,23838,21,4,0.0,301.42,316.49,1265.96,North,Small Business,2024,2,Feb
509766,2025-05-06,21850,11,1,0.0,526.43,523.48,523.48,North,Small Business,2025,5,May
509767,2024-12-25,22120,23,1,0.05,430.62,438.63,416.7,South,Small Business,2024,12,Dec
509768,2025-02-12,23596,8,1,0.1,289.09,290.74,261.67,East,Corporate,2025,2,Feb
509769,2024-04-15,20250,19,2,0.0,495.95,533.94,1067.88,Central,Small Business,2024,4,Apr
509770,2024-04-22,23947,26,2,0.0,173.18,183.34,366.68,East,Consumer,2024,4,Apr
509771,2025-01-29,22528,25,2,0.15,408.11,416.26,707.64,Central,Consumer,2025,1,Jan
509772,2025-04-09,20254,17,2,0.0,364.39,347.32,694.64,Central,Consumer,2025,4,Apr
509773,2025-04-07,22246,10,2,0.2,452.53,460.93,737.49,Central,Corporate,2025,4,Apr
509774,2024-01-19,22626,15,1,0.05,203.7,218.09,207.19,South,Consumer,2024,1,Jan
509775,2024-12-12,22233,30,2,0.1,300.75,283.42,510.16,East,Consumer,2024,12,Dec
509776,2024-04-26,23854,26,4,0.15,173.18,176.59,600.41,Central,Small Business,2024,4,Apr
509777,2025-02-04,21837,2,1,0.15,177.67,189.54,161.11,Central,Consumer,2025,2,Feb
509778,2025-08-06,21776,29,2,0.0,538.73,499.69,999.38,North,Consumer,2025,8,Aug
509779,2025-12-02,20831,29,1,0.0,538.73,529.65,529.65,Central,Consumer,2025,12,Dec
509780,2024-12-24,21520,20,1,0.1,187.69,182.25,164.02,Central,Consumer,2024,12,Dec
509781,2024-12-28,22089,17,2,0.05,364.39,353.85,672.32,Central,Consumer,2024,12,Dec
509782,2025-03-07,21498,26,1,0.05,173.18,161.16,153.1,Central,Small Business,2025,3,Mar
509783,2024-02-09,20321,10,3,0.1,452.53,468.77,1265.68,South,Small Business,2024,2,Feb
509784,2024-09-04,23047,13,1,0.1,509.47,496.4,446.76,East,Small Business,2024,9,Sep
509785,2024-08-17,21080,10,4,0.2,452.53,426.61,1365.15,Central,Corporate,2024,8,Aug
509786,2025-02-17,22680,28,2,0.1,297.74,321.2,578.16,East,Consumer,2025,2,Feb
509787,2024-04-24,23899,18,2,0.2,376.89,392.64,628.22,Central,Consumer,2024,4,Apr
509788,2024-01-28,21757,22,1,0.0,356.25,345.42,345.42,Central,Consumer,2024,1,Jan
509789,2024-09-06,20148,2,3,0.05,177.67,167.88,478.46,Central,Corporate,2024,9,Sep
509790,2024-01-18,22340,28,3,0.0,297.74,317.17,951.51,South,Small Business,2024,1,Jan
509791,2025-05-29,20200,19,1,0.2,495.95,520.03,416.02,Central,Consumer,2025,5,May
509792,2025-10-22,22396,26,3,0.05,173.18,170.39,485.61,North,Consumer,2025,10,Oct
509793,2025-05-15,23903,3,4,0.0,379.36,399.97,1599.88,West,Consumer,2025,5,May
509794,2024-07-28,21168,11,1,0.1,526.43,545.73,491.16,East,Consumer,2024,7,Jul
509795,2025-05-31,21369,18,3,0.1,376.89,348.11,939.9,Central,Small Business,2025,5,May
509796,2025-08-10,20025,27,4,0.0,282.82,289.37,1157.48,East,Consumer,2025,8,Aug
509797,2025-10-15,21024,28,4,0.05,297.74,312.18,1186.28,North,Small Business,2025,10,Oct
509798,2025-01-12,20016,17,4,0.15,364.39,373.56,1270.1,South,Consumer,2025,1,Jan
509799,2024-10-21,22150,15,3,0.1,203.7,206.93,558.71,Central,Consumer,2024,10,Oct
509800,2024-02-25,21797,24,2,0.0,471.09,475.01,950.02,East,Consumer,2024,2,Feb
509801,2024-11-30,22457,22,4,0.0,356.25,339.76,1359.04,Central,Small Business,2024,11,Nov
509802,2024-02-15,22746,22,2,0.0,356.25,363.67,727.34,Central,Small Business,2024,2,Feb
509803,2024-10-06,20152,1,4,0.0,118.77,114.17,456.68,East,Small Business,2024,10,Oct
509804,2024-02-15,23689,28,1,0.05,297.74,285.75,271.46,West,Small Business,2024,2,Feb
509805,2024-10-01,21084,2,1,0.05,177.67,170.06,161.56,Central,Small Business,2024,10,Oct
509806,2025-01-02,23357,22,2,0.05,356.25,354.48,673.51,South,Consumer,2025,1,Jan
509807,2024-09-04,23742,20,2,0.15,187.69,186.52,317.08,West,Consumer,2024,9,Sep
509808,2024-08-31,21384,22,2,0.0,356.25,367.4,734.8,West,Consumer,2024,8,Aug
509809,2025-06-23,23134,28,2,0.05,297.74,293.02,556.74,North,Small Business,2025,6,Jun
509810,2025-12-15,22158,30,2,0.0,300.75,300.44,600.88,Central,Small Business,2025,12,Dec
509811,2024-07-09,22511,4,4,0.0,453.41,435.7,1742.8,East,Consumer,2024,7,Jul
509812,2024-03-19,21797,27,1,0.05,282.82,294.79,280.05,East,Consumer,2024,3,Mar
509813,2024-01-26,20353,18,4,0.0,376.89,349.85,1399.4,South,Consumer,2024,1,Jan
509814,2024-10-17,20828,19,1,0.0,495.95,466.02,466.02,North,Consumer,2024,10,Oct
509815,2024-12-28,20882,30,3,0.15,300.75,295.99,754.77,West,Small Business,2024,12,Dec
509816,2024-01-11,20831,23,4,0.1,430.62,420.24,1512.86,Central,Consumer,2024,1,Jan
509817,2024-12-30,22756,28,2,0.15,297.74,298.26,507.04,South,Corporate,2024,12,Dec
509818,2025-03-24,23369,8,1,0.0,289.09,269.34,269.34,Central,Consumer,2025,3,Mar
509819,2024-12-04,20360,26,3,0.15,173.18,170.26,434.16,Central,Consumer,2024,12,Dec
509820,2024-03-10,20499,17,4,0.1,364.39,381.05,1371.78,South,Small Business,2024,3,Mar
509821,2024-11-27,21589,7,1,0.0,208.23,208.88,208.88,West,Corporate,2024,11,Nov
509822,2025-05-12,20281,30,3,0.05,300.75,280.64,799.82,West,Consumer,2025,5,May
509823,2024-12-25,23759,10,4,0.0,452.53,440.79,1763.16,South,Consumer,2024,12,Dec
509824,2025-06-09,21105,6,3,0.05,183.47,185.15,527.68,South,Consumer,2025,6,Jun
509825,2025-11-24,23017,18,3,0.0,376.89,369.13,1107.39,Central,Consumer,2025,11,Nov
509826,2025-12-21,21957,27,2,0.0,282.82,270.73,541.46,Central,Corporate,2025,12,Dec
509827,2024-07-01,21550,15,3,0.15,203.7,196.21,500.34,South,Consumer,2024,7,Jul
509828,2024-06-10,20189,23,1,0.1,430.62,406.44,365.8,East,Consumer,2024,6,Jun
509829,2024-05-12,21833,29,3,0.0,538.73,534.01,1602.03,West,Consumer,2024,5,May
509830,2025-04-24,21363,9,2,0.1,308.58,284.37,511.87,South,Consumer,2025,4,Apr
509831,2025-03-12,20851,2,4,0.0,177.67,185.99,743.96,North,Corporate,2025,3,Mar
509832,2024-08-11,23320,29,3,0.2,538.73,521.18,1250.83,East,Consumer,2024,8,Aug
509833,2024-04-25,20100,21,2,0.0,301.42,322.43,644.86,South,Consumer,2024,4,Apr
509834,2024-08-10,21481,13,2,0.1,509.47,474.09,853.36,South,Consumer,2024,8,Aug
509835,2024-04-22,20132,25,1,0.0,408.11,432.86,432.86,East,Small Business,2024,4,Apr
509836,2025-09-18,22377,15,4,0.05,203.7,189.73,720.97,North,Consumer,2025,9,Sep
509837,2024-12-19,22297,28,3,0.0,297.74,310.16,930.48,East,Consumer,2024,12,Dec
509838,2025-10-12,23847,15,1,0.15,203.7,207.33,176.23,North,Corporate,2025,10,Oct
509839,2025-10-13,20398,9,2,0.1,308.58,316.62,569.92,East,Consumer,2025,10,Oct
509840,2024-07-15,22815,6,3,0.0,183.47,179.18,537.54,Central,Corporate,2024,7,Jul
509841,2024-03-25,23264,8,3,0.0,289.09,267.32,801.96,West,Corporate,2024,3,Mar
509842,2025-03-13,22722,20,3,0.0,187.69,188.96,566.88,Central,Consumer,2025,3,Mar
509843,2024-04-08,23798,5,2,0.0,310.91,307.39,614.78,South,Corporate,2024,4,Apr
509844,2025-06-25,23887,16,3,0.0,113.27,110.07,330.21,Central,Consumer,2025,6,Jun
509845,2025-05-11,20297,4,2,0.2,453.41,443.56,709.7,South,Corporate,2025,5,May
509846,2024-09-05,20374,30,1,0.05,300.75,317.65,301.77,East,Consumer,2024,9,Sep
509847,2025-01-04,20766,4,3,0.05,453.41,428.7,1221.79,East,Consumer,2025,1,Jan
509848,2024-04-22,23746,24,3,0.1,471.09,496.78,1341.31,South,Consumer,2024,4,Apr
509849,2024-06-18,20795,12,3,0.1,119.8,111.45,300.92,East,Consumer,2024,6,Jun
509850,2025-08-19,20610,14,3,0.05,323.49,335.72,956.8,North,Corporate,2025,8,Aug
509851,2024-09-20,22077,3,2,0.1,379.36,371.38,668.48,Central,Small Business,2024,9,Sep
509852,2025-01-17,20142,27,4,0.05,282.82,267.26,1015.59,Central,Corporate,2025,1,Jan
509853,2025-08-17,22926,29,1,0.0,538.73,517.91,517.91,East,Corporate,2025,8,Aug
509854,2024-07-22,21862,28,3,0.0,297.74,302.05,906.15,South,Consumer,2024,7,Jul
509855,2024-12-25,23986,29,3,0.0,538.73,563.97,1691.91,West,Small Business,2024,12,Dec
509856,2024-01-21,23539,18,3,0.0,376.89,388.21,1164.63,North,Consumer,2024,1,Jan
509857,2024-03-23,22033,30,2,0.0,300.75,296.14,592.28,South,Small Business,2024,3,Mar
509858,2025-09-19,21254,29,1,0.05,538.73,562.96,534.81,East,Corporate,2025,9,Sep
509859,2025-08-15,20142,23,1,0.0,430.62,411.17,411.17,Central,Corporate,2025,8,Aug
509860,2024-11-21,20364,16,1,0.05,113.27,117.68,111.8,North,Corporate,2024,11,Nov
509861,2024-10-31,20313,7,1,0.2,208.23,210.99,168.79,East,Small Business,2024,10,Oct
509862,2025-02-09,20077,7,2,0.0,208.23,222.23,444.46,West,Consumer,2025,2,Feb
509863,2025-01-13,21949,15,2,0.0,203.7,212.01,424.02,North,Consumer,2025,1,Jan
509864,2024-04-08,21566,16,3,0.05,113.27,115.84,330.14,South,Consumer,2024,4,Apr
509865,2024-05-02,20447,19,3,0.0,495.95,477.72,1433.16,Central,Consumer,2024,5,May
509866,2024-03-01,23939,15,1,0.0,203.7,194.37,194.37,East,Consumer,2024,3,Mar
509867,2025-03-12,23670,24,3,0.2,471.09,438.73,1052.95,East,Consumer,2025,3,Mar
509868,2024-09-17,22713,16,4,0.0,113.27,109.52,438.08,South,Corporate,2024,9,Sep
509869,2025-03-14,23586,22,4,0.0,356.25,345.95,1383.8,North,Corporate,2025,3,Mar
509870,2024-06-16,22034,6,4,0.0,183.47,192.92,771.68,South,Consumer,2024,6,Jun
509871,2024-09-22,21630,21,3,0.1,301.42,280.64,757.73,East,Corporate,2024,9,Sep
509872,2024-01-26,20822,7,1,0.05,208.23,194.04,184.34,Central,Consumer,2024,1,Jan
509873,2024-10-20,22565,16,3,0.0,113.27,112.14,336.42,East,Consumer,2024,10,Oct
509874,2024-05-08,23802,12,4,0.1,119.8,120.31,433.12,South,Consumer,2024,5,May
509875,2025-11-26,23797,7,3,0.15,208.23,201.91,514.87,South,Small Business,2025,11,Nov
509876,2025-04-22,20169,23,4,0.05,430.62,397.17,1509.25,Central,Small Business,2025,4,Apr
509877,2025-01-29,20020,26,2,0.0,173.18,172.07,344.14,East,Consumer,2025,1,Jan
509878,2024-07-02,20139,7,3,0.05,208.23,216.21,616.2,East,Consumer,2024,7,Jul
509879,2024-08-07,20655,21,2,0.1,301.42,305.18,549.32,West,Consumer,2024,8,Aug
509880,2025-12-07,21194,3,3,0.15,379.36,351.67,896.76,West,Consumer,2025,12,Dec
509881,2024-05-24,22188,14,2,0.0,323.49,298.94,597.88,Central,Small Business,2024,5,May
509882,2025-10-20,21820,9,1,0.0,308.58,330.47,330.47,Central,Consumer,2025,10,Oct
509883,2025-10-08,22766,3,1,0.05,379.36,407.07,386.72,North,Corporate,2025,10,Oct
509884,2024-09-09,23559,12,3,0.05,119.8,110.44,314.75,South,Corporate,2024,9,Sep
509885,2024-05-13,20252,23,1,0.05,430.62,441.92,419.82,Central,Consumer,2024,5,May
509886,2025-08-01,22848,2,2,0.1,177.67,178.41,321.14,Central,Corporate,2025,8,Aug
509887,2025-10-17,22450,17,1,0.05,364.39,377.74,358.85,West,Consumer,2025,10,Oct
509888,2024-05-11,21583,13,2,0.15,509.47,487.05,827.98,Central,Small Business,2024,5,May
509889,2025-11-02,22785,7,1,0.0,208.23,196.33,196.33,East,Consumer,2025,11,Nov
509890,2024-12-06,22602,18,2,0.0,376.89,393.89,787.78,East,Consumer,2024,12,Dec
509891,2025-07-10,21120,20,4,0.0,187.69,186.67,746.68,Central,Consumer,2025,7,Jul
509892,2024-11-09,22899,25,1,0.1,408.11,391.08,351.97,Central,Small Business,2024,11,Nov
509893,2025-05-27,21611,13,4,0.1,509.47,501.77,1806.37,West,Consumer,2025,5,May
509894,2025-09-30,20749,15,1,0.15,203.7,192.75,163.84,East,Consumer,2025,9,Sep
509895,2024-06-01,23937,12,3,0.1,119.8,128.19,346.11,Central,Small Business,2024,6,Jun
509896,2024-10-23,21354,22,2,0.05,356.25,359.16,682.4,North,Corporate,2024,10,Oct
509897,2025-02-02,22180,8,2,0.1,289.09,288.36,519.05,Central,Consumer,2025,2,Feb
509898,2024-04-28,20966,21,1,0.0,301.42,310.9,310.9,Central,Small Business,2024,4,Apr
509899,2024-04-02,22165,26,3,0.0,173.18,160.66,481.98,North,Small Business,2024,4,Apr
509900,2025-05-25,23321,17,1,0.15,364.39,343.18,291.7,West,Consumer,2025,5,May
509901,2025-08-24,21233,9,2,0.0,308.58,329.3,658.6,North,Consumer,2025,8,Aug
509902,2025-04-13,23551,17,3,0.0,364.39,362.33,1086.99,East,Consumer,2025,4,Apr
509903,2025-03-01,21869,13,1,0.05,509.47,548.47,521.05,Central,Corporate,2025,3,Mar
509904,2024-08-23,23580,9,4,0.0,308.58,308.71,1234.84,Central,Consumer,2024,8,Aug
509905,2025-10-02,20343,28,4,0.05,297.74,295.01,1121.04,Central,Consumer,2025,10,Oct
509906,2025-06-26,22369,5,3,0.1,310.91,296.39,800.25,Central,Small Business,2025,6,Jun
509907,2024-12-22,23030,12,1,0.0,119.8,119.68,119.68,South,Small Business,2024,12,Dec
509908,2025-04-12,21422,16,3,0.0,113.27,110.94,332.82,West,Consumer,2025,4,Apr
509909,2025-07-30,22467,21,4,0.0,301.42,284.07,1136.28,Central,Small Business,2025,7,Jul
509910,2024-04-22,22032,9,2,0.05,308.58,285.75,542.92,East,Consumer,2024,4,Apr
509911,2025-02-17,21703,25,4,0.2,408.11,424.2,1357.44,Central,Consumer,2025,2,Feb
509912,2024-05-27,23517,12,4,0.0,119.8,111.02,444.08,Central,Consumer,2024,5,May
509913,2024-09-21,20606,30,1,0.05,300.75,279.05,265.1,East,Small Business,2024,9,Sep
509914,2025-04-29,22726,23,2,0.05,430.62,437.55,831.34,West,Small Business,2025,4,Apr
509915,2025-08-10,20104,8,2,0.05,289.09,285.65,542.73,Central,Corporate,2025,8,Aug
509916,2025-03-14,23332,21,4,0.1,301.42,316.56,1139.62,South,Consumer,2025,3,Mar
509917,2025-10-29,21768,2,1,0.0,177.67,180.27,180.27,West,Consumer,2025,10,Oct
509918,2024-01-26,20352,5,4,0.0,310.91,291.51,1166.04,West,Consumer,2024,1,Jan
509919,2024-06-04,21000,1,2,0.05,118.77,119.58,227.2,West,Consumer,2024,6,Jun
509920,2024-07-05,22121,4,4,0.15,453.41,474.23,1612.38,West,Consumer,2024,7,Jul
509921,2025-06-16,22422,24,1,0.05,471.09,484.78,460.54,North,Small Business,2025,6,Jun
509922,2024-03-08,23256,26,4,0.05,173.18,177.34,673.89,East,Small Business,2024,3,Mar
509923,2024-05-26,23451,21,4,0.0,301.42,322.89,1291.56,East,Corporate,2024,5,May
509924,2025-12-13,22124,12,4,0.2,119.8,121.99,390.37,South,Small Business,2025,12,Dec
509925,2024-10-15,20719,15,1,0.05,203.7,195.93,186.13,West,Consumer,2024,10,Oct
509926,2024-12-19,21222,6,4,0.2,183.47,169.38,542.02,West,Consumer,2024,12,Dec
509927,2025-11-04,22782,13,2,0.05,509.47,504.42,958.4,North,Consumer,2025,11,Nov
509928,2025-01-05,21408,19,2,0.2,495.95,492.44,787.9,Central,Consumer,2025,1,Jan
509929,2024-06-08,21924,24,1,0.05,471.09,438.56,416.63,West,Small Business,2024,6,Jun
509930,2024-04-17,20264,30,1,0.0,300.75,310.31,310.31,West,Small Business,2024,4,Apr
509931,2024-08-16,22644,13,2,0.0,509.47,499.91,999.82,West,Consumer,2024,8,Aug
509932,2024-12-08,23524,19,3,0.0,495.95,491.45,1474.35,South,Consumer,2024,12,Dec
509933,2025-03-29,23747,4,2,0.1,453.41,421.29,758.32,North,Consumer,2025,3,Mar
509934,2025-12-05,22786,19,2,0.15,495.95,467.05,793.98,Central,Small Business,2025,12,Dec
509935,2024-11-21,20353,4,1,0.15,453.41,453.7,385.64,South,Consumer,2024,11,Nov
509936,2025-09-24,23609,27,1,0.0,282.82,268.07,268.07,West,Consumer,2025,9,Sep
509937,2024-01-09,21828,5,4,0.1,310.91,330.96,1191.46,West,Small Business,2024,1,Jan
509938,2024-12-18,20652,6,4,0.05,183.47,178.86,679.67,West,Consumer,2024,12,Dec
509939,2024-10-11,20204,8,1,0.0,289.09,301.59,301.59,South,Consumer,2024,10,Oct
509940,2025-10-05,20935,17,1,0.05,364.39,373.59,354.91,East,Consumer,2025,10,Oct
509941,2025-11-22,20268,22,3,0.0,356.25,335.26,1005.78,Central,Corporate,2025,11,Nov
509942,2024-11-04,22174,8,2,0.1,289.09,292.29,526.12,South,Corporate,2024,11,Nov
509943,2025-11-23,22646,24,3,0.1,471.09,478.53,1292.03,Central,Consumer,2025,11,Nov
509944,2025-03-23,20372,21,1,0.1,301.42,318.25,286.42,North,Consumer,2025,3,Mar
509945,2024-11-10,22827,20,4,0.0,187.69,187.97,751.88,East,Consumer,2024,11,Nov
509946,2024-10-06,22489,18,2,0.05,376.89,364.06,691.71,Central,Small Business,2024,10,Oct
509947,2024-01-08,23175,28,4,0.1,297.74,299.37,1077.73,North,Consumer,2024,1,Jan
509948,2025-05-12,21296,26,1,0.0,173.18,182.5,182.5,East,Consumer,2025,5,May
509949,2024-09-29,20292,24,3,0.0,471.09,444.75,1334.25,West,Consumer,2024,9,Sep
509950,2025-05-28,20674,18,3,0.1,376.89,368.88,995.98,Central,Corporate,2025,5,May
509951,2024-10-07,21011,17,3,0.0,364.39,366.21,1098.63,Central,Corporate,2024,10,Oct
509952,2024-03-16,21362,18,3,0.05,376.89,380.07,1083.2,South,Small Business,2024,3,Mar
509953,2025-10-21,21899,30,4,0.0,300.75,322.82,1291.28,Central,Consumer,2025,10,Oct
509954,2025-10-18,23771,15,1,0.0,203.7,218.41,218.41,Central,Consumer,2025,10,Oct
509955,2024-08-21,22601,21,2,0.05,301.42,296.21,562.8,East,Small Business,2024,8,Aug
509956,2024-07-02,22441,2,1,0.15,177.67,186.39,158.43,North,Consumer,2024,7,Jul
509957,2025-03-12,23392,23,2,0.0,430.62,400.55,801.1,North,Consumer,2025,3,Mar
509958,2025-07-10,22487,15,1,0.05,203.7,205.31,195.04,North,Consumer,2025,7,Jul
509959,2024-12-22,20550,30,4,0.0,300.75,285.56,1142.24,Central,Consumer,2024,12,Dec
509960,2025-11-19,23044,2,4,0.05,177.67,164.41,624.76,East,Corporate,2025,11,Nov
509961,2025-01-06,22401,30,2,0.05,300.75,320.86,609.63,West,Consumer,2025,1,Jan
509962,2024-08-02,23324,19,3,0.05,495.95,532.93,1518.85,South,Small Business,2024,8,Aug
509963,2025-05-29,22769,7,1,0.15,208.23,223.78,190.21,Central,Corporate,2025,5,May
509964,2025-12-13,22325,8,2,0.1,289.09,305.83,550.49,Central,Consumer,2025,12,Dec
509965,2025-05-04,20314,6,2,0.1,183.47,173.83,312.89,South,Consumer,2025,5,May
509966,2025-07-20,21819,1,4,0.2,118.77,111.58,357.06,West,Consumer,2025,7,Jul
509967,2025-12-28,20918,2,1,0.1,177.67,165.43,148.89,East,Consumer,2025,12,Dec
509968,2025-06-20,20391,23,2,0.2,430.62,430.04,688.06,North,Small Business,2025,6,Jun
509969,2025-09-20,22733,7,2,0.1,208.23,223.46,402.23,South,Corporate,2025,9,Sep
509970,2024-03-18,23098,10,2,0.15,452.53,481.19,818.02,West,Consumer,2024,3,Mar
509971,2024-05-06,20335,13,2,0.0,509.47,526.51,1053.02,Central,Small Business,2024,5,May
509972,2024-12-04,20972,20,4,0.0,187.69,198.53,794.12,Central,Corporate,2024,12,Dec
509973,2025-07-22,23307,24,3,0.1,471.09,503.87,1360.45,East,Consumer,2025,7,Jul
509974,2024-12-12,20643,21,1,0.0,301.42,315.13,315.13,West,Small Business,2024,12,Dec
509975,2025-09-04,22828,26,2,0.0,173.18,185.49,370.98,Central,Consumer,2025,9,Sep
509976,2025-10-16,23739,15,3,0.05,203.7,218.21,621.9,East,Consumer,2025,10,Oct
509977,2024-08-17,23673,15,3,0.0,203.7,200.41,601.23,Central,Consumer,2024,8,Aug
509978,2024-12-24,22661,1,3,0.1,118.77,110.09,297.24,Central,Consumer,2024,12,Dec
509979,2025-07-04,23943,19,1,0.0,495.95,475.03,475.03,Central,Consumer,2025,7,Jul
509980,2024-10-08,22369,24,2,0.0,471.09,505.65,1011.3,Central,Small Business,2024,10,Oct
509981,2024-02-06,23571,20,1,0.0,187.69,180.27,180.27,Central,Consumer,2024,2,Feb
509982,2024-11-06,22764,12,1,0.2,119.8,114.03,91.22,West,Small Business,2024,11,Nov
509983,2025-06-21,21437,20,4,0.0,187.69,192.05,768.2,South,Consumer,2025,6,Jun
509984,2025-12-05,21415,8,1,0.0,289.09,270.03,270.03,South,Small Business,2025,12,Dec
509985,2024-06-06,22911,2,2,0.0,177.67,188.4,376.8,Central,Consumer,2024,6,Jun
509986,2025-03-24,23539,23,2,0.15,430.62,416.99,708.88,North,Consumer,2025,3,Mar
509987,2025-03-15,21407,16,3,0.0,113.27,119.92,359.76,Central,Consumer,2025,3,Mar
509988,2024-12-30,21994,24,3,0.15,471.09,469.57,1197.4,Central,Consumer,2024,12,Dec
509989,2025-09-29,20914,20,4,0.0,187.69,187.3,749.2,Central,Consumer,2025,9,Sep
509990,2025-07-12,22175,25,1,0.0,408.11,410.4,410.4,Central,Consumer,2025,7,Jul
509991,2024-02-08,20745,23,1,0.0,430.62,426.89,426.89,South,Consumer,2024,2,Feb
509992,2024-07-24,21352,24,4,0.0,471.09,433.84,1735.36,Central,Consumer,2024,7,Jul
509993,2024-01-21,20357,27,1,0.15,282.82,297.69,253.04,West,Consumer,2024,1,Jan
509994,2025-09-17,23916,6,4,0.05,183.47,188.19,715.12,West,Small Business,2025,9,Sep
509995,2025-01-12,21870,16,4,0.05,113.27,108.52,412.38,Central,Corporate,2025,1,Jan
509996,2025-03-31,21968,24,4,0.0,471.09,467.94,1871.76,West,Consumer,2025,3,Mar
509997,2024-06-03,21404,14,2,0.0,323.49,339.29,678.58,South,Small Business,2024,6,Jun
509998,2024-07-12,20143,8,3,0.05,289.09,311.53,887.86,South,Consumer,2024,7,Jul
509999,2024-07-12,22047,30,2,0.0,300.75,294.58,589.16,Central,Corporate,2024,7,Jul
510000,2024-03-12,23592,10,4,0.15,452.53,462.86,1573.72,West,Consumer,2024,3,Mar
510001,2024-10-20,21669,15,4,0.05,203.7,210.51,799.94,West,Corporate,2024,10,Oct
510002,2025-01-02,21665,8,3,0.0,289.09,270.92,812.76,South,Consumer,2025,1,Jan
510003,2025-06-18,22094,3,2,0.0,379.36,366.18,732.36,South,Small Business,2025,6,Jun
510004,2025-07-11,22349,7,2,0.0,208.23,222.24,444.48,Central,Consumer,2025,7,Jul
510005,2024-09-27,22469,13,1,0.0,509.47,505.0,505.0,West,Consumer,2024,9,Sep
510006,2024-08-27,21064,18,1,0.0,376.89,362.63,362.63,South,Corporate,2024,8,Aug
510007,2024-01-07,20777,29,4,0.05,538.73,544.89,2070.58,Central,Consumer,2024,1,Jan
510008,2025-12-05,20130,19,1,0.05,495.95,475.12,451.36,West,Consumer,2025,12,Dec
510009,2024-05-11,20152,12,4,0.0,119.8,125.54,502.16,East,Small Business,2024,5,May
510010,2025-01-26,20377,23,4,0.05,430.62,459.89,1747.58,South,Consumer,2025,1,Jan
510011,2025-03-04,23524,23,1,0.15,430.62,441.24,375.05,South,Consumer,2025,3,Mar
510012,2025-09-13,21144,6,4,0.05,183.47,188.07,714.67,Central,Consumer,2025,9,Sep
510013,2024-03-31,23185,25,3,0.05,408.11,397.25,1132.16,Central,Small Business,2024,3,Mar
510014,2024-03-31,23333,15,2,0.0,203.7,204.04,408.08,Central,Consumer,2024,3,Mar
510015,2025-12-28,23634,25,1,0.05,408.11,428.96,407.51,South,Consumer,2025,12,Dec
510016,2025-02-02,23967,18,3,0.15,376.89,380.12,969.31,East,Consumer,2025,2,Feb
510017,2024-05-12,21820,2,2,0.1,177.67,166.3,299.34,Central,Consumer,2024,5,May
510018,2025-12-15,20445,11,4,0.05,526.43,529.76,2013.09,East,Small Business,2025,12,Dec
510019,2025-05-29,23345,3,2,0.05,379.36,354.28,673.13,East,Consumer,2025,5,May
510020,2024-11-13,22578,7,3,0.15,208.23,203.24,518.26,West,Consumer,2024,11,Nov
510021,2024-05-30,21914,3,2,0.0,379.36,406.59,813.18,East,Consumer,2024,5,May
510022,2025-07-22,23746,3,1,0.0,379.36,375.86,375.86,South,Consumer,2025,7,Jul
510023,2025-07-19,21933,12,4,0.0,119.8,127.53,510.12,Central,Corporate,2025,7,Jul
510024,2025-05-30,21240,9,1,0.1,308.58,307.22,276.5,East,Consumer,2025,5,May
510025,2025-07-06,21341,20,1,0.1,187.69,184.52,166.07,South,Consumer,2025,7,Jul
510026,2024-09-06,23709,16,1,0.1,113.27,114.31,102.88,West,Consumer,2024,9,Sep
510027,2025-08-26,21712,27,2,0.05,282.82,288.25,547.67,South,Consumer,2025,8,Aug
510028,2025-08-29,21866,6,2,0.1,183.47,189.76,341.57,South,Corporate,2025,8,Aug
510029,2024-03-09,22990,9,1,0.1,308.58,297.55,267.8,North,Consumer,2024,3,Mar
510030,2024-11-19,21385,27,1,0.15,282.82,265.4,225.59,Central,Consumer,2024,11,Nov
510031,2025-09-06,20475,28,4,0.0,297.74,296.59,1186.36,South,Consumer,2025,9,Sep
510032,2024-10-08,23263,22,2,0.0,356.25,364.22,728.44,South,Consumer,2024,10,Oct
510033,2024-09-06,22736,30,1,0.05,300.75,284.05,269.85,North,Consumer,2024,9,Sep
510034,2025-04-29,20407,4,3,0.0,453.41,419.41,1258.23,South,Small Business,2025,4,Apr
510035,2024-03-12,20747,29,1,0.0,538.73,561.1,561.1,Central,Corporate,2024,3,Mar
510036,2024-06-05,21953,7,1,0.05,208.23,205.77,195.48,Central,Consumer,2024,6,Jun
510037,2024-05-22,21214,28,2,0.15,297.74,306.2,520.54,Central,Small Business,2024,5,May
510038,2025-10-25,20816,2,3,0.0,177.67,163.71,491.13,South,Consumer,2025,10,Oct
510039,2024-06-23,23673,28,2,0.2,297.74,313.56,501.7,Central,Consumer,2024,6,Jun
510040,2024-02-18,21846,26,4,0.15,173.18,184.53,627.4,West,Consumer,2024,2,Feb
510041,2025-01-18,20035,13,2,0.05,509.47,478.19,908.56,Central,Corporate,2025,1,Jan
510042,2025-10-18,22109,7,4,0.05,208.23,196.5,746.7,Central,Consumer,2025,10,Oct
510043,2024-02-17,21249,3,4,0.1,379.36,382.05,1375.38,West,Small Business,2024,2,Feb
510044,2025-01-30,22498,30,4,0.0,300.75,284.58,1138.32,West,Small Business,2025,1,Jan
510045,2025-12-16,20652,28,2,0.0,297.74,286.39,572.78,West,Consumer,2025,12,Dec
510046,2025-05-04,20568,30,3,0.0,300.75,315.86,947.58,North,Consumer,2025,5,May
510047,2025-02-28,20578,25,1,0.0,408.11,424.44,424.44,South,Consumer,2025,2,Feb
510048,2025-11-30,23219,8,1,0.0,289.09,310.04,310.04,North,Small Business,2025,11,Nov
510049,2024-02-16,23429,24,1,0.1,471.09,500.56,450.5,Central,Corporate,2024,2,Feb
510050,2025-12-03,23675,28,3,0.0,297.74,288.31,864.93,Central,Small Business,2025,12,Dec
510051,2024-05-12,20816,24,2,0.05,471.09,507.68,964.59,South,Consumer,2024,5,May
510052,2025-09-15,23541,11,3,0.05,526.43,520.68,1483.94,West,Consumer,2025,9,Sep
510053,2025-07-03,20531,17,2,0.05,364.39,367.32,697.91,West,Consumer,2025,7,Jul
510054,2025-07-12,22297,10,2,0.1,452.53,442.6,796.68,East,Consumer,2025,7,Jul
510055,2024-10-19,21067,21,1,0.0,301.42,305.21,305.21,South,Consumer,2024,10,Oct
510056,2025-02-20,22698,28,4,0.2,297.74,297.82,953.02,Central,Consumer,2025,2,Feb
510057,2025-01-26,21321,2,1,0.0,177.67,171.88,171.88,North,Consumer,2025,1,Jan
510058,2024-06-14,23627,18,1,0.15,376.89,378.16,321.44,East,Consumer,2024,6,Jun
510059,2025-12-11,22144,10,4,0.05,452.53,467.79,1777.6,Central,Consumer,2025,12,Dec
510060,2024-11-17,20429,21,4,0.0,301.42,301.83,1207.32,West,Consumer,2024,11,Nov
510061,2025-06-26,21762,14,4,0.1,323.49,340.78,1226.81,Central,Consumer,2025,6,Jun
510062,2025-02-26,22828,13,3,0.0,509.47,540.43,1621.29,Central,Consumer,2025,2,Feb
510063,2024-02-18,22286,8,2,0.0,289.09,285.09,570.18,East,Consumer,2024,2,Feb
510064,2024-06-26,22274,16,2,0.15,113.27,117.94,200.5,West,Consumer,2024,6,Jun
510065,2025-12-19,21888,16,3,0.0,113.27,120.86,362.58,South,Small Business,2025,12,Dec
510066,2025-03-16,22873,24,4,0.2,471.09,490.59,1569.89,South,Consumer,2025,3,Mar
510067,2024-09-13,23144,9,4,0.15,308.58,307.2,1044.48,West,Small Business,2024,9,Sep
510068,2025-02-15,20785,6,2,0.0,183.47,189.54,379.08,West,Consumer,2025,2,Feb
510069,2025-01-24,23390,6,1,0.05,183.47,181.12,172.06,West,Consumer,2025,1,Jan
510070,2025-06-08,21190,30,1,0.1,300.75,292.32,263.09,North,Consumer,2025,6,Jun
510071,2025-11-11,20362,18,2,0.1,376.89,384.54,692.17,West,Small Business,2025,11,Nov
510072,2025-04-06,23667,25,4,0.1,408.11,379.53,1366.31,East,Consumer,2025,4,Apr
510073,2024-04-20,20240,17,3,0.0,364.39,344.94,1034.82,West,Consumer,2024,4,Apr
510074,2025-09-24,20374,9,2,0.1,308.58,311.63,560.93,East,Consumer,2025,9,Sep
510075,2024-04-09,22579,14,3,0.0,323.49,318.73,956.19,Central,Small Business,2024,4,Apr
510076,2024-11-02,23703,22,1,0.15,356.25,338.2,287.47,South,Consumer,2024,11,Nov
510077,2024-06-16,21580,25,1,0.15,408.11,436.74,371.23,Central,Consumer,2024,6,Jun
510078,2025-02-25,22883,1,2,0.05,118.77,128.22,243.62,South,Consumer,2025,2,Feb
510079,2025-11-21,23051,22,4,0.15,356.25,349.93,1189.76,Central,Small Business,2025,11,Nov
510080,2025-03-18,21029,23,1,0.05,430.62,444.9,422.66,South,Consumer,2025,3,Mar
510081,2024-01-09,23691,24,4,0.15,471.09,494.71,1682.01,East,Consumer,2024,1,Jan
510082,2024-09-11,22777,24,4,0.05,471.09,452.5,1719.5,West,Consumer,2024,9,Sep
510083,2024-06-22,23057,15,3,0.0,203.7,194.89,584.67,Central,Consumer,2024,6,Jun
510084,2025-04-28,23599,5,2,0.05,310.91,318.5,605.15,East,Corporate,2025,4,Apr
510085,2024-10-07,20055,23,4,0.0,430.62,421.28,1685.12,Central,Consumer,2024,10,Oct
510086,2024-08-29,20807,10,1,0.0,452.53,438.2,438.2,West,Corporate,2024,8,Aug
510087,2025-11-20,20058,3,1,0.2,379.36,395.2,316.16,East,Consumer,2025,11,Nov
510088,2025-07-22,22766,20,4,0.2,187.69,198.5,635.2,North,Corporate,2025,7,Jul
510089,2025-01-31,22423,2,4,0.05,177.67,165.38,628.44,West,Small Business,2025,1,Jan
510090,2025-10-25,23845,22,3,0.0,356.25,349.76,1049.28,East,Consumer,2025,10,Oct
510091,2025-05-29,22250,11,2,0.15,526.43,555.57,944.47,North,Corporate,2025,5,May
510092,2024-07-03,21010,3,1,0.0,379.36,393.51,393.51,South,Small Business,2024,7,Jul
510093,2024-09-17,22896,27,3,0.2,282.82,302.82,726.77,East,Small Business,2024,9,Sep
510094,2025-03-03,23663,13,4,0.05,509.47,514.38,1954.64,South,Consumer,2025,3,Mar
510095,2024-09-16,20471,3,4,0.0,379.36,396.02,1584.08,West,Consumer,2024,9,Sep
510096,2025-09-21,20517,15,4,0.1,203.7,195.13,702.47,West,Corporate,2025,9,Sep
510097,2024-10-19,20770,9,4,0.15,308.58,290.99,989.37,West,Consumer,2024,10,Oct
510098,2025-03-02,22910,21,3,0.1,301.42,281.86,761.02,North,Corporate,2025,3,Mar
510099,2024-02-14,21598,24,1,0.1,471.09,499.72,449.75,Central,Corporate,2024,2,Feb
510100,2024-11-03,20192,11,3,0.0,526.43,541.69,1625.07,South,Small Business,2024,11,Nov
510101,2024-08-09,23735,13,1,0.0,509.47,501.65,501.65,East,Small Business,2024,8,Aug
510102,2025-05-22,22116,11,2,0.15,526.43,547.25,930.32,South,Consumer,2025,5,May
510103,2025-10-05,20860,5,3,0.05,310.91,328.94,937.48,Central,Consumer,2025,10,Oct
510104,2024-10-21,20219,7,3,0.1,208.23,215.08,580.72,North,Consumer,2024,10,Oct
510105,2024-01-22,22312,18,3,0.1,376.89,348.83,941.84,East,Consumer,2024,1,Jan
510106,2024-12-15,23908,28,1,0.0,297.74,287.39,287.39,East,Small Business,2024,12,Dec
510107,2024-11-11,21096,24,1,0.0,471.09,439.49,439.49,West,Corporate,2024,11,Nov
510108,2025-12-26,23357,3,4,0.1,379.36,393.44,1416.38,South,Consumer,2025,12,Dec
510109,2024-04-28,20907,22,1,0.2,356.25,379.55,303.64,West,Consumer,2024,4,Apr
510110,2024-10-04,23447,15,1,0.2,203.7,202.9,162.32,South,Consumer,2024,10,Oct
510111,2024-02-04,22686,9,1,0.0,308.58,312.65,312.65,North,Consumer,2024,2,Feb
510112,2025-10-25,23702,5,1,0.05,310.91,323.05,306.9,Central,Corporate,2025,10,Oct
510113,2025-07-22,22181,9,1,0.0,308.58,284.02,284.02,Central,Small Business,2025,7,Jul
510114,2025-06-26,22882,1,4,0.05,118.77,116.33,442.05,South,Consumer,2025,6,Jun
510115,2025-03-22,20770,14,3,0.05,323.49,303.96,866.29,West,Consumer,2025,3,Mar
510116,2024-11-03,21161,21,3,0.0,301.42,302.7,908.1,Central,Consumer,2024,11,Nov
510117,2025-07-25,23700,12,2,0.2,119.8,112.53,180.05,South,Small Business,2025,7,Jul
510118,2025-10-21,24000,5,2,0.0,310.91,332.53,665.06,South,Small Business,2025,10,Oct
510119,2024-05-05,22611,12,2,0.15,119.8,120.11,204.19,South,Consumer,2024,5,May
510120,2024-04-20,21400,18,1,0.2,376.89,400.53,320.42,West,Consumer,2024,4,Apr
510121,2025-04-12,21705,19,2,0.2,495.95,499.85,799.76,East,Small Business,2025,4,Apr
510122,2025-11-28,23482,19,3,0.1,495.95,521.4,1407.78,Central,Small Business,2025,11,Nov
510123,2025-04-18,23064,6,2,0.1,183.47,173.09,311.56,North,Consumer,2025,4,Apr
510124,2025-05-31,23004,30,3,0.0,300.75,289.94,869.82,Central,Consumer,2025,5,May
510125,2024-08-28,22312,20,4,0.0,187.69,173.84,695.36,East,Consumer,2024,8,Aug
510126,2025-02-03,22542,13,1,0.2,509.47,550.0,440.0,North,Consumer,2025,2,Feb
510127,2024-04-15,23144,25,2,0.0,408.11,378.02,756.04,West,Small Business,2024,4,Apr
510128,2024-11-23,22689,3,4,0.05,379.36,349.32,1327.42,East,Small Business,2024,11,Nov
510129,2025-10-07,23464,10,4,0.0,452.53,452.72,1810.88,South,Small Business,2025,10,Oct
510130,2025-11-10,20001,14,1,0.0,323.49,345.23,345.23,Central,Small Business,2025,11,Nov
510131,2025-03-09,20609,30,3,0.0,300.75,308.6,925.8,South,Consumer,2025,3,Mar
510132,2025-08-14,22294,5,4,0.1,310.91,293.59,1056.92,Central,Consumer,2025,8,Aug
510133,2024-11-26,22588,23,4,0.1,430.62,424.9,1529.64,North,Consumer,2024,11,Nov
510134,2025-02-05,20380,16,3,0.05,113.27,111.34,317.32,East,Consumer,2025,2,Feb
510135,2024-09-18,21078,13,2,0.05,509.47,541.27,1028.41,East,Consumer,2024,9,Sep
510136,2025-08-18,23997,15,1,0.0,203.7,200.63,200.63,Central,Consumer,2025,8,Aug
510137,2024-02-07,23406,16,1,0.1,113.27,108.42,97.58,West,Corporate,2024,2,Feb
510138,2025-02-12,20844,14,2,0.0,323.49,312.27,624.54,East,Corporate,2025,2,Feb
510139,2024-08-11,20290,18,1,0.0,376.89,397.84,397.84,South,Consumer,2024,8,Aug
510140,2025-06-15,23396,24,3,0.05,471.09,474.84,1353.29,West,Small Business,2025,6,Jun
510141,2025-01-20,22405,17,1,0.0,364.39,339.2,339.2,Central,Consumer,2025,1,Jan
510142,2025-04-10,23165,12,2,0.05,119.8,124.36,236.28,West,Consumer,2025,4,Apr
510143,2025-06-12,20028,10,3,0.0,452.53,482.87,1448.61,Central,Consumer,2025,6,Jun
510144,2024-05-22,22683,23,2,0.1,430.62,458.74,825.73,West,Consumer,2024,5,May
510145,2025-07-21,21160,3,2,0.0,379.36,366.4,732.8,East,Small Business,2025,7,Jul
510146,2024-06-07,22305,24,4,0.05,471.09,455.23,1729.87,Central,Consumer,2024,6,Jun
510147,2025-04-09,23077,6,2,0.2,183.47,184.35,294.96,North,Corporate,2025,4,Apr
510148,2025-06-11,21713,11,1,0.1,526.43,506.86,456.17,West,Consumer,2025,6,Jun
510149,2024-03-23,23152,28,1,0.0,297.74,307.48,307.48,Central,Consumer,2024,3,Mar
510150,2024-07-23,23051,10,3,0.0,452.53,472.94,1418.82,Central,Small Business,2024,7,Jul
510151,2024-06-01,20956,9,2,0.15,308.58,325.1,552.67,East,Small Business,2024,6,Jun
510152,2025-10-15,21554,1,2,0.0,118.77,122.42,244.84,South,Consumer,2025,10,Oct
510153,2024-08-28,23409,30,3,0.1,300.75,317.49,857.22,East,Consumer,2024,8,Aug
510154,2025-01-24,23020,24,2,0.0,471.09,495.59,991.18,South,Small Business,2025,1,Jan
510155,2024-10-28,22001,10,1,0.0,452.53,428.39,428.39,Central,Consumer,2024,10,Oct
510156,2024-04-11,20732,23,2,0.2,430.62,453.59,725.74,Central,Consumer,2024,4,Apr
510157,2024-05-12,20070,26,3,0.15,173.18,170.17,433.93,West,Consumer,2024,5,May
510158,2025-07-14,23276,5,4,0.0,310.91,293.34,1173.36,Central,Consumer,2025,7,Jul
510159,2024-10-01,23458,2,4,0.1,177.67,184.12,662.83,West,Consumer,2024,10,Oct
510160,2025-07-01,23081,5,4,0.05,310.91,319.47,1213.99,West,Consumer,2025,7,Jul
510161,2025-08-18,22199,14,1,0.0,323.49,340.23,340.23,North,Consumer,2025,8,Aug
510162,2025-04-20,23049,24,3,0.1,471.09,440.57,1189.54,North,Small Business,2025,4,Apr
510163,2024-05-05,20799,15,2,0.1,203.7,217.29,391.12,South,Small Business,2024,5,May
510164,2025-10-26,21635,4,1,0.2,453.41,434.54,347.63,Central,Consumer,2025,10,Oct
510165,2025-03-17,21406,7,4,0.0,208.23,194.41,777.64,West,Consumer,2025,3,Mar
510166,2025-06-29,22809,24,4,0.0,471.09,472.2,1888.8,Central,Consumer,2025,6,Jun
510167,2025-11-09,23637,24,1,0.0,471.09,464.94,464.94,South,Consumer,2025,11,Nov
510168,2025-07-18,22039,7,1,0.05,208.23,200.96,190.91,North,Corporate,2025,7,Jul
510169,2024-12-10,21728,7,2,0.2,208.23,221.53,354.45,East,Small Business,2024,12,Dec
510170,2025-01-03,21077,15,2,0.1,203.7,188.41,339.14,Central,Consumer,2025,1,Jan
510171,2024-01-21,20931,3,4,0.15,379.36,399.83,1359.42,East,Small Business,2024,1,Jan
510172,2025-07-12,21878,6,2,0.2,183.47,171.67,274.67,North,Small Business,2025,7,Jul
510173,2024-06-16,20576,20,4,0.1,187.69,197.31,710.32,Central,Consumer,2024,6,Jun
510174,2024-11-08,21602,8,3,0.05,289.09,277.58,791.1,Central,Consumer,2024,11,Nov
510175,2024-12-25,23349,24,2,0.0,471.09,450.27,900.54,Central,Small Business,2024,12,Dec
510176,2024-11-24,20648,18,3,0.0,376.89,369.02,1107.06,Central,Consumer,2024,11,Nov
510177,2025-11-27,20914,11,1,0.05,526.43,524.62,498.39,Central,Consumer,2025,11,Nov
510178,2025-03-15,20061,26,3,0.15,173.18,164.58,419.68,West,Consumer,2025,3,Mar
510179,2025-09-04,21371,14,1,0.05,323.49,345.38,328.11,East,Small Business,2025,9,Sep
510180,2025-07-07,22618,18,4,0.05,376.89,364.91,1386.66,East,Consumer,2025,7,Jul
510181,2025-04-29,23947,16,2,0.05,113.27,107.68,204.59,East,Consumer,2025,4,Apr
510182,2024-03-07,22965,7,2,0.1,208.23,218.88,393.98,North,Consumer,2024,3,Mar
510183,2024-04-23,21204,10,1,0.05,452.53,437.05,415.2,Central,Consumer,2024,4,Apr
510184,2024-12-20,21239,17,4,0.05,364.39,388.17,1475.05,East,Consumer,2024,12,Dec
510185,2025-09-02,21614,1,2,0.05,118.77,125.17,237.82,South,Corporate,2025,9,Sep
510186,2024-01-10,23988,6,3,0.0,183.47,178.73,536.19,South,Consumer,2024,1,Jan
510187,2025-09-02,21386,1,4,0.0,118.77,125.16,500.64,West,Consumer,2025,9,Sep
510188,2025-01-01,20879,16,4,0.0,113.27,112.41,449.64,South,Consumer,2025,1,Jan
510189,2025-02-04,23583,11,2,0.2,526.43,502.99,804.78,West,Small Business,2025,2,Feb
510190,2024-11-12,22437,7,3,0.05,208.23,198.63,566.1,East,Consumer,2024,11,Nov
510191,2024-12-16,21852,30,3,0.0,300.75,292.54,877.62,Central,Consumer,2024,12,Dec
510192,2024-02-15,23265,24,4,0.05,471.09,498.89,1895.78,South,Consumer,2024,2,Feb
510193,2024-11-18,21615,16,2,0.0,113.27,117.18,234.36,East,Consumer,2024,11,Nov
510194,2024-09-16,22881,26,1,0.1,173.18,177.45,159.7,West,Small Business,2024,9,Sep
510195,2024-11-02,21249,1,3,0.05,118.77,118.21,336.9,West,Small Business,2024,11,Nov
510196,2024-07-25,21586,19,1,0.1,495.95,519.3,467.37,East,Corporate,2024,7,Jul
510197,2025-02-24,23102,30,3,0.1,300.75,293.63,792.8,East,Consumer,2025,2,Feb
510198,2025-10-14,23428,12,1,0.0,119.8,113.47,113.47,South,Consumer,2025,10,Oct
510199,2024-03-05,22997,29,1,0.0,538.73,502.09,502.09,Central,Consumer,2024,3,Mar
510200,2024-11-16,22979,26,1,0.0,173.18,183.66,183.66,South,Consumer,2024,11,Nov
510201,2024-07-02,21313,23,1,0.15,430.62,396.72,337.21,North,Consumer,2024,7,Jul
510202,2024-03-04,21024,11,4,0.0,526.43,567.21,2268.84,North,Small Business,2024,3,Mar
510203,2025-07-10,22310,15,2,0.1,203.7,219.98,395.96,South,Consumer,2025,7,Jul
510204,2024-10-19,22953,11,2,0.15,526.43,505.21,858.86,East,Consumer,2024,10,Oct
510205,2025-01-19,23226,20,3,0.05,187.69,198.39,565.41,Central,Consumer,2025,1,Jan
510206,2025-04-14,21323,4,1,0.0,453.41,449.26,449.26,Central,Small Business,2025,4,Apr
510207,2024-05-24,20997,22,3,0.1,356.25,379.46,1024.54,South,Small Business,2024,5,May
510208,2025-10-31,21054,27,1,0.0,282.82,277.47,277.47,Central,Small Business,2025,10,Oct
510209,2025-10-17,21422,20,1,0.0,187.69,188.19,188.19,West,Consumer,2025,10,Oct
510210,2025-09-29,21518,5,1,0.05,310.91,322.96,306.81,North,Corporate,2025,9,Sep
510211,2024-07-22,23725,1,3,0.0,118.77,121.08,363.24,Central,Consumer,2024,7,Jul
510212,2024-11-17,21598,29,3,0.0,538.73,513.68,1541.04,Central,Corporate,2024,11,Nov
510213,2024-07-17,20141,11,1,0.1,526.43,517.65,465.88,West,Consumer,2024,7,Jul
510214,2025-04-07,20056,22,2,0.1,356.25,355.14,639.25,Central,Small Business,2025,4,Apr
510215,2024-08-03,20856,20,4,0.15,187.69,194.7,661.98,South,Consumer,2024,8,Aug
510216,2025-12-08,21053,26,1,0.1,173.18,160.4,144.36,Central,Consumer,2025,12,Dec
510217,2024-06-29,20275,6,1,0.0,183.47,197.39,197.39,East,Small Business,2024,6,Jun
510218,2024-04-18,22736,15,1,0.0,203.7,201.25,201.25,North,Consumer,2024,4,Apr
510219,2024-12-23,23753,15,1,0.1,203.7,200.59,180.53,South,Small Business,2024,12,Dec
510220,2025-10-07,21494,8,4,0.05,289.09,306.21,1163.6,Central,Consumer,2025,10,Oct
510221,2024-01-22,21197,29,4,0.0,538.73,537.6,2150.4,West,Consumer,2024,1,Jan
510222,2025-09-10,22531,15,1,0.05,203.7,206.72,196.38,East,Corporate,2025,9,Sep
510223,2025-08-17,22091,25,4,0.0,408.11,422.01,1688.04,South,Consumer,2025,8,Aug
510224,2025-10-30,22620,25,3,0.0,408.11,394.87,1184.61,South,Consumer,2025,10,Oct
510225,2025-02-09,23483,11,4,0.0,526.43,566.9,2267.6,Central,Small Business,2025,2,Feb
510226,2025-12-07,23916,15,3,0.0,203.7,214.27,642.81,West,Small Business,2025,12,Dec
510227,2024-10-21,21047,12,3,0.05,119.8,125.61,357.99,South,Consumer,2024,10,Oct
510228,2024-04-30,21709,9,2,0.2,308.58,288.32,461.31,South,Small Business,2024,4,Apr
510229,2024-01-15,20348,4,1,0.05,453.41,451.5,428.92,South,Small Business,2024,1,Jan
510230,2025-02-13,22368,17,3,0.2,364.39,363.99,873.58,South,Consumer,2025,2,Feb
510231,2024-02-12,21223,6,1,0.05,183.47,170.8,162.26,East,Small Business,2024,2,Feb
510232,2024-05-01,22871,1,2,0.05,118.77,122.95,233.6,Central,Consumer,2024,5,May
510233,2025-12-03,21991,9,1,0.1,308.58,301.36,271.22,West,Consumer,2025,12,Dec
510234,2024-07-16,22705,23,1,0.0,430.62,423.29,423.29,Central,Consumer,2024,7,Jul
510235,2024-05-03,21924,9,1,0.15,308.58,315.24,267.95,West,Small Business,2024,5,May
510236,2025-08-03,22124,20,2,0.0,187.69,191.35,382.7,South,Small Business,2025,8,Aug
510237,2024-08-17,22527,29,4,0.1,538.73,568.38,2046.17,East,Consumer,2024,8,Aug
510238,2025-10-04,23178,7,4,0.05,208.23,221.2,840.56,Central,Small Business,2025,10,Oct
510239,2024-07-24,20524,30,2,0.1,300.75,300.92,541.66,North,Small Business,2024,7,Jul
510240,2024-11-30,22620,7,3,0.2,208.23,218.12,523.49,South,Consumer,2024,11,Nov
510241,2024-01-23,21800,21,4,0.1,301.42,307.65,1107.54,South,Consumer,2024,1,Jan
510242,2025-06-30,22676,24,2,0.0,471.09,448.65,897.3,West,Consumer,2025,6,Jun
510243,2025-10-23,22609,5,1,0.15,310.91,286.9,243.86,North,Consumer,2025,10,Oct
510244,2024-05-29,21144,9,1,0.0,308.58,289.09,289.09,Central,Consumer,2024,5,May
510245,2025-04-30,21792,14,3,0.05,323.49,313.81,894.36,South,Consumer,2025,4,Apr
510246,2024-11-26,23173,17,3,0.0,364.39,359.56,1078.68,South,Consumer,2024,11,Nov
510247,2025-09-26,22499,22,1,0.05,356.25,364.65,346.42,East,Consumer,2025,9,Sep
510248,2024-01-04,22255,17,2,0.05,364.39,362.86,689.43,South,Corporate,2024,1,Jan
510249,2025-12-04,23337,3,1,0.1,379.36,404.75,364.28,East,Consumer,2025,12,Dec
510250,2025-07-23,23379,19,1,0.0,495.95,467.45,467.45,North,Small Business,2025,7,Jul
510251,2025-01-07,20243,3,3,0.2,379.36,354.35,850.44,South,Consumer,2025,1,Jan
510252,2024-07-13,20629,2,2,0.0,177.67,190.09,380.18,West,Consumer,2024,7,Jul
510253,2024-07-22,22914,20,4,0.05,187.69,177.91,676.06,East,Consumer,2024,7,Jul
510254,2024-01-26,21559,14,2,0.15,323.49,337.82,574.29,Central,Consumer,2024,1,Jan
510255,2024-02-23,23945,11,3,0.05,526.43,520.95,1484.71,North,Consumer,2024,2,Feb
510256,2024-09-14,22803,24,2,0.0,471.09,451.65,903.3,West,Corporate,2024,9,Sep
510257,2025-04-02,20865,11,2,0.0,526.43,503.61,1007.22,East,Consumer,2025,4,Apr
510258,2024-09-18,23631,23,2,0.0,430.62,457.51,915.02,Central,Consumer,2024,9,Sep
510259,2024-03-01,20447,10,4,0.0,452.53,457.5,1830.0,Central,Consumer,2024,3,Mar
510260,2025-06-09,23465,13,3,0.0,509.47,531.57,1594.71,East,Corporate,2025,6,Jun
510261,2024-03-21,23030,9,4,0.1,308.58,310.79,1118.84,South,Small Business,2024,3,Mar
510262,2024-09-24,22444,4,4,0.0,453.41,423.1,1692.4,West,Consumer,2024,9,Sep
510263,2025-12-15,20334,8,3,0.1,289.09,281.94,761.24,West,Consumer,2025,12,Dec
510264,2024-08-07,22952,16,3,0.1,113.27,113.94,307.64,West,Corporate,2024,8,Aug
510265,2024-09-17,21988,14,4,0.1,323.49,323.56,1164.82,South,Corporate,2024,9,Sep
510266,2024-01-06,21644,19,4,0.0,495.95,518.53,2074.12,South,Consumer,2024,1,Jan
510267,2024-01-24,22482,29,2,0.05,538.73,559.67,1063.37,Central,Small Business,2024,1,Jan
510268,2025-07-25,20688,25,3,0.15,408.11,417.78,1065.34,Central,Small Business,2025,7,Jul
510269,2024-06-27,22552,30,2,0.05,300.75,320.48,608.91,North,Small Business,2024,6,Jun
510270,2024-02-23,21949,24,3,0.1,471.09,507.17,1369.36,North,Consumer,2024,2,Feb
510271,2025-10-20,22078,8,4,0.15,289.09,268.35,912.39,Central,Consumer,2025,10,Oct
510272,2024-09-07,23819,12,4,0.1,119.8,128.32,461.95,South,Small Business,2024,9,Sep
510273,2024-03-20,21467,12,1,0.05,119.8,117.21,111.35,South,Corporate,2024,3,Mar
510274,2024-06-29,21496,19,4,0.0,495.95,517.44,2069.76,Central,Corporate,2024,6,Jun
510275,2024-04-16,23398,4,1,0.1,453.41,464.96,418.46,West,Consumer,2024,4,Apr
510276,2025-11-29,22115,16,1,0.05,113.27,110.64,105.11,East,Corporate,2025,11,Nov
510277,2025-08-03,23868,28,4,0.0,297.74,313.71,1254.84,East,Consumer,2025,8,Aug
510278,2025-03-19,23773,7,3,0.05,208.23,194.47,554.24,Central,Consumer,2025,3,Mar
510279,2025-06-13,20826,16,4,0.05,113.27,108.41,411.96,Central,Corporate,2025,6,Jun
510280,2024-01-22,20406,8,1,0.0,289.09,302.19,302.19,Central,Consumer,2024,1,Jan
510281,2024-11-17,20759,20,3,0.0,187.69,188.21,564.63,East,Small Business,2024,11,Nov
510282,2025-05-08,20208,22,1,0.15,356.25,333.48,283.46,West,Consumer,2025,5,May
510283,2025-07-04,23260,18,3,0.0,376.89,385.36,1156.08,Central,Consumer,2025,7,Jul
510284,2025-10-07,22481,22,2,0.1,356.25,350.92,631.66,East,Consumer,2025,10,Oct
510285,2025-08-10,20502,8,1,0.05,289.09,269.06,255.61,North,Small Business,2025,8,Aug
510286,2025-05-03,21393,22,2,0.0,356.25,330.57,661.14,East,Consumer,2025,5,May
510287,2024-05-02,20128,3,1,0.2,379.36,355.56,284.45,South,Small Business,2024,5,May
510288,2025-01-17,22658,11,4,0.0,526.43,513.57,2054.28,Central,Small Business,2025,1,Jan
510289,2025-01-19,23402,14,2,0.05,323.49,327.99,623.18,East,Small Business,2025,1,Jan
510290,2024-08-26,21581,16,4,0.0,113.27,116.79,467.16,Central,Corporate,2024,8,Aug
510291,2025-03-21,22968,18,1,0.05,376.89,386.4,367.08,Central,Consumer,2025,3,Mar
510292,2025-03-28,22043,6,3,0.1,183.47,172.0,464.4,Central,Corporate,2025,3,Mar
510293,2025-07-25,22773,17,3,0.15,364.39,381.8,973.59,West,Corporate,2025,7,Jul
510294,2024-01-31,23863,21,1,0.05,301.42,315.88,300.09,West,Corporate,2024,1,Jan
510295,2024-06-04,21611,11,4,0.1,526.43,512.29,1844.24,West,Consumer,2024,6,Jun
510296,2024-06-13,21870,11,1,0.05,526.43,548.64,521.21,Central,Corporate,2024,6,Jun
510297,2024-06-18,21512,11,4,0.05,526.43,500.95,1903.61,South,Consumer,2024,6,Jun
510298,2025-11-03,22713,10,2,0.0,452.53,427.57,855.14,South,Corporate,2025,11,Nov
510299,2024-08-18,21655,20,3,0.05,187.69,187.69,534.92,West,Consumer,2024,8,Aug
510300,2025-06-03,23987,11,3,0.15,526.43,492.47,1255.8,Central,Consumer,2025,6,Jun
510301,2025-10-07,22547,6,4,0.0,183.47,185.54,742.16,Central,Corporate,2025,10,Oct
510302,2024-03-10,21593,2,3,0.0,177.67,178.75,536.25,South,Small Business,2024,3,Mar
510303,2025-07-28,21780,16,4,0.0,113.27,106.44,425.76,Central,Small Business,2025,7,Jul
510304,2025-05-05,20037,14,1,0.2,323.49,332.44,265.95,West,Small Business,2025,5,May
510305,2025-12-18,22006,27,4,0.0,282.82,282.89,1131.56,East,Consumer,2025,12,Dec
510306,2025-10-19,22815,16,3,0.2,113.27,105.74,253.78,Central,Corporate,2025,10,Oct
510307,2024-08-02,20894,14,3,0.2,323.49,328.62,788.69,North,Consumer,2024,8,Aug
510308,2025-05-05,22568,3,1,0.15,379.36,374.9,318.66,Central,Consumer,2025,5,May
510309,2024-05-28,22210,24,1,0.05,471.09,477.72,453.83,Central,Small Business,2024,5,May
510310,2025-03-07,21419,12,3,0.05,119.8,121.93,347.5,North,Small Business,2025,3,Mar
510311,2025-12-12,23235,6,4,0.0,183.47,180.53,722.12,West,Consumer,2025,12,Dec
510312,2024-12-27,22927,30,4,0.0,300.75,282.83,1131.32,Central,Consumer,2024,12,Dec
510313,2025-11-30,20742,1,4,0.0,118.77,121.23,484.92,North,Consumer,2025,11,Nov
510314,2025-03-08,23059,14,2,0.0,323.49,348.85,697.7,Central,Consumer,2025,3,Mar
510315,2025-10-26,20913,10,1,0.05,452.53,451.35,428.78,South,Consumer,2025,10,Oct
510316,2025-09-28,20921,13,4,0.0,509.47,533.19,2132.76,East,Consumer,2025,9,Sep
510317,2024-01-22,22177,17,3,0.1,364.39,388.79,1049.73,Central,Consumer,2024,1,Jan
510318,2024-08-18,20775,18,4,0.2,376.89,385.22,1232.7,Central,Consumer,2024,8,Aug
510319,2024-02-27,20207,19,1,0.05,495.95,472.32,448.7,Central,Corporate,2024,2,Feb
510320,2025-07-18,22726,11,1,0.0,526.43,540.55,540.55,West,Small Business,2025,7,Jul
510321,2025-06-14,23042,3,4,0.0,379.36,368.07,1472.28,Central,Corporate,2025,6,Jun
510322,2025-04-13,21706,4,1,0.1,453.41,430.45,387.4,East,Consumer,2025,4,Apr
510323,2024-03-16,21291,26,4,0.0,173.18,177.5,710.0,Central,Consumer,2024,3,Mar
510324,2024-04-05,20502,24,2,0.0,471.09,486.23,972.46,North,Small Business,2024,4,Apr
510325,2025-09-07,23094,28,1,0.05,297.74,317.55,301.67,Central,Consumer,2025,9,Sep
510326,2024-06-23,20448,24,4,0.15,471.09,486.74,1654.92,Central,Consumer,2024,6,Jun
510327,2025-02-27,22265,11,3,0.1,526.43,528.07,1425.79,West,Corporate,2025,2,Feb
510328,2025-10-07,20027,22,3,0.0,356.25,364.23,1092.69,South,Small Business,2025,10,Oct
510329,2024-08-21,22307,16,1,0.15,113.27,121.93,103.64,Central,Consumer,2024,8,Aug
510330,2024-08-25,20321,9,1,0.05,308.58,313.83,298.14,South,Small Business,2024,8,Aug
510331,2024-05-17,20480,14,4,0.05,323.49,320.86,1219.27,North,Consumer,2024,5,May
510332,2024-10-26,22692,17,2,0.1,364.39,371.01,667.82,Central,Small Business,2024,10,Oct
510333,2025-03-17,21281,17,2,0.05,364.39,377.76,717.74,Central,Consumer,2025,3,Mar
510334,2024-08-31,23751,15,1,0.15,203.7,215.86,183.48,Central,Consumer,2024,8,Aug
510335,2024-06-25,22498,6,4,0.0,183.47,174.63,698.52,West,Small Business,2024,6,Jun
510336,2025-02-10,23183,21,1,0.0,301.42,282.89,282.89,Central,Corporate,2025,2,Feb
510337,2024-02-09,20582,12,3,0.0,119.8,119.27,357.81,Central,Consumer,2024,2,Feb
510338,2024-02-18,21925,22,4,0.05,356.25,370.69,1408.62,Central,Consumer,2024,2,Feb
510339,2025-04-17,21780,4,3,0.1,453.41,423.89,1144.5,Central,Small Business,2025,4,Apr
510340,2024-11-18,22779,12,4,0.2,119.8,127.51,408.03,Central,Small Business,2024,11,Nov
510341,2025-12-12,20087,28,3,0.0,297.74,319.38,958.14,South,Corporate,2025,12,Dec
510342,2024-12-31,22362,24,4,0.05,471.09,508.09,1930.74,Central,Consumer,2024,12,Dec
510343,2024-08-29,23413,17,2,0.15,364.39,372.26,632.84,West,Small Business,2024,8,Aug
510344,2025-08-18,20928,19,2,0.1,495.95,514.68,926.42,Central,Small Business,2025,8,Aug
510345,2024-03-12,21079,3,4,0.05,379.36,371.28,1410.86,West,Small Business,2024,3,Mar
510346,2024-06-04,21598,23,4,0.0,430.62,459.25,1837.0,Central,Corporate,2024,6,Jun
510347,2025-07-16,23041,3,2,0.05,379.36,355.76,675.94,South,Consumer,2025,7,Jul
510348,2024-10-10,21914,22,1,0.0,356.25,346.87,346.87,East,Consumer,2024,10,Oct
510349,2024-11-27,23314,8,4,0.05,289.09,309.64,1176.63,South,Small Business,2024,11,Nov
510350,2025-01-20,21088,24,1,0.0,471.09,472.69,472.69,South,Corporate,2025,1,Jan
510351,2025-03-09,23788,20,1,0.05,187.69,194.2,184.49,Central,Consumer,2025,3,Mar
510352,2025-08-14,23761,18,1,0.05,376.89,378.11,359.2,West,Consumer,2025,8,Aug
510353,2025-02-19,21234,6,3,0.0,183.47,168.92,506.76,South,Small Business,2025,2,Feb
510354,2025-05-28,21114,19,3,0.0,495.95,476.17,1428.51,Central,Corporate,2025,5,May
510355,2025-07-28,23064,19,1,0.05,495.95,473.04,449.39,North,Consumer,2025,7,Jul
510356,2024-02-02,22779,4,2,0.0,453.41,430.29,860.58,Central,Small Business,2024,2,Feb
510357,2025-01-13,22813,15,3,0.0,203.7,201.79,605.37,Central,Consumer,2025,1,Jan
510358,2024-09-12,21313,16,2,0.1,113.27,118.14,212.65,North,Consumer,2024,9,Sep
510359,2024-10-05,22606,8,1,0.0,289.09,287.95,287.95,North,Consumer,2024,10,Oct
510360,2024-06-07,21915,28,2,0.0,297.74,313.48,626.96,West,Corporate,2024,6,Jun
510361,2025-06-23,23614,17,4,0.05,364.39,351.81,1336.88,North,Consumer,2025,6,Jun
510362,2024-03-30,22824,9,1,0.1,308.58,301.21,271.09,West,Small Business,2024,3,Mar
510363,2024-03-24,22578,24,2,0.05,471.09,495.44,941.34,West,Consumer,2024,3,Mar
510364,2024-07-20,23047,12,1,0.15,119.8,124.19,105.56,East,Small Business,2024,7,Jul
510365,2025-11-22,21897,4,4,0.1,453.41,419.83,1511.39,Central,Small Business,2025,11,Nov
510366,2025-02-21,20938,18,1,0.05,376.89,376.68,357.85,East,Consumer,2025,2,Feb
510367,2024-10-31,22196,19,2,0.0,495.95,460.44,920.88,Central,Consumer,2024,10,Oct
510368,2025-08-20,22193,9,1,0.15,308.58,322.13,273.81,East,Small Business,2025,8,Aug
510369,2024-01-26,21764,4,3,0.2,453.41,451.69,1084.06,Central,Consumer,2024,1,Jan
510370,2025-10-08,22554,7,2,0.05,208.23,213.07,404.83,Central,Small Business,2025,10,Oct
510371,2024-09-01,21877,18,1,0.1,376.89,370.58,333.52,Central,Consumer,2024,9,Sep
510372,2024-09-02,20141,28,3,0.05,297.74,275.46,785.06,West,Consumer,2024,9,Sep
510373,2025-10-07,23542,8,3,0.05,289.09,272.88,777.71,East,Small Business,2025,10,Oct
510374,2024-06-17,23032,2,1,0.05,177.67,170.0,161.5,Central,Consumer,2024,6,Jun
510375,2024-06-26,23957,20,3,0.2,187.69,174.02,417.65,Central,Consumer,2024,6,Jun
510376,2025-02-23,22502,8,3,0.0,289.09,280.74,842.22,North,Corporate,2025,2,Feb
510377,2024-06-20,23501,21,1,0.05,301.42,292.02,277.42,West,Corporate,2024,6,Jun
510378,2025-05-02,22561,20,2,0.0,187.69,196.22,392.44,Central,Consumer,2025,5,May
510379,2025-03-13,23935,13,1,0.15,509.47,491.43,417.72,South,Consumer,2025,3,Mar
510380,2025-02-08,20814,26,1,0.2,173.18,183.84,147.07,West,Consumer,2025,2,Feb
510381,2024-11-28,21078,15,1,0.05,203.7,195.81,186.02,East,Consumer,2024,11,Nov
510382,2025-08-29,21971,5,4,0.0,310.91,305.43,1221.72,Central,Consumer,2025,8,Aug
510383,2025-07-06,20931,10,1,0.1,452.53,431.12,388.01,East,Small Business,2025,7,Jul
510384,2024-10-16,22276,10,1,0.0,452.53,466.91,466.91,Central,Consumer,2024,10,Oct
510385,2024-05-24,21509,8,1,0.05,289.09,275.72,261.93,North,Consumer,2024,5,May
510386,2024-08-30,21386,25,2,0.0,408.11,395.7,791.4,West,Consumer,2024,8,Aug
510387,2024-04-18,21392,19,3,0.0,495.95,516.65,1549.95,North,Small Business,2024,4,Apr
510388,2025-02-18,22738,5,2,0.0,310.91,314.28,628.56,Central,Small Business,2025,2,Feb
510389,2025-10-17,20573,11,4,0.1,526.43,519.59,1870.52,South,Consumer,2025,10,Oct
510390,2025-04-27,20158,2,4,0.05,177.67,190.14,722.53,West,Consumer,2025,4,Apr
510391,2025-08-09,23579,2,4,0.15,177.67,174.2,592.28,West,Corporate,2025,8,Aug
510392,2024-09-01,22027,2,4,0.05,177.67,182.55,693.69,West,Consumer,2024,9,Sep
510393,2025-11-20,23244,2,2,0.0,177.67,184.4,368.8,Central,Corporate,2025,11,Nov
510394,2024-07-04,20239,27,1,0.0,282.82,301.19,301.19,East,Small Business,2024,7,Jul
510395,2025-02-25,20970,8,2,0.0,289.09,282.84,565.68,Central,Corporate,2025,2,Feb
510396,2025-12-07,21752,25,1,0.05,408.11,397.43,377.56,West,Consumer,2025,12,Dec
510397,2024-01-10,22063,21,2,0.05,301.42,280.66,533.25,West,Small Business,2024,1,Jan
510398,2025-06-01,23568,15,2,0.0,203.7,193.08,386.16,South,Corporate,2025,6,Jun
510399,2024-12-22,20557,28,4,0.05,297.74,289.53,1100.21,South,Consumer,2024,12,Dec
510400,2025-03-24,21798,28,2,0.1,297.74,288.81,519.86,Central,Consumer,2025,3,Mar
510401,2025-08-26,20639,20,1,0.0,187.69,174.58,174.58,South,Consumer,2025,8,Aug
510402,2024-07-27,23926,3,1,0.0,379.36,355.4,355.4,Central,Consumer,2024,7,Jul
510403,2025-12-12,22652,4,3,0.05,453.41,437.25,1246.16,Central,Corporate,2025,12,Dec
510404,2025-11-04,23018,2,3,0.05,177.67,172.13,490.57,West,Small Business,2025,11,Nov
510405,2025-01-18,22494,14,2,0.1,323.49,299.14,538.45,East,Corporate,2025,1,Jan
510406,2025-01-21,23787,15,4,0.1,203.7,206.88,744.77,Central,Small Business,2025,1,Jan
510407,2025-06-27,23897,15,4,0.15,203.7,195.28,663.95,Central,Consumer,2025,6,Jun
510408,2024-07-16,23502,24,1,0.05,471.09,465.15,441.89,East,Consumer,2024,7,Jul
510409,2024-09-08,20835,3,4,0.1,379.36,393.13,1415.27,Central,Consumer,2024,9,Sep
510410,2024-09-21,23427,3,4,0.0,379.36,363.18,1452.72,Central,Consumer,2024,9,Sep
510411,2024-03-05,21037,24,3,0.0,471.09,484.51,1453.53,Central,Consumer,2024,3,Mar
510412,2024-09-29,21321,11,1,0.0,526.43,554.91,554.91,North,Consumer,2024,9,Sep
510413,2025-12-10,20065,24,1,0.1,471.09,506.67,456.0,Central,Small Business,2025,12,Dec
510414,2024-01-25,23291,5,4,0.15,310.91,314.04,1067.74,West,Corporate,2024,1,Jan
510415,2025-09-01,23628,24,4,0.0,471.09,462.81,1851.24,West,Small Business,2025,9,Sep
510416,2024-10-26,21347,22,4,0.05,356.25,347.7,1321.26,North,Consumer,2024,10,Oct
510417,2024-08-29,23110,3,3,0.05,379.36,370.82,1056.84,North,Small Business,2024,8,Aug
510418,2024-07-09,23391,9,3,0.15,308.58,297.91,759.67,Central,Small Business,2024,7,Jul
510419,2024-06-01,22296,12,4,0.0,119.8,120.65,482.6,Central,Small Business,2024,6,Jun
510420,2024-11-26,21877,17,4,0.05,364.39,347.73,1321.37,Central,Consumer,2024,11,Nov
510421,2024-07-07,22569,16,2,0.1,113.27,107.49,193.48,East,Small Business,2024,7,Jul
510422,2025-02-13,20034,1,3,0.0,118.77,110.72,332.16,Central,Corporate,2025,2,Feb
510423,2025-07-12,21811,18,2,0.0,376.89,389.9,779.8,Central,Corporate,2025,7,Jul
510424,2024-09-02,23656,13,4,0.0,509.47,514.14,2056.56,Central,Small Business,2024,9,Sep
510425,2025-10-03,21351,13,1,0.1,509.47,520.53,468.48,South,Small Business,2025,10,Oct
510426,2024-01-23,22788,3,3,0.0,379.36,399.48,1198.44,Central,Consumer,2024,1,Jan
510427,2024-04-12,20149,4,1,0.0,453.41,470.29,470.29,Central,Corporate,2024,4,Apr
510428,2025-11-09,22747,28,1,0.0,297.74,295.94,295.94,Central,Corporate,2025,11,Nov
510429,2025-09-05,21311,5,2,0.1,310.91,295.84,532.51,West,Consumer,2025,9,Sep
510430,2024-03-26,23507,20,2,0.05,187.69,174.56,331.66,Central,Small Business,2024,3,Mar
510431,2024-11-02,22938,21,3,0.0,301.42,302.3,906.9,Central,Consumer,2024,11,Nov
510432,2024-09-13,23847,17,2,0.15,364.39,345.23,586.89,North,Corporate,2024,9,Sep
510433,2024-03-15,20384,6,2,0.0,183.47,187.03,374.06,East,Consumer,2024,3,Mar
510434,2025-06-15,23066,10,4,0.0,452.53,446.23,1784.92,South,Consumer,2025,6,Jun
510435,2024-11-12,21153,18,3,0.05,376.89,360.37,1027.05,Central,Consumer,2024,11,Nov
510436,2025-10-04,22280,1,2,0.15,118.77,121.06,205.8,South,Consumer,2025,10,Oct
510437,2024-09-13,20951,27,1,0.15,282.82,291.92,248.13,East,Consumer,2024,9,Sep
510438,2025-04-17,20714,12,3,0.1,119.8,117.69,317.76,South,Consumer,2025,4,Apr
510439,2025-10-20,23341,9,1,0.05,308.58,302.14,287.03,East,Corporate,2025,10,Oct
510440,2024-06-24,22870,7,2,0.05,208.23,202.6,384.94,East,Consumer,2024,6,Jun
510441,2024-10-18,22084,29,4,0.1,538.73,505.63,1820.27,North,Small Business,2024,10,Oct
510442,2025-04-30,22007,15,1,0.1,203.7,214.01,192.61,North,Small Business,2025,4,Apr
510443,2025-05-17,22071,13,3,0.0,509.47,485.59,1456.77,North,Small Business,2025,5,May
510444,2024-10-21,22104,4,1,0.15,453.41,434.6,369.41,Central,Consumer,2024,10,Oct
510445,2024-02-25,23123,30,3,0.1,300.75,285.13,769.85,Central,Consumer,2024,2,Feb
510446,2025-06-28,22616,17,1,0.2,364.39,381.19,304.95,East,Small Business,2025,6,Jun
510447,2025-05-22,23536,7,1,0.0,208.23,206.91,206.91,West,Consumer,2025,5,May
510448,2024-10-16,23036,25,2,0.0,408.11,375.59,751.18,West,Small Business,2024,10,Oct
510449,2025-08-19,20938,17,2,0.0,364.39,348.34,696.68,East,Consumer,2025,8,Aug
510450,2024-03-05,21043,13,2,0.05,509.47,490.2,931.38,East,Corporate,2024,3,Mar
510451,2025-01-30,22003,24,1,0.0,471.09,446.71,446.71,Central,Consumer,2025,1,Jan
510452,2025-01-20,21270,2,2,0.1,177.67,175.31,315.56,Central,Consumer,2025,1,Jan
510453,2024-03-09,22687,16,4,0.15,113.27,120.28,408.95,South,Consumer,2024,3,Mar
510454,2024-01-31,20964,18,4,0.0,376.89,347.17,1388.68,West,Corporate,2024,1,Jan
510455,2025-12-22,21782,26,3,0.15,173.18,163.63,417.26,West,Small Business,2025,12,Dec
510456,2025-03-31,23020,29,1,0.0,538.73,524.62,524.62,South,Small Business,2025,3,Mar
510457,2025-09-12,22102,14,1,0.05,323.49,320.06,304.06,West,Consumer,2025,9,Sep
510458,2024-08-19,21857,29,2,0.0,538.73,511.0,1022.0,Central,Small Business,2024,8,Aug
510459,2025-01-12,23880,15,4,0.0,203.7,203.62,814.48,Central,Corporate,2025,1,Jan
510460,2025-10-06,22382,12,1,0.1,119.8,117.6,105.84,West,Consumer,2025,10,Oct
510461,2024-11-15,23038,17,1,0.0,364.39,388.9,388.9,East,Small Business,2024,11,Nov
510462,2025-01-01,22129,13,3,0.1,509.47,470.61,1270.65,East,Consumer,2025,1,Jan
510463,2025-09-22,22602,16,1,0.0,113.27,120.79,120.79,East,Consumer,2025,9,Sep
510464,2024-01-25,23392,9,2,0.0,308.58,319.21,638.42,North,Consumer,2024,1,Jan
510465,2025-02-06,20800,29,1,0.1,538.73,509.46,458.51,North,Consumer,2025,2,Feb
510466,2025-04-11,22329,28,4,0.0,297.74,296.91,1187.64,Central,Consumer,2025,4,Apr
510467,2025-09-17,21320,23,3,0.0,430.62,457.6,1372.8,East,Consumer,2025,9,Sep
510468,2025-08-30,23921,7,3,0.0,208.23,199.28,597.84,South,Consumer,2025,8,Aug
510469,2024-05-04,21837,26,1,0.1,173.18,173.78,156.4,Central,Consumer,2024,5,May
510470,2024-02-02,22388,17,2,0.05,364.39,385.13,731.75,East,Consumer,2024,2,Feb
510471,2024-05-24,20152,20,4,0.0,187.69,175.65,702.6,East,Small Business,2024,5,May
510472,2025-06-28,22010,15,4,0.05,203.7,208.36,791.77,West,Consumer,2025,6,Jun
510473,2024-06-15,21673,21,2,0.0,301.42,285.97,571.94,North,Consumer,2024,6,Jun
510474,2025-07-10,20249,3,3,0.0,379.36,352.38,1057.14,Central,Consumer,2025,7,Jul
510475,2025-11-16,20006,27,4,0.0,282.82,296.27,1185.08,East,Consumer,2025,11,Nov
510476,2025-05-12,21695,16,2,0.0,113.27,115.68,231.36,Central,Consumer,2025,5,May
510477,2024-03-29,23379,17,3,0.0,364.39,385.44,1156.32,North,Small Business,2024,3,Mar
510478,2024-12-24,21343,17,2,0.05,364.39,392.03,744.86,West,Consumer,2024,12,Dec
510479,2024-07-20,23355,29,3,0.05,538.73,510.21,1454.1,Central,Corporate,2024,7,Jul
510480,2025-04-18,22329,9,3,0.05,308.58,296.28,844.4,Central,Consumer,2025,4,Apr
510481,2024-11-16,22413,11,1,0.1,526.43,486.52,437.87,North,Consumer,2024,11,Nov
510482,2024-12-23,21397,6,2,0.0,183.47,186.27,372.54,Central,Corporate,2024,12,Dec
510483,2025-03-19,23060,17,3,0.0,364.39,356.65,1069.95,North,Small Business,2025,3,Mar
510484,2024-10-02,21238,14,3,0.1,323.49,303.91,820.56,South,Small Business,2024,10,Oct
510485,2025-11-19,22753,9,2,0.0,308.58,296.52,593.04,South,Corporate,2025,11,Nov
510486,2024-02-06,23996,29,2,0.0,538.73,549.61,1099.22,Central,Consumer,2024,2,Feb
510487,2025-06-14,22296,12,1,0.1,119.8,115.69,104.12,Central,Small Business,2025,6,Jun
510488,2024-12-28,21281,29,1,0.15,538.73,528.32,449.07,Central,Consumer,2024,12,Dec
510489,2025-05-21,21815,25,4,0.0,408.11,379.65,1518.6,East,Corporate,2025,5,May
510490,2025-07-26,23405,12,3,0.0,119.8,114.06,342.18,Central,Small Business,2025,7,Jul
510491,2025-09-24,22083,17,4,0.0,364.39,363.26,1453.04,East,Consumer,2025,9,Sep
510492,2024-02-07,23239,24,2,0.0,471.09,472.17,944.34,Central,Consumer,2024,2,Feb
510493,2024-09-26,23573,7,1,0.15,208.23,199.57,169.63,Central,Consumer,2024,9,Sep
510494,2024-01-28,21298,24,4,0.0,471.09,496.86,1987.44,East,Consumer,2024,1,Jan
510495,2024-09-01,20550,26,3,0.2,173.18,186.1,446.64,Central,Consumer,2024,9,Sep
510496,2024-05-03,21522,29,4,0.0,538.73,561.84,2247.36,North,Consumer,2024,5,May
510497,2025-04-24,20718,22,1,0.0,356.25,327.86,327.86,Central,Corporate,2025,4,Apr
510498,2024-08-03,22966,20,2,0.0,187.69,186.62,373.24,North,Consumer,2024,8,Aug
510499,2024-12-20,22315,26,2,0.05,173.18,164.12,311.83,East,Corporate,2024,12,Dec
510500,2024-12-31,21544,9,1,0.05,308.58,318.67,302.74,Central,Consumer,2024,12,Dec
510501,2024-02-26,23226,17,4,0.05,364.39,340.62,1294.36,Central,Consumer,2024,2,Feb
510502,2025-08-28,20166,30,2,0.0,300.75,283.63,567.26,West,Consumer,2025,8,Aug
510503,2024-12-06,20351,4,4,0.2,453.41,422.57,1352.22,West,Small Business,2024,12,Dec
510504,2024-01-22,22013,11,1,0.0,526.43,528.69,528.69,West,Consumer,2024,1,Jan
510505,2024-03-14,20903,21,1,0.05,301.42,283.19,269.03,Central,Small Business,2024,3,Mar
510506,2025-07-25,22124,5,4,0.05,310.91,320.12,1216.46,South,Small Business,2025,7,Jul
510507,2025-11-15,20586,25,1,0.0,408.11,381.84,381.84,West,Corporate,2025,11,Nov
510508,2025-06-06,21331,15,4,0.1,203.7,199.96,719.86,North,Small Business,2025,6,Jun
510509,2024-08-03,22372,21,4,0.0,301.42,319.14,1276.56,West,Small Business,2024,8,Aug
510510,2024-12-30,20214,29,1,0.0,538.73,523.17,523.17,West,Small Business,2024,12,Dec
510511,2024-07-19,21480,29,3,0.1,538.73,541.78,1462.81,East,Consumer,2024,7,Jul
510512,2024-05-20,21752,20,3,0.05,187.69,189.38,539.73,West,Consumer,2024,5,May
510513,2025-09-24,23308,9,2,0.1,308.58,313.18,563.72,West,Consumer,2025,9,Sep
510514,2024-03-03,23849,19,2,0.05,495.95,478.65,909.44,Central,Corporate,2024,3,Mar
510515,2024-11-10,20500,22,3,0.0,356.25,337.83,1013.49,Central,Small Business,2024,11,Nov
510516,2024-04-25,23720,10,4,0.0,452.53,477.31,1909.24,Central,Consumer,2024,4,Apr
510517,2024-12-25,23908,22,4,0.05,356.25,382.2,1452.36,East,Small Business,2024,12,Dec
510518,2024-08-31,23338,22,4,0.15,356.25,380.07,1292.24,Central,Corporate,2024,8,Aug
510519,2024-10-12,22645,16,2,0.0,113.27,105.31,210.62,East,Consumer,2024,10,Oct
510520,2025-01-23,21481,6,3,0.0,183.47,174.96,524.88,South,Consumer,2025,1,Jan
510521,2024-08-22,20433,21,1,0.15,301.42,309.53,263.1,Central,Small Business,2024,8,Aug
510522,2024-09-12,20734,3,1,0.15,379.36,359.28,305.39,Central,Small Business,2024,9,Sep
510523,2024-07-31,23921,8,1,0.05,289.09,305.4,290.13,South,Consumer,2024,7,Jul
510524,2025-02-12,23901,27,1,0.05,282.82,298.38,283.46,East,Consumer,2025,2,Feb
510525,2025-05-03,22854,1,3,0.2,118.77,112.83,270.79,West,Consumer,2025,5,May
510526,2025-10-06,23437,16,3,0.0,113.27,117.68,353.04,South,Consumer,2025,10,Oct
510527,2025-12-27,22003,12,2,0.1,119.8,116.81,210.26,Central,Consumer,2025,12,Dec
510528,2024-04-04,20782,27,3,0.0,282.82,293.2,879.6,West,Small Business,2024,4,Apr
510529,2025-05-24,22957,7,3,0.0,208.23,212.13,636.39,Central,Consumer,2025,5,May
510530,2025-10-15,21703,2,4,0.0,177.67,169.32,677.28,Central,Consumer,2025,10,Oct
510531,2024-03-30,22085,15,2,0.0,203.7,210.07,420.14,Central,Consumer,2024,3,Mar
510532,2024-05-22,22408,22,2,0.0,356.25,347.1,694.2,North,Corporate,2024,5,May
510533,2024-04-17,23210,1,3,0.05,118.77,118.49,337.7,West,Consumer,2024,4,Apr
510534,2024-12-26,22436,4,1,0.1,453.41,436.7,393.03,East,Small Business,2024,12,Dec
510535,2025-08-06,23254,11,2,0.1,526.43,485.89,874.6,South,Corporate,2025,8,Aug
510536,2025-06-20,22581,5,3,0.0,310.91,306.29,918.87,Central,Consumer,2025,6,Jun
510537,2025-05-26,20874,14,4,0.0,323.49,298.91,1195.64,Central,Consumer,2025,5,May
510538,2025-05-24,23802,7,3,0.0,208.23,198.1,594.3,South,Consumer,2025,5,May
510539,2025-08-31,20937,26,4,0.0,173.18,184.42,737.68,Central,Small Business,2025,8,Aug
510540,2025-07-08,20619,2,3,0.2,177.67,188.44,452.26,North,Consumer,2025,7,Jul
510541,2024-12-17,23209,1,3,0.0,118.77,118.92,356.76,North,Consumer,2024,12,Dec
510542,2025-06-05,23580,30,3,0.05,300.75,303.39,864.66,Central,Consumer,2025,6,Jun
510543,2024-01-30,20987,28,3,0.15,297.74,300.07,765.18,Central,Corporate,2024,1,Jan
510544,2024-01-12,21107,20,3,0.05,187.69,196.9,561.16,Central,Consumer,2024,1,Jan
510545,2024-11-28,20686,3,1,0.05,379.36,382.48,363.36,South,Consumer,2024,11,Nov
510546,2024-12-28,22207,28,1,0.0,297.74,300.82,300.82,South,Consumer,2024,12,Dec
510547,2025-08-16,21927,6,4,0.1,183.47,184.95,665.82,East,Consumer,2025,8,Aug
510548,2024-10-04,22215,5,2,0.1,310.91,310.23,558.41,Central,Corporate,2024,10,Oct
510549,2024-07-06,21109,2,4,0.15,177.67,179.27,609.52,West,Consumer,2024,7,Jul
510550,2025-11-09,22791,24,4,0.05,471.09,503.37,1912.81,East,Consumer,2025,11,Nov
510551,2025-05-23,21319,16,1,0.0,113.27,109.72,109.72,West,Consumer,2025,5,May
510552,2025-11-28,21404,3,3,0.1,379.36,405.98,1096.15,South,Small Business,2025,11,Nov
510553,2025-04-05,21762,16,4,0.0,113.27,114.26,457.04,Central,Consumer,2025,4,Apr
510554,2024-07-06,20461,5,3,0.0,310.91,304.2,912.6,North,Consumer,2024,7,Jul
510555,2024-08-08,21525,22,3,0.05,356.25,334.63,953.7,South,Consumer,2024,8,Aug
510556,2025-06-04,23382,27,2,0.05,282.82,304.38,578.32,South,Consumer,2025,6,Jun
510557,2024-04-25,21109,28,3,0.1,297.74,295.21,797.07,West,Consumer,2024,4,Apr
510558,2024-06-22,20722,6,2,0.05,183.47,191.84,364.5,South,Consumer,2024,6,Jun
510559,2025-07-11,22987,15,3,0.05,203.7,208.31,593.68,North,Corporate,2025,7,Jul
510560,2025-07-01,20959,25,4,0.05,408.11,383.21,1456.2,Central,Consumer,2025,7,Jul
510561,2025-04-25,22923,27,1,0.0,282.82,266.99,266.99,South,Small Business,2025,4,Apr
510562,2024-08-06,20317,28,4,0.15,297.74,309.24,1051.42,Central,Corporate,2024,8,Aug
510563,2024-02-21,20768,4,4,0.0,453.41,456.46,1825.84,Central,Small Business,2024,2,Feb
510564,2025-06-18,22038,2,1,0.05,177.67,172.4,163.78,South,Small Business,2025,6,Jun
510565,2024-07-07,23606,12,1,0.15,119.8,114.42,97.26,North,Consumer,2024,7,Jul
510566,2024-01-20,22424,29,1,0.0,538.73,573.58,573.58,North,Small Business,2024,1,Jan
510567,2025-02-17,20608,2,4,0.05,177.67,168.93,641.93,Central,Small Business,2025,2,Feb
510568,2025-05-28,22086,17,1,0.0,364.39,389.25,389.25,Central,Consumer,2025,5,May
510569,2024-10-27,20221,10,1,0.1,452.53,466.68,420.01,East,Small Business,2024,10,Oct
510570,2024-11-03,20339,19,1,0.05,495.95,479.56,455.58,South,Consumer,2024,11,Nov
510571,2024-11-30,20745,21,3,0.15,301.42,305.72,779.59,South,Consumer,2024,11,Nov
510572,2025-06-23,23351,26,4,0.0,173.18,178.11,712.44,East,Small Business,2025,6,Jun
510573,2025-10-05,23625,24,1,0.15,471.09,460.02,391.02,East,Consumer,2025,10,Oct
510574,2024-03-07,20249,21,3,0.05,301.42,309.71,882.67,Central,Consumer,2024,3,Mar
510575,2024-05-14,21408,14,4,0.2,323.49,321.25,1028.0,Central,Consumer,2024,5,May
510576,2025-09-26,23927,29,2,0.0,538.73,514.23,1028.46,West,Small Business,2025,9,Sep
510577,2024-09-05,21849,9,1,0.05,308.58,327.75,311.36,Central,Consumer,2024,9,Sep
510578,2025-05-01,21495,28,2,0.05,297.74,283.35,538.36,North,Small Business,2025,5,May
510579,2024-01-24,21960,3,3,0.1,379.36,394.14,1064.18,North,Consumer,2024,1,Jan
510580,2024-09-28,22281,8,4,0.0,289.09,286.0,1144.0,North,Consumer,2024,9,Sep
510581,2025-03-08,20837,3,1,0.1,379.36,370.45,333.4,Central,Consumer,2025,3,Mar
510582,2024-09-06,22757,23,4,0.0,430.62,403.47,1613.88,North,Consumer,2024,9,Sep
510583,2024-07-18,21260,20,2,0.0,187.69,190.64,381.28,East,Small Business,2024,7,Jul
510584,2024-08-03,22107,12,4,0.0,119.8,121.85,487.4,West,Consumer,2024,8,Aug
510585,2025-05-09,22734,13,3,0.0,509.47,535.31,1605.93,West,Corporate,2025,5,May
510586,2025-03-06,23367,4,1,0.05,453.41,488.23,463.82,South,Corporate,2025,3,Mar
510587,2024-08-02,22719,20,3,0.0,187.69,172.85,518.55,Central,Consumer,2024,8,Aug
510588,2024-01-29,23129,10,3,0.0,452.53,462.32,1386.96,East,Consumer,2024,1,Jan
510589,2024-07-12,20100,19,4,0.15,495.95,471.15,1601.91,South,Consumer,2024,7,Jul
510590,2025-06-04,22321,2,2,0.0,177.67,184.8,369.6,West,Consumer,2025,6,Jun
510591,2025-08-30,21174,2,1,0.0,177.67,183.61,183.61,West,Consumer,2025,8,Aug
510592,2025-07-29,20062,16,2,0.05,113.27,105.17,199.82,Central,Consumer,2025,7,Jul
510593,2025-12-26,22818,9,4,0.0,308.58,285.86,1143.44,North,Small Business,2025,12,Dec
510594,2024-07-04,22556,1,1,0.0,118.77,127.69,127.69,Central,Consumer,2024,7,Jul
510595,2025-06-24,23561,26,2,0.05,173.18,159.61,303.26,North,Consumer,2025,6,Jun
510596,2024-04-12,23157,6,2,0.0,183.47,177.21,354.42,South,Consumer,2024,4,Apr
510597,2025-10-19,21670,22,4,0.0,356.25,372.41,1489.64,Central,Consumer,2025,10,Oct
510598,2025-12-11,23258,30,4,0.0,300.75,301.84,1207.36,East,Consumer,2025,12,Dec
510599,2024-12-26,21429,12,4,0.0,119.8,114.82,459.28,Central,Consumer,2024,12,Dec
510600,2025-04-08,22177,29,3,0.05,538.73,580.48,1654.37,Central,Consumer,2025,4,Apr
510601,2024-08-02,20350,5,1,0.0,310.91,320.4,320.4,South,Small Business,2024,8,Aug
510602,2025-05-22,21370,19,1,0.0,495.95,490.87,490.87,Central,Small Business,2025,5,May
510603,2024-06-22,22307,27,4,0.0,282.82,299.55,1198.2,Central,Consumer,2024,6,Jun
510604,2025-04-07,21435,30,4,0.2,300.75,316.74,1013.57,Central,Consumer,2025,4,Apr
510605,2024-12-02,21257,9,3,0.15,308.58,308.06,785.55,East,Small Business,2024,12,Dec
510606,2024-07-01,21467,14,3,0.1,323.49,335.86,906.82,South,Corporate,2024,7,Jul
510607,2025-07-10,22285,19,2,0.1,495.95,477.61,859.7,West,Small Business,2025,7,Jul
510608,2025-08-09,22775,15,2,0.15,203.7,191.39,325.36,West,Small Business,2025,8,Aug
510609,2024-02-21,20587,15,4,0.0,203.7,194.8,779.2,East,Consumer,2024,2,Feb
510610,2024-12-17,22801,14,2,0.15,323.49,341.19,580.02,South,Corporate,2024,12,Dec
510611,2025-04-26,23191,4,1,0.05,453.41,431.89,410.3,North,Small Business,2025,4,Apr
510612,2024-07-11,22377,2,4,0.0,177.67,164.4,657.6,North,Consumer,2024,7,Jul
510613,2024-07-11,20537,28,2,0.05,297.74,299.78,569.58,West,Consumer,2024,7,Jul
510614,2025-03-09,23065,11,2,0.1,526.43,501.32,902.38,Central,Consumer,2025,3,Mar
510615,2024-10-13,21212,17,2,0.1,364.39,360.23,648.41,North,Consumer,2024,10,Oct
510616,2025-10-07,21920,16,2,0.0,113.27,121.25,242.5,North,Consumer,2025,10,Oct
510617,2025-05-22,20755,4,3,0.05,453.41,471.37,1343.4,South,Consumer,2025,5,May
510618,2025-07-21,22138,16,4,0.1,113.27,106.29,382.64,Central,Consumer,2025,7,Jul
510619,2025-09-26,23707,24,4,0.0,471.09,500.37,2001.48,West,Small Business,2025,9,Sep
510620,2025-06-04,23470,16,4,0.1,113.27,104.69,376.88,Central,Consumer,2025,6,Jun
510621,2025-02-20,21366,22,2,0.0,356.25,348.64,697.28,West,Small Business,2025,2,Feb
510622,2024-07-14,22002,11,4,0.0,526.43,532.29,2129.16,North,Corporate,2024,7,Jul
510623,2024-07-09,21003,25,3,0.0,408.11,417.93,1253.79,Central,Consumer,2024,7,Jul
510624,2024-07-22,21199,22,3,0.0,356.25,380.6,1141.8,West,Consumer,2024,7,Jul
510625,2024-02-16,20554,17,1,0.05,364.39,360.26,342.25,South,Consumer,2024,2,Feb
510626,2025-08-30,21674,29,4,0.0,538.73,532.6,2130.4,North,Consumer,2025,8,Aug
510627,2025-11-16,21207,3,4,0.0,379.36,388.22,1552.88,South,Consumer,2025,11,Nov
510628,2025-08-07,21018,25,3,0.05,408.11,376.74,1073.71,Central,Consumer,2025,8,Aug
510629,2024-08-01,20902,17,2,0.0,364.39,374.54,749.08,South,Consumer,2024,8,Aug
510630,2025-09-21,20899,10,4,0.05,452.53,443.73,1686.17,Central,Small Business,2025,9,Sep
510631,2025-03-20,20404,24,4,0.1,471.09,448.91,1616.08,Central,Small Business,2025,3,Mar
510632,2025-11-24,22434,9,2,0.1,308.58,295.34,531.61,South,Consumer,2025,11,Nov
510633,2025-07-04,20102,21,3,0.0,301.42,282.58,847.74,West,Consumer,2025,7,Jul
510634,2024-09-24,20066,27,1,0.0,282.82,275.68,275.68,Central,Consumer,2024,9,Sep
510635,2025-02-20,23841,18,4,0.0,376.89,386.34,1545.36,Central,Consumer,2025,2,Feb
510636,2025-03-14,21243,7,4,0.0,208.23,218.81,875.24,Central,Small Business,2025,3,Mar
510637,2024-10-22,20033,22,2,0.1,356.25,344.05,619.29,East,Consumer,2024,10,Oct
510638,2025-02-16,22565,4,3,0.1,453.41,452.98,1223.05,East,Consumer,2025,2,Feb
510639,2025-06-25,22125,6,4,0.0,183.47,185.91,743.64,Central,Small Business,2025,6,Jun
510640,2024-08-09,20853,8,4,0.0,289.09,289.7,1158.8,Central,Consumer,2024,8,Aug
510641,2024-06-14,21181,10,1,0.0,452.53,482.38,482.38,South,Small Business,2024,6,Jun
510642,2025-02-03,23992,17,3,0.1,364.39,371.35,1002.65,Central,Small Business,2025,2,Feb
510643,2025-07-20,21750,19,2,0.2,495.95,530.4,848.64,South,Small Business,2025,7,Jul
510644,2025-12-20,22512,1,2,0.05,118.77,123.54,234.73,South,Consumer,2025,12,Dec
510645,2025-10-01,23052,27,3,0.2,282.82,266.6,639.84,East,Small Business,2025,10,Oct
510646,2025-11-14,22517,6,2,0.0,183.47,172.93,345.86,East,Small Business,2025,11,Nov
510647,2024-08-28,20433,28,1,0.0,297.74,311.93,311.93,Central,Small Business,2024,8,Aug
510648,2025-01-14,22134,8,3,0.05,289.09,306.9,874.66,Central,Consumer,2025,1,Jan
510649,2024-07-30,22694,30,4,0.0,300.75,312.46,1249.84,North,Consumer,2024,7,Jul
510650,2024-06-27,23066,17,3,0.1,364.39,350.0,945.0,South,Consumer,2024,6,Jun
510651,2024-02-10,23955,26,3,0.0,173.18,172.48,517.44,Central,Consumer,2024,2,Feb
510652,2025-09-02,22782,22,1,0.05,356.25,342.13,325.02,North,Consumer,2025,9,Sep
510653,2024-10-17,21458,16,1,0.05,113.27,108.86,103.42,North,Corporate,2024,10,Oct
510654,2025-09-18,23351,30,3,0.1,300.75,317.64,857.63,East,Small Business,2025,9,Sep
510655,2024-07-02,21102,14,4,0.15,323.49,347.27,1180.72,West,Small Business,2024,7,Jul
510656,2025-02-15,21026,6,2,0.0,183.47,178.61,357.22,Central,Consumer,2025,2,Feb
510657,2024-10-22,22979,16,1,0.2,113.27,107.31,85.85,South,Consumer,2024,10,Oct
510658,2024-12-08,21709,21,4,0.05,301.42,282.29,1072.7,South,Small Business,2024,12,Dec
510659,2025-04-17,21616,22,2,0.1,356.25,345.13,621.23,Central,Consumer,2025,4,Apr
510660,2024-05-12,22142,7,4,0.0,208.23,212.55,850.2,Central,Consumer,2024,5,May
510661,2024-11-18,21213,23,4,0.0,430.62,419.91,1679.64,East,Consumer,2024,11,Nov
510662,2024-08-29,21422,18,3,0.2,376.89,403.72,968.93,West,Consumer,2024,8,Aug
510663,2025-12-13,21738,7,1,0.05,208.23,195.43,185.66,West,Consumer,2025,12,Dec
510664,2024-01-11,21049,8,2,0.0,289.09,286.77,573.54,Central,Small Business,2024,1,Jan
510665,2025-09-27,22194,24,1,0.0,471.09,484.43,484.43,Central,Consumer,2025,9,Sep
510666,2024-11-16,20070,14,4,0.2,323.49,318.18,1018.18,West,Consumer,2024,11,Nov
510667,2025-11-21,23449,16,4,0.0,113.27,117.09,468.36,Central,Consumer,2025,11,Nov
510668,2024-04-03,21488,15,4,0.05,203.7,202.13,768.09,Central,Corporate,2024,4,Apr
510669,2024-09-16,23814,18,2,0.05,376.89,393.27,747.21,East,Consumer,2024,9,Sep
510670,2025-01-13,21826,29,1,0.0,538.73,519.34,519.34,Central,Small Business,2025,1,Jan
510671,2024-08-19,22476,20,4,0.05,187.69,198.79,755.4,West,Consumer,2024,8,Aug
510672,2024-06-30,23208,8,4,0.05,289.09,274.14,1041.73,West,Consumer,2024,6,Jun
510673,2024-01-16,23329,16,4,0.2,113.27,108.5,347.2,Central,Corporate,2024,1,Jan
510674,2025-10-10,22743,25,1,0.1,408.11,391.5,352.35,West,Consumer,2025,10,Oct
510675,2025-03-17,21499,29,1,0.15,538.73,502.13,426.81,East,Consumer,2025,3,Mar
510676,2024-03-31,21360,22,1,0.0,356.25,348.07,348.07,West,Small Business,2024,3,Mar
510677,2025-09-03,22698,15,1,0.0,203.7,213.59,213.59,Central,Consumer,2025,9,Sep
510678,2024-11-17,22948,17,4,0.05,364.39,375.85,1428.23,South,Consumer,2024,11,Nov
510679,2025-12-08,22315,24,1,0.05,471.09,505.46,480.19,East,Corporate,2025,12,Dec
510680,2024-04-11,20619,22,1,0.05,356.25,353.65,335.97,North,Consumer,2024,4,Apr
510681,2024-08-24,22012,17,1,0.15,364.39,364.9,310.16,North,Small Business,2024,8,Aug
510682,2025-02-20,21196,11,1,0.1,526.43,496.75,447.08,North,Corporate,2025,2,Feb
510683,2025-05-26,22307,21,1,0.1,301.42,288.41,259.57,Central,Consumer,2025,5,May
510684,2024-08-18,21324,19,1,0.05,495.95,528.85,502.41,West,Consumer,2024,8,Aug
510685,2024-09-05,22758,20,1,0.05,187.69,202.65,192.52,Central,Small Business,2024,9,Sep
510686,2024-03-17,20110,5,3,0.15,310.91,320.42,817.07,Central,Corporate,2024,3,Mar
510687,2025-09-09,22256,30,4,0.15,300.75,291.94,992.6,East,Consumer,2025,9,Sep
510688,2025-03-14,23487,24,3,0.0,471.09,498.78,1496.34,East,Corporate,2025,3,Mar
510689,2025-10-26,20450,24,2,0.05,471.09,483.7,919.03,Central,Consumer,2025,10,Oct
510690,2025-01-28,21711,11,2,0.1,526.43,504.92,908.86,East,Small Business,2025,1,Jan
510691,2025-08-31,23576,1,4,0.0,118.77,118.25,473.0,South,Consumer,2025,8,Aug
510692,2024-06-02,21222,30,4,0.05,300.75,300.04,1140.15,West,Consumer,2024,6,Jun
510693,2024-07-28,22417,16,2,0.1,113.27,121.49,218.68,West,Consumer,2024,7,Jul
510694,2025-12-07,22973,14,1,0.0,323.49,297.73,297.73,South,Small Business,2025,12,Dec
510695,2024-05-06,22364,6,3,0.0,183.47,169.94,509.82,South,Consumer,2024,5,May
510696,2025-07-30,22131,28,4,0.15,297.74,278.32,946.29,East,Small Business,2025,7,Jul
510697,2025-09-26,20518,16,2,0.05,113.27,119.48,227.01,South,Consumer,2025,9,Sep
510698,2025-03-27,23539,8,1,0.2,289.09,273.21,218.57,North,Consumer,2025,3,Mar
510699,2025-05-20,22600,9,4,0.15,308.58,294.66,1001.84,Central,Small Business,2025,5,May
510700,2025-11-20,22723,9,1,0.0,308.58,299.15,299.15,Central,Consumer,2025,11,Nov
510701,2024-01-07,20008,18,4,0.0,376.89,361.37,1445.48,Central,Consumer,2024,1,Jan
510702,2025-06-29,23578,25,1,0.0,408.11,434.68,434.68,West,Consumer,2025,6,Jun
510703,2025-09-07,23036,15,2,0.0,203.7,219.07,438.14,West,Small Business,2025,9,Sep
510704,2024-12-18,22886,27,4,0.1,282.82,276.5,995.4,East,Consumer,2024,12,Dec
510705,2024-01-03,20700,21,1,0.05,301.42,304.74,289.5,Central,Consumer,2024,1,Jan
510706,2025-12-05,23123,15,3,0.1,203.7,196.99,531.87,Central,Consumer,2025,12,Dec
510707,2025-05-09,21209,27,1,0.1,282.82,303.52,273.17,West,Small Business,2025,5,May
510708,2025-04-14,21721,2,3,0.0,177.67,173.5,520.5,Central,Small Business,2025,4,Apr
510709,2025-07-04,21749,6,1,0.0,183.47,196.4,196.4,South,Consumer,2025,7,Jul
510710,2024-04-09,20420,11,2,0.0,526.43,497.44,994.88,South,Consumer,2024,4,Apr
510711,2025-09-14,20519,3,1,0.0,379.36,368.02,368.02,Central,Consumer,2025,9,Sep
510712,2024-03-13,21932,25,3,0.1,408.11,378.14,1020.98,Central,Consumer,2024,3,Mar
510713,2024-02-22,22485,18,4,0.1,376.89,375.07,1350.25,North,Small Business,2024,2,Feb
510714,2024-03-08,22167,15,1,0.1,203.7,188.13,169.32,Central,Consumer,2024,3,Mar
510715,2025-07-04,21856,13,3,0.0,509.47,481.48,1444.44,Central,Consumer,2025,7,Jul
510716,2024-09-16,21004,22,4,0.0,356.25,349.17,1396.68,Central,Small Business,2024,9,Sep
510717,2025-10-02,23350,22,4,0.0,356.25,380.93,1523.72,South,Small Business,2025,10,Oct
510718,2024-01-07,20920,12,3,0.15,119.8,114.24,291.31,East,Consumer,2024,1,Jan
510719,2024-06-28,20976,17,3,0.05,364.39,339.23,966.81,West,Corporate,2024,6,Jun
510720,2025-02-12,21478,1,2,0.0,118.77,123.6,247.2,West,Consumer,2025,2,Feb
510721,2024-11-11,21420,24,4,0.0,471.09,483.98,1935.92,West,Consumer,2024,11,Nov
510722,2024-11-15,21680,21,2,0.0,301.42,321.93,643.86,West,Consumer,2024,11,Nov
510723,2024-03-24,20955,9,3,0.1,308.58,325.74,879.5,West,Consumer,2024,3,Mar
510724,2024-09-23,22485,9,4,0.05,308.58,329.56,1252.33,North,Small Business,2024,9,Sep
510725,2024-01-15,22303,3,4,0.1,379.36,394.24,1419.26,North,Consumer,2024,1,Jan
510726,2024-11-09,21168,15,3,0.05,203.7,215.86,615.2,East,Consumer,2024,11,Nov
510727,2024-06-25,23656,26,4,0.05,173.18,179.62,682.56,Central,Small Business,2024,6,Jun
510728,2024-11-06,20277,28,3,0.05,297.74,300.36,856.03,North,Consumer,2024,11,Nov
510729,2025-05-05,21152,20,2,0.1,187.69,174.86,314.75,Central,Consumer,2025,5,May
510730,2025-12-23,21333,7,4,0.1,208.23,207.48,746.93,North,Consumer,2025,12,Dec
510731,2025-01-09,21104,6,4,0.05,183.47,190.21,722.8,South,Consumer,2025,1,Jan
510732,2024-11-02,20891,11,4,0.1,526.43,522.46,1880.86,East,Small Business,2024,11,Nov
510733,2024-03-05,23254,6,2,0.0,183.47,195.41,390.82,South,Corporate,2024,3,Mar
510734,2025-11-05,22474,5,1,0.0,310.91,332.18,332.18,North,Small Business,2025,11,Nov
510735,2025-09-19,23071,5,4,0.05,310.91,304.88,1158.54,West,Consumer,2025,9,Sep
510736,2025-09-16,21509,2,4,0.15,177.67,179.71,611.01,North,Consumer,2025,9,Sep
510737,2025-04-10,22010,1,1,0.0,118.77,114.67,114.67,West,Consumer,2025,4,Apr
510738,2024-11-08,22334,13,4,0.0,509.47,514.88,2059.52,Central,Consumer,2024,11,Nov
510739,2024-02-21,22768,27,2,0.15,282.82,267.04,453.97,East,Consumer,2024,2,Feb
510740,2024-01-31,21443,3,4,0.05,379.36,390.25,1482.95,South,Consumer,2024,1,Jan
510741,2025-09-30,22258,25,4,0.1,408.11,440.68,1586.45,South,Small Business,2025,9,Sep
510742,2025-09-12,22296,9,3,0.05,308.58,299.46,853.46,Central,Small Business,2025,9,Sep
510743,2025-06-18,20434,22,1,0.2,356.25,333.07,266.46,Central,Consumer,2025,6,Jun
510744,2024-06-04,20015,26,1,0.05,173.18,159.7,151.71,Central,Consumer,2024,6,Jun
510745,2024-01-31,23843,18,4,0.0,376.89,382.76,1531.04,Central,Consumer,2024,1,Jan
510746,2024-02-12,22378,2,3,0.0,177.67,185.96,557.88,South,Consumer,2024,2,Feb
510747,2025-09-13,22362,4,2,0.05,453.41,423.91,805.43,Central,Consumer,2025,9,Sep
510748,2025-09-28,20201,19,3,0.0,495.95,496.88,1490.64,Central,Consumer,2025,9,Sep
510749,2025-03-18,23913,17,2,0.0,364.39,370.61,741.22,South,Small Business,2025,3,Mar
510750,2025-04-26,23062,12,1,0.0,119.8,124.72,124.72,West,Corporate,2025,4,Apr
510751,2025-08-18,21308,18,4,0.2,376.89,387.68,1240.58,West,Small Business,2025,8,Aug
510752,2024-05-10,23639,12,4,0.0,119.8,126.61,506.44,South,Consumer,2024,5,May
510753,2025-09-10,22954,3,2,0.1,379.36,402.82,725.08,Central,Consumer,2025,9,Sep
510754,2024-07-30,22125,16,3,0.0,113.27,108.94,326.82,Central,Small Business,2024,7,Jul
510755,2024-05-04,20072,4,4,0.0,453.41,438.74,1754.96,South,Corporate,2024,5,May
510756,2025-06-29,20098,11,1,0.0,526.43,489.78,489.78,East,Consumer,2025,6,Jun
510757,2025-10-28,21108,15,2,0.0,203.7,219.2,438.4,Central,Consumer,2025,10,Oct
510758,2024-03-31,21228,3,2,0.15,379.36,391.08,664.84,West,Consumer,2024,3,Mar
510759,2024-08-15,22784,26,1,0.0,173.18,186.02,186.02,North,Consumer,2024,8,Aug
510760,2025-06-12,20423,27,3,0.0,282.82,260.98,782.94,West,Consumer,2025,6,Jun
510761,2025-06-18,20991,3,4,0.05,379.36,373.87,1420.71,Central,Consumer,2025,6,Jun
510762,2024-12-01,20285,6,1,0.0,183.47,197.89,197.89,South,Small Business,2024,12,Dec
510763,2025-02-05,22161,10,1,0.0,452.53,457.64,457.64,Central,Consumer,2025,2,Feb
510764,2025-09-03,22559,21,3,0.0,301.42,312.12,936.36,North,Consumer,2025,9,Sep
510765,2024-08-10,23368,2,4,0.05,177.67,189.16,718.81,West,Consumer,2024,8,Aug
510766,2025-04-15,22668,23,2,0.0,430.62,419.25,838.5,West,Consumer,2025,4,Apr
510767,2024-08-04,20448,19,2,0.05,495.95,482.51,916.77,Central,Consumer,2024,8,Aug
510768,2025-12-18,22489,7,3,0.0,208.23,221.24,663.72,Central,Small Business,2025,12,Dec
510769,2024-02-03,20792,15,1,0.1,203.7,209.27,188.34,West,Consumer,2024,2,Feb
510770,2025-09-18,20607,5,4,0.05,310.91,305.77,1161.93,Central,Small Business,2025,9,Sep
510771,2024-11-07,20821,9,2,0.0,308.58,287.79,575.58,East,Consumer,2024,11,Nov
510772,2024-09-08,20715,28,4,0.05,297.74,307.09,1166.94,Central,Consumer,2024,9,Sep
510773,2024-06-11,23543,1,3,0.15,118.77,123.87,315.87,Central,Corporate,2024,6,Jun
510774,2024-12-18,21205,1,3,0.0,118.77,110.57,331.71,Central,Consumer,2024,12,Dec
510775,2025-09-26,21042,15,2,0.1,203.7,201.99,363.58,North,Small Business,2025,9,Sep
510776,2025-11-17,21636,14,4,0.0,323.49,312.4,1249.6,Central,Consumer,2025,11,Nov
510777,2024-08-25,20545,24,1,0.0,471.09,487.21,487.21,East,Small Business,2024,8,Aug
510778,2024-04-21,20919,3,2,0.1,379.36,407.66,733.79,Central,Consumer,2024,4,Apr
510779,2024-02-26,23168,17,1,0.0,364.39,347.86,347.86,Central,Corporate,2024,2,Feb
510780,2024-10-31,23561,13,4,0.15,509.47,484.22,1646.35,North,Consumer,2024,10,Oct
510781,2025-11-09,23427,17,1,0.15,364.39,342.18,290.85,Central,Consumer,2025,11,Nov
510782,2025-02-25,20108,6,2,0.1,183.47,195.06,351.11,North,Consumer,2025,2,Feb
510783,2024-05-22,22357,28,2,0.0,297.74,303.33,606.66,West,Consumer,2024,5,May
510784,2024-09-13,21933,28,4,0.1,297.74,298.75,1075.5,Central,Corporate,2024,9,Sep
510785,2024-11-28,23351,18,2,0.15,376.89,379.51,645.17,East,Small Business,2024,11,Nov
510786,2024-03-09,23797,10,3,0.0,452.53,450.9,1352.7,South,Small Business,2024,3,Mar
510787,2025-12-08,21348,9,1,0.15,308.58,329.81,280.34,Central,Consumer,2025,12,Dec
510788,2024-05-30,23947,24,4,0.15,471.09,487.31,1656.85,East,Consumer,2024,5,May
510789,2024-04-01,21264,6,3,0.0,183.47,189.69,569.07,West,Small Business,2024,4,Apr
510790,2024-11-12,21299,12,3,0.05,119.8,111.71,318.37,Central,Consumer,2024,11,Nov
510791,2025-02-16,22228,4,2,0.1,453.41,488.93,880.07,West,Consumer,2025,2,Feb
510792,2025-09-29,22523,16,4,0.0,113.27,113.26,453.04,Central,Consumer,2025,9,Sep
510793,2024-04-27,23809,14,4,0.0,323.49,298.58,1194.32,East,Consumer,2024,4,Apr
510794,2025-02-22,23219,21,4,0.2,301.42,315.61,1009.95,North,Small Business,2025,2,Feb
510795,2025-03-23,23578,26,2,0.0,173.18,179.12,358.24,West,Consumer,2025,3,Mar
510796,2024-08-06,20911,21,1,0.0,301.42,310.73,310.73,West,Consumer,2024,8,Aug
510797,2024-06-16,23875,2,4,0.2,177.67,174.58,558.66,Central,Consumer,2024,6,Jun
510798,2024-05-02,22219,26,3,0.0,173.18,173.71,521.13,Central,Consumer,2024,5,May
510799,2024-11-06,23193,8,3,0.05,289.09,298.91,851.89,Central,Consumer,2024,11,Nov
510800,2025-03-27,23879,10,2,0.1,452.53,416.52,749.74,Central,Small Business,2025,3,Mar
510801,2024-11-29,21788,14,2,0.0,323.49,313.07,626.14,South,Corporate,2024,11,Nov
510802,2024-05-12,23576,15,1,0.05,203.7,215.59,204.81,South,Consumer,2024,5,May
510803,2024-08-02,20385,26,4,0.0,173.18,164.15,656.6,West,Corporate,2024,8,Aug
510804,2024-02-21,23542,26,1,0.15,173.18,169.13,143.76,East,Small Business,2024,2,Feb
510805,2024-08-31,23725,5,3,0.0,310.91,290.21,870.63,Central,Consumer,2024,8,Aug
510806,2024-01-25,22434,10,4,0.1,452.53,435.42,1567.51,South,Consumer,2024,1,Jan
510807,2025-07-11,22231,16,1,0.0,113.27,112.49,112.49,Central,Consumer,2025,7,Jul
510808,2025-05-25,22493,7,4,0.0,208.23,220.9,883.6,Central,Consumer,2025,5,May
510809,2025-03-28,23094,10,1,0.15,452.53,465.78,395.91,Central,Consumer,2025,3,Mar
510810,2025-10-09,20930,9,2,0.15,308.58,312.14,530.64,Central,Corporate,2025,10,Oct
510811,2025-03-12,21778,10,1,0.15,452.53,470.75,400.14,South,Consumer,2025,3,Mar
510812,2025-01-22,23239,10,1,0.15,452.53,458.47,389.7,Central,Consumer,2025,1,Jan
510813,2025-02-02,23073,22,3,0.0,356.25,332.76,998.28,West,Small Business,2025,2,Feb
510814,2024-07-23,23078,5,2,0.1,310.91,315.3,567.54,West,Consumer,2024,7,Jul
510815,2024-12-20,21598,26,4,0.0,173.18,181.1,724.4,Central,Corporate,2024,12,Dec
510816,2024-05-29,21723,6,2,0.15,183.47,192.16,326.67,Central,Corporate,2024,5,May
510817,2024-11-28,22381,27,3,0.0,282.82,268.58,805.74,East,Consumer,2024,11,Nov
510818,2024-07-21,23429,2,4,0.05,177.67,181.47,689.59,Central,Corporate,2024,7,Jul
510819,2024-06-29,22676,29,4,0.0,538.73,512.02,2048.08,West,Consumer,2024,6,Jun
510820,2024-08-11,20980,7,2,0.0,208.23,194.66,389.32,North,Consumer,2024,8,Aug
510821,2024-03-12,20212,1,4,0.1,118.77,110.61,398.2,East,Small Business,2024,3,Mar
510822,2025-03-17,23391,28,3,0.0,297.74,299.22,897.66,Central,Small Business,2025,3,Mar
510823,2024-04-20,20402,4,2,0.0,453.41,422.07,844.14,Central,Small Business,2024,4,Apr
510824,2025-11-06,22501,19,4,0.0,495.95,457.04,1828.16,South,Consumer,2025,11,Nov
510825,2025-01-05,22754,23,4,0.2,430.62,430.29,1376.93,North,Consumer,2025,1,Jan
510826,2024-06-12,20182,10,3,0.05,452.53,479.53,1366.66,West,Consumer,2024,6,Jun
510827,2025-12-03,21577,27,1,0.0,282.82,298.27,298.27,South,Consumer,2025,12,Dec
510828,2024-09-19,21421,25,4,0.15,408.11,405.23,1377.78,East,Consumer,2024,9,Sep
510829,2025-02-09,20241,1,2,0.05,118.77,111.23,211.34,North,Corporate,2025,2,Feb
510830,2025-03-10,22748,18,1,0.1,376.89,378.83,340.95,West,Consumer,2025,3,Mar
510831,2025-11-02,21288,20,3,0.0,187.69,177.25,531.75,West,Corporate,2025,11,Nov
510832,2024-11-19,22897,6,4,0.05,183.47,172.53,655.61,North,Consumer,2024,11,Nov
510833,2025-08-13,22842,25,2,0.15,408.11,384.47,653.6,Central,Small Business,2025,8,Aug
510834,2024-03-26,21474,19,4,0.0,495.95,499.79,1999.16,Central,Small Business,2024,3,Mar
510835,2024-03-23,21722,18,1,0.0,376.89,359.87,359.87,Central,Consumer,2024,3,Mar
510836,2024-04-24,20915,29,3,0.1,538.73,531.94,1436.24,East,Consumer,2024,4,Apr
510837,2025-12-02,20023,21,1,0.05,301.42,301.81,286.72,West,Small Business,2025,12,Dec
510838,2025-02-26,20697,3,4,0.1,379.36,407.84,1468.22,North,Consumer,2025,2,Feb
510839,2024-12-13,20402,24,2,0.05,471.09,440.23,836.44,Central,Small Business,2024,12,Dec
510840,2025-03-20,23912,30,4,0.05,300.75,293.81,1116.48,East,Consumer,2025,3,Mar
510841,2024-09-17,20815,17,2,0.1,364.39,388.27,698.89,Central,Consumer,2024,9,Sep
510842,2025-03-06,21572,13,4,0.05,509.47,501.07,1904.07,Central,Consumer,2025,3,Mar
510843,2025-02-06,22272,4,1,0.05,453.41,458.6,435.67,Central,Consumer,2025,2,Feb
510844,2025-08-18,21620,15,3,0.0,203.7,213.83,641.49,West,Consumer,2025,8,Aug
510845,2025-03-04,23726,1,1,0.1,118.77,123.31,110.98,Central,Small Business,2025,3,Mar
510846,2024-05-20,20674,1,4,0.05,118.77,122.15,464.17,Central,Corporate,2024,5,May
510847,2024-08-19,23275,5,2,0.1,310.91,296.23,533.21,South,Consumer,2024,8,Aug
510848,2024-11-25,21503,8,1,0.0,289.09,296.67,296.67,Central,Consumer,2024,11,Nov
510849,2025-11-20,22784,19,4,0.0,495.95,518.42,2073.68,North,Consumer,2025,11,Nov
510850,2024-12-06,23916,12,3,0.1,119.8,118.05,318.74,West,Small Business,2024,12,Dec
510851,2024-12-01,20458,23,2,0.0,430.62,458.13,916.26,Central,Small Business,2024,12,Dec
510852,2024-06-06,22002,30,4,0.0,300.75,303.91,1215.64,North,Corporate,2024,6,Jun
510853,2024-02-17,21917,25,4,0.15,408.11,426.8,1451.12,West,Consumer,2024,2,Feb
510854,2025-06-02,22829,23,4,0.1,430.62,403.67,1453.21,West,Consumer,2025,6,Jun
510855,2025-11-12,22839,18,4,0.05,376.89,357.82,1359.72,North,Corporate,2025,11,Nov
510856,2024-08-16,23766,29,4,0.05,538.73,570.04,2166.15,Central,Small Business,2024,8,Aug
510857,2024-06-15,21941,7,4,0.15,208.23,193.11,656.57,South,Small Business,2024,6,Jun
510858,2025-03-28,23698,22,1,0.0,356.25,331.29,331.29,Central,Small Business,2025,3,Mar
510859,2025-12-16,23693,27,3,0.0,282.82,303.05,909.15,North,Consumer,2025,12,Dec
510860,2024-11-03,23523,26,4,0.05,173.18,160.4,609.52,South,Small Business,2024,11,Nov
510861,2025-11-19,21350,9,3,0.0,308.58,313.22,939.66,West,Consumer,2025,11,Nov
510862,2024-06-24,23633,1,4,0.0,118.77,119.42,477.68,South,Consumer,2024,6,Jun
510863,2025-12-12,20512,27,3,0.15,282.82,285.53,728.1,West,Consumer,2025,12,Dec
510864,2024-05-31,22445,26,4,0.0,173.18,177.17,708.68,North,Consumer,2024,5,May
510865,2024-01-02,20475,20,1,0.05,187.69,175.02,166.27,South,Consumer,2024,1,Jan
510866,2024-12-25,23470,25,3,0.0,408.11,429.11,1287.33,Central,Consumer,2024,12,Dec
510867,2024-05-16,21659,17,2,0.05,364.39,371.33,705.53,Central,Consumer,2024,5,May
510868,2024-06-24,23174,18,1,0.0,376.89,389.28,389.28,Central,Consumer,2024,6,Jun
510869,2024-12-23,22673,8,3,0.05,289.09,297.84,848.84,South,Consumer,2024,12,Dec
510870,2025-05-07,23967,22,4,0.1,356.25,354.54,1276.34,East,Consumer,2025,5,May
510871,2025-05-25,20744,25,2,0.0,408.11,380.55,761.1,Central,Consumer,2025,5,May
510872,2025-03-27,23523,24,3,0.0,471.09,468.29,1404.87,South,Small Business,2025,3,Mar
510873,2024-08-05,20803,1,2,0.05,118.77,121.67,231.17,West,Consumer,2024,8,Aug
510874,2025-07-31,22152,2,2,0.2,177.67,177.54,284.06,West,Consumer,2025,7,Jul
510875,2025-12-11,20139,26,2,0.2,173.18,159.47,255.15,East,Consumer,2025,12,Dec
510876,2024-04-07,20010,8,1,0.0,289.09,309.53,309.53,East,Small Business,2024,4,Apr
510877,2024-05-15,21818,20,4,0.0,187.69,172.9,691.6,Central,Consumer,2024,5,May
510878,2025-10-06,23975,29,1,0.05,538.73,513.57,487.89,North,Small Business,2025,10,Oct
510879,2024-04-14,21521,16,3,0.0,113.27,120.45,361.35,North,Small Business,2024,4,Apr
510880,2025-01-17,22138,10,1,0.1,452.53,422.97,380.67,Central,Consumer,2025,1,Jan
510881,2025-05-27,21584,29,1,0.15,538.73,554.34,471.19,West,Consumer,2025,5,May
510882,2025-04-21,23774,4,1,0.0,453.41,458.75,458.75,Central,Consumer,2025,4,Apr
510883,2024-07-22,21027,15,3,0.2,203.7,189.55,454.92,Central,Small Business,2024,7,Jul
510884,2025-12-16,21689,21,2,0.0,301.42,302.69,605.38,West,Small Business,2025,12,Dec
510885,2024-03-10,21365,1,1,0.0,118.77,118.64,118.64,Central,Consumer,2024,3,Mar
510886,2025-01-14,22600,12,1,0.0,119.8,125.89,125.89,Central,Small Business,2025,1,Jan
510887,2025-06-27,22057,3,4,0.1,379.36,352.58,1269.29,Central,Consumer,2025,6,Jun
510888,2025-10-05,23517,25,2,0.15,408.11,398.18,676.91,Central,Consumer,2025,10,Oct
510889,2024-01-15,20288,14,3,0.1,323.49,337.16,910.33,West,Consumer,2024,1,Jan
510890,2024-08-25,20623,18,3,0.15,376.89,391.11,997.33,North,Consumer,2024,8,Aug
510891,2025-11-18,21371,29,3,0.0,538.73,542.57,1627.71,East,Small Business,2025,11,Nov
510892,2025-08-29,21461,30,1,0.15,300.75,320.31,272.26,Central,Consumer,2025,8,Aug
510893,2024-02-24,22266,2,4,0.1,177.67,191.45,689.22,Central,Corporate,2024,2,Feb
510894,2025-11-14,23501,22,2,0.1,356.25,344.24,619.63,West,Corporate,2025,11,Nov
510895,2025-06-02,23764,1,4,0.15,118.77,113.34,385.36,Central,Small Business,2025,6,Jun
510896,2024-05-17,21986,20,2,0.0,187.69,182.84,365.68,East,Small Business,2024,5,May
510897,2024-06-12,22382,30,3,0.05,300.75,324.58,925.05,West,Consumer,2024,6,Jun
510898,2024-12-30,22635,15,3,0.0,203.7,190.56,571.68,North,Small Business,2024,12,Dec
510899,2025-06-05,22348,20,3,0.05,187.69,189.15,539.08,East,Consumer,2025,6,Jun
510900,2025-10-16,22174,2,4,0.0,177.67,164.67,658.68,South,Corporate,2025,10,Oct
510901,2024-11-19,23762,1,1,0.0,118.77,111.39,111.39,Central,Corporate,2024,11,Nov
510902,2024-09-17,21873,1,4,0.0,118.77,120.17,480.68,West,Consumer,2024,9,Sep
510903,2025-06-06,22421,19,4,0.0,495.95,512.14,2048.56,South,Corporate,2025,6,Jun
510904,2025-05-23,21435,23,1,0.0,430.62,457.83,457.83,Central,Consumer,2025,5,May
510905,2025-06-23,21696,17,3,0.15,364.39,364.09,928.43,Central,Consumer,2025,6,Jun
510906,2024-03-15,23850,23,3,0.15,430.62,439.43,1120.55,South,Consumer,2024,3,Mar
510907,2024-10-01,20640,6,3,0.05,183.47,194.24,553.58,Central,Small Business,2024,10,Oct
510908,2024-08-07,22898,7,3,0.0,208.23,195.0,585.0,South,Consumer,2024,8,Aug
510909,2025-12-19,20438,4,4,0.0,453.41,474.12,1896.48,East,Consumer,2025,12,Dec
510910,2025-04-27,23810,17,2,0.05,364.39,337.76,641.74,Central,Consumer,2025,4,Apr
510911,2025-05-07,20234,11,4,0.15,526.43,494.35,1680.79,North,Consumer,2025,5,May
510912,2024-11-18,23449,10,1,0.05,452.53,424.72,403.48,Central,Consumer,2024,11,Nov
510913,2025-11-09,23595,19,3,0.15,495.95,499.1,1272.71,East,Consumer,2025,11,Nov
510914,2025-04-26,20176,23,3,0.05,430.62,457.57,1304.07,West,Small Business,2025,4,Apr
510915,2025-03-31,23813,16,3,0.0,113.27,106.08,318.24,North,Corporate,2025,3,Mar
510916,2025-02-08,23465,25,4,0.0,408.11,418.82,1675.28,East,Corporate,2025,2,Feb
510917,2024-07-22,21110,25,1,0.1,408.11,430.46,387.41,Central,Small Business,2024,7,Jul
510918,2025-11-10,20356,14,1,0.05,323.49,317.35,301.48,Central,Consumer,2025,11,Nov
510919,2024-11-24,20272,7,1,0.0,208.23,194.38,194.38,South,Consumer,2024,11,Nov
510920,2024-03-28,23764,21,2,0.0,301.42,299.32,598.64,Central,Small Business,2024,3,Mar
510921,2024-05-10,23769,18,3,0.15,376.89,353.85,902.32,East,Consumer,2024,5,May
510922,2025-03-31,22080,11,2,0.05,526.43,523.96,995.52,East,Consumer,2025,3,Mar
510923,2025-07-27,23350,28,2,0.2,297.74,312.77,500.43,South,Small Business,2025,7,Jul
510924,2024-11-29,21203,16,3,0.05,113.27,120.46,343.31,Central,Consumer,2024,11,Nov
510925,2025-03-10,20200,6,3,0.05,183.47,186.91,532.69,Central,Consumer,2025,3,Mar
510926,2025-11-08,22667,23,2,0.1,430.62,422.0,759.6,West,Consumer,2025,11,Nov
510927,2024-04-20,21055,14,2,0.1,323.49,321.07,577.93,Central,Consumer,2024,4,Apr
510928,2025-09-18,23625,4,4,0.15,453.41,437.44,1487.3,East,Consumer,2025,9,Sep
510929,2025-01-15,23402,20,2,0.0,187.69,173.53,347.06,East,Small Business,2025,1,Jan
510930,2024-08-19,23965,1,2,0.0,118.77,123.8,247.6,South,Corporate,2024,8,Aug
510931,2024-04-19,22287,21,1,0.0,301.42,291.55,291.55,East,Consumer,2024,4,Apr
510932,2025-09-01,20893,20,4,0.05,187.69,182.94,695.17,North,Consumer,2025,9,Sep
510933,2025-02-18,21599,21,4,0.0,301.42,306.37,1225.48,South,Small Business,2025,2,Feb
510934,2025-02-24,22967,24,3,0.15,471.09,480.32,1224.82,East,Small Business,2025,2,Feb
510935,2025-04-23,23317,1,1,0.1,118.77,115.62,104.06,West,Corporate,2025,4,Apr
510936,2024-07-31,20858,19,2,0.05,495.95,471.89,896.59,South,Corporate,2024,7,Jul
510937,2024-03-21,20082,20,1,0.1,187.69,175.88,158.29,Central,Consumer,2024,3,Mar
510938,2024-03-07,20162,6,3,0.0,183.47,195.18,585.54,South,Consumer,2024,3,Mar
510939,2025-05-31,21803,29,4,0.1,538.73,498.39,1794.2,South,Consumer,2025,5,May
510940,2024-05-01,20662,16,3,0.0,113.27,121.67,365.01,Central,Small Business,2024,5,May
510941,2024-03-20,23787,22,1,0.0,356.25,342.62,342.62,Central,Small Business,2024,3,Mar
510942,2025-04-04,23072,13,3,0.15,509.47,496.32,1265.62,South,Small Business,2025,4,Apr
510943,2024-11-02,22999,19,3,0.0,495.95,495.46,1486.38,Central,Small Business,2024,11,Nov
510944,2024-12-29,20490,29,4,0.15,538.73,554.89,1886.63,West,Consumer,2024,12,Dec
510945,2024-03-23,20812,1,1,0.05,118.77,111.0,105.45,South,Corporate,2024,3,Mar
510946,2024-04-07,22916,21,4,0.0,301.42,316.56,1266.24,Central,Consumer,2024,4,Apr
510947,2025-04-18,23310,24,1,0.0,471.09,488.23,488.23,Central,Consumer,2025,4,Apr
510948,2025-10-15,23815,16,4,0.0,113.27,113.61,454.44,Central,Consumer,2025,10,Oct
510949,2024-06-26,21964,26,3,0.05,173.18,174.08,496.13,East,Small Business,2024,6,Jun
510950,2025-02-26,22938,12,2,0.05,119.8,110.55,210.04,Central,Consumer,2025,2,Feb
510951,2024-05-22,20775,26,3,0.2,173.18,171.95,412.68,Central,Consumer,2024,5,May
510952,2025-12-06,21076,11,4,0.2,526.43,512.1,1638.72,South,Consumer,2025,12,Dec
510953,2025-01-24,22903,17,2,0.0,364.39,358.26,716.52,Central,Small Business,2025,1,Jan
510954,2024-07-20,23514,5,4,0.0,310.91,333.76,1335.04,East,Small Business,2024,7,Jul
510955,2024-03-27,20458,3,3,0.0,379.36,401.69,1205.07,Central,Small Business,2024,3,Mar
510956,2024-05-14,23186,22,2,0.05,356.25,359.07,682.23,Central,Consumer,2024,5,May
510957,2025-08-18,22813,10,4,0.0,452.53,435.33,1741.32,Central,Consumer,2025,8,Aug
510958,2025-09-29,22414,17,3,0.0,364.39,351.7,1055.1,South,Consumer,2025,9,Sep
510959,2025-04-01,23158,10,4,0.0,452.53,468.61,1874.44,South,Small Business,2025,4,Apr
510960,2025-07-02,23890,3,3,0.05,379.36,404.67,1153.31,Central,Small Business,2025,7,Jul
510961,2024-05-29,20818,21,3,0.0,301.42,281.71,845.13,East,Small Business,2024,5,May
510962,2024-06-03,20712,13,4,0.05,509.47,542.7,2062.26,West,Consumer,2024,6,Jun
510963,2024-04-03,23620,27,4,0.05,282.82,284.08,1079.5,Central,Consumer,2024,4,Apr
510964,2024-09-13,20033,23,3,0.05,430.62,397.54,1132.99,East,Consumer,2024,9,Sep
510965,2025-03-12,22761,29,4,0.05,538.73,501.15,1904.37,East,Consumer,2025,3,Mar
510966,2024-08-20,21048,5,2,0.0,310.91,324.48,648.96,West,Consumer,2024,8,Aug
510967,2024-03-20,21669,12,2,0.0,119.8,121.32,242.64,West,Corporate,2024,3,Mar
510968,2025-05-30,21168,24,3,0.0,471.09,457.25,1371.75,East,Consumer,2025,5,May
510969,2024-02-25,21748,8,1,0.05,289.09,297.15,282.29,Central,Small Business,2024,2,Feb
510970,2024-06-06,20687,14,2,0.05,323.49,334.12,634.83,East,Small Business,2024,6,Jun
510971,2024-02-14,22020,3,4,0.05,379.36,408.3,1551.54,East,Consumer,2024,2,Feb
510972,2024-02-26,22203,3,4,0.1,379.36,369.68,1330.85,Central,Consumer,2024,2,Feb
510973,2024-02-09,20951,8,2,0.0,289.09,298.43,596.86,East,Consumer,2024,2,Feb
510974,2025-08-21,20427,29,4,0.0,538.73,544.74,2178.96,South,Consumer,2025,8,Aug
510975,2024-05-17,21107,2,4,0.1,177.67,185.21,666.76,Central,Consumer,2024,5,May
510976,2024-01-09,22485,6,1,0.0,183.47,196.76,196.76,North,Small Business,2024,1,Jan
510977,2025-08-09,20181,14,1,0.05,323.49,299.3,284.33,East,Consumer,2025,8,Aug
510978,2025-03-20,20497,2,2,0.0,177.67,175.56,351.12,West,Small Business,2025,3,Mar
510979,2025-11-29,22446,5,2,0.0,310.91,296.24,592.48,West,Small Business,2025,11,Nov
510980,2024-08-13,21582,16,3,0.0,113.27,115.2,345.6,Central,Small Business,2024,8,Aug
510981,2025-11-30,20306,27,2,0.0,282.82,296.25,592.5,South,Corporate,2025,11,Nov
510982,2024-11-05,21858,5,3,0.1,310.91,330.52,892.4,West,Consumer,2024,11,Nov
510983,2025-03-12,23368,8,2,0.0,289.09,302.6,605.2,West,Consumer,2025,3,Mar
510984,2024-02-19,20642,2,3,0.0,177.67,182.86,548.58,West,Corporate,2024,2,Feb
510985,2024-03-30,22955,5,4,0.05,310.91,298.09,1132.74,North,Small Business,2024,3,Mar
510986,2024-05-01,23863,21,4,0.15,301.42,312.86,1063.72,West,Corporate,2024,5,May
510987,2025-06-18,22171,3,3,0.0,379.36,370.82,1112.46,South,Consumer,2025,6,Jun
510988,2025-01-01,20389,4,3,0.0,453.41,450.27,1350.81,Central,Small Business,2025,1,Jan
510989,2025-06-13,23901,5,4,0.2,310.91,327.79,1048.93,East,Consumer,2025,6,Jun
510990,2024-10-07,20797,29,3,0.1,538.73,544.86,1471.12,Central,Consumer,2024,10,Oct
510991,2024-09-16,23157,29,4,0.0,538.73,552.97,2211.88,South,Consumer,2024,9,Sep
510992,2024-11-25,21538,25,3,0.05,408.11,434.17,1237.38,West,Consumer,2024,11,Nov
510993,2024-09-29,23425,5,3,0.1,310.91,302.67,817.21,North,Corporate,2024,9,Sep
510994,2024-01-04,23270,27,4,0.0,282.82,269.5,1078.0,South,Corporate,2024,1,Jan
510995,2024-08-09,21712,26,1,0.0,173.18,179.81,179.81,South,Consumer,2024,8,Aug
510996,2025-11-09,22181,21,3,0.0,301.42,304.38,913.14,Central,Small Business,2025,11,Nov
510997,2025-07-10,20464,21,3,0.0,301.42,309.06,927.18,Central,Small Business,2025,7,Jul
510998,2025-01-15,21428,17,3,0.15,364.39,391.97,999.52,Central,Consumer,2025,1,Jan
510999,2024-11-03,23527,10,1,0.15,452.53,484.93,412.19,Central,Small Business,2024,11,Nov
511000,2024-11-14,21897,21,4,0.0,301.42,289.23,1156.92,Central,Small Business,2024,11,Nov
511001,2025-05-22,21197,9,1,0.2,308.58,307.26,245.81,West,Consumer,2025,5,May
511002,2025-09-26,23413,18,1,0.2,376.89,372.68,298.14,West,Small Business,2025,9,Sep
511003,2024-12-13,22693,21,2,0.0,301.42,317.87,635.74,East,Consumer,2024,12,Dec
511004,2024-02-15,21761,25,2,0.0,408.11,391.06,782.12,West,Consumer,2024,2,Feb
511005,2025-04-25,20619,29,3,0.1,538.73,501.86,1355.02,North,Consumer,2025,4,Apr
511006,2024-11-22,20935,6,4,0.0,183.47,191.12,764.48,East,Consumer,2024,11,Nov
511007,2025-09-22,21563,2,3,0.0,177.67,190.39,571.17,West,Small Business,2025,9,Sep
511008,2025-02-25,20832,4,3,0.05,453.41,425.04,1211.36,Central,Consumer,2025,2,Feb
511009,2024-01-12,21078,10,4,0.15,452.53,417.46,1419.36,East,Consumer,2024,1,Jan
511010,2024-07-21,23368,21,4,0.0,301.42,315.6,1262.4,West,Consumer,2024,7,Jul
511011,2024-07-16,22781,24,3,0.1,471.09,499.9,1349.73,South,Small Business,2024,7,Jul
511012,2024-07-08,21000,6,4,0.1,183.47,182.32,656.35,West,Consumer,2024,7,Jul
511013,2024-12-04,22218,29,4,0.0,538.73,544.24,2176.96,North,Small Business,2024,12,Dec
511014,2024-04-28,22137,30,1,0.0,300.75,300.79,300.79,East,Small Business,2024,4,Apr
511015,2025-07-21,23447,21,4,0.2,301.42,311.29,996.13,South,Consumer,2025,7,Jul
511016,2025-05-31,22791,5,4,0.0,310.91,320.13,1280.52,East,Consumer,2025,5,May
511017,2024-09-15,23090,23,3,0.0,430.62,400.16,1200.48,East,Consumer,2024,9,Sep
511018,2025-05-03,20614,20,3,0.0,187.69,186.8,560.4,Central,Consumer,2025,5,May
511019,2025-10-01,21701,10,4,0.0,452.53,434.14,1736.56,West,Small Business,2025,10,Oct
511020,2024-10-26,20079,24,1,0.05,471.09,458.2,435.29,East,Consumer,2024,10,Oct
511021,2024-12-07,22720,1,2,0.0,118.77,118.38,236.76,South,Consumer,2024,12,Dec
511022,2024-03-14,23957,9,2,0.0,308.58,300.02,600.04,Central,Consumer,2024,3,Mar
511023,2025-02-09,22746,3,3,0.15,379.36,358.26,913.56,Central,Small Business,2025,2,Feb
511024,2024-05-15,23257,21,1,0.0,301.42,293.48,293.48,West,Corporate,2024,5,May
511025,2024-01-21,20480,22,3,0.0,356.25,372.01,1116.03,North,Consumer,2024,1,Jan
511026,2024-10-21,23787,29,4,0.0,538.73,549.33,2197.32,Central,Small Business,2024,10,Oct
511027,2025-05-28,22939,15,3,0.0,203.7,196.15,588.45,North,Consumer,2025,5,May
511028,2024-06-30,22266,29,3,0.0,538.73,567.96,1703.88,Central,Corporate,2024,6,Jun
511029,2024-04-16,21606,9,3,0.05,308.58,329.31,938.53,Central,Consumer,2024,4,Apr
511030,2025-06-22,20898,5,3,0.0,310.91,299.02,897.06,Central,Small Business,2025,6,Jun
511031,2024-05-12,23479,30,2,0.2,300.75,313.5,501.6,North,Corporate,2024,5,May
511032,2024-02-27,22089,4,1,0.2,453.41,419.62,335.7,Central,Consumer,2024,2,Feb
511033,2024-01-08,23842,25,1,0.1,408.11,437.68,393.91,North,Consumer,2024,1,Jan
511034,2024-10-12,23050,10,2,0.05,452.53,421.08,800.05,Central,Small Business,2024,10,Oct
511035,2024-10-19,23442,9,4,0.0,308.58,327.57,1310.28,East,Consumer,2024,10,Oct
511036,2025-10-10,22392,2,4,0.05,177.67,178.76,679.29,Central,Consumer,2025,10,Oct
511037,2025-06-17,21986,8,1,0.05,289.09,281.16,267.1,East,Small Business,2025,6,Jun
511038,2024-09-04,21899,5,4,0.0,310.91,334.94,1339.76,Central,Consumer,2024,9,Sep
511039,2024-09-03,20259,16,1,0.1,113.27,118.23,106.41,Central,Consumer,2024,9,Sep
511040,2025-07-10,22235,12,4,0.0,119.8,124.3,497.2,Central,Corporate,2025,7,Jul
511041,2024-04-29,21725,9,1,0.0,308.58,317.83,317.83,South,Small Business,2024,4,Apr
511042,2024-08-07,20893,1,3,0.15,118.77,121.74,310.44,North,Consumer,2024,8,Aug
511043,2025-06-03,22690,25,1,0.15,408.11,416.69,354.19,Central,Consumer,2025,6,Jun
511044,2025-04-17,21553,3,4,0.1,379.36,398.36,1434.1,Central,Consumer,2025,4,Apr
511045,2025-11-06,20291,5,1,0.0,310.91,296.93,296.93,Central,Consumer,2025,11,Nov
511046,2025-02-11,21815,29,4,0.0,538.73,505.69,2022.76,East,Corporate,2025,2,Feb
511047,2024-07-02,21010,25,3,0.0,408.11,410.22,1230.66,South,Small Business,2024,7,Jul
511048,2025-01-16,23042,22,3,0.1,356.25,378.95,1023.16,Central,Corporate,2025,1,Jan
511049,2024-08-13,21153,4,3,0.0,453.41,460.73,1382.19,Central,Consumer,2024,8,Aug
511050,2024-04-17,22134,10,1,0.05,452.53,460.6,437.57,Central,Consumer,2024,4,Apr
511051,2025-01-27,23513,9,4,0.0,308.58,322.18,1288.72,Central,Corporate,2025,1,Jan
511052,2024-02-07,21796,4,3,0.0,453.41,466.85,1400.55,North,Consumer,2024,2,Feb
511053,2024-06-06,23019,9,3,0.1,308.58,291.43,786.86,West,Consumer,2024,6,Jun
511054,2024-04-07,23812,15,1,0.15,203.7,194.81,165.59,West,Consumer,2024,4,Apr
511055,2025-08-31,20155,8,2,0.0,289.09,281.92,563.84,Central,Consumer,2025,8,Aug
511056,2025-07-05,20840,18,3,0.05,376.89,397.98,1134.24,West,Small Business,2025,7,Jul
511057,2025-10-19,22474,17,3,0.0,364.39,375.36,1126.08,North,Small Business,2025,10,Oct
511058,2025-12-30,23240,9,4,0.0,308.58,318.87,1275.48,North,Small Business,2025,12,Dec
511059,2025-10-07,20496,24,1,0.0,471.09,453.46,453.46,Central,Consumer,2025,10,Oct
511060,2024-07-08,20017,18,3,0.15,376.89,386.77,986.26,North,Consumer,2024,7,Jul
511061,2024-03-14,22443,30,4,0.0,300.75,308.64,1234.56,South,Consumer,2024,3,Mar
511062,2024-07-12,21568,14,2,0.1,323.49,337.81,608.06,East,Small Business,2024,7,Jul
511063,2025-10-22,20221,22,3,0.0,356.25,382.67,1148.01,East,Small Business,2025,10,Oct
511064,2024-10-07,20774,20,2,0.1,187.69,199.13,358.43,Central,Corporate,2024,10,Oct
511065,2025-06-07,23340,2,4,0.2,177.67,182.22,583.1,West,Small Business,2025,6,Jun
511066,2024-09-20,21923,13,4,0.1,509.47,515.79,1856.84,Central,Consumer,2024,9,Sep
511067,2025-02-27,21544,13,1,0.0,509.47,546.14,546.14,Central,Consumer,2025,2,Feb
511068,2025-04-11,21971,16,3,0.05,113.27,111.1,316.63,Central,Consumer,2025,4,Apr
511069,2025-10-19,22665,25,2,0.0,408.11,404.99,809.98,West,Consumer,2025,10,Oct
511070,2024-11-23,21562,4,4,0.05,453.41,434.16,1649.81,Central,Small Business,2024,11,Nov
511071,2025-11-18,20986,22,2,0.0,356.25,370.43,740.86,West,Consumer,2025,11,Nov
511072,2025-04-01,20219,7,4,0.15,208.23,209.72,713.05,North,Consumer,2025,4,Apr
511073,2024-11-06,23886,15,3,0.0,203.7,201.52,604.56,South,Consumer,2024,11,Nov
511074,2024-03-12,20925,15,2,0.1,203.7,194.88,350.78,West,Consumer,2024,3,Mar
511075,2025-12-30,23527,27,1,0.05,282.82,280.98,266.93,Central,Small Business,2025,12,Dec
511076,2025-06-26,21045,16,3,0.15,113.27,115.37,294.19,South,Small Business,2025,6,Jun
511077,2025-12-12,22972,17,2,0.1,364.39,376.07,676.93,West,Consumer,2025,12,Dec
511078,2025-07-17,21858,24,1,0.2,471.09,501.65,401.32,West,Consumer,2025,7,Jul
511079,2024-09-09,21054,9,3,0.15,308.58,303.89,774.92,Central,Small Business,2024,9,Sep
511080,2025-11-25,21695,6,1,0.0,183.47,177.81,177.81,Central,Consumer,2025,11,Nov
511081,2024-05-08,22693,8,4,0.0,289.09,300.68,1202.72,East,Consumer,2024,5,May
511082,2025-04-23,20807,21,1,0.05,301.42,297.04,282.19,West,Corporate,2025,4,Apr
511083,2024-10-26,23552,17,4,0.0,364.39,371.15,1484.6,Central,Consumer,2024,10,Oct
511084,2025-02-24,22434,14,1,0.0,323.49,331.75,331.75,South,Consumer,2025,2,Feb
511085,2024-01-13,21041,13,3,0.05,509.47,471.62,1344.12,Central,Consumer,2024,1,Jan
511086,2025-02-28,21879,1,4,0.2,118.77,123.56,395.39,East,Corporate,2025,2,Feb
511087,2024-12-27,22926,6,4,0.0,183.47,195.74,782.96,East,Corporate,2024,12,Dec
511088,2024-03-08,20885,2,1,0.0,177.67,168.46,168.46,Central,Consumer,2024,3,Mar
511089,2024-08-11,23188,8,3,0.05,289.09,297.11,846.76,West,Small Business,2024,8,Aug
511090,2024-08-28,20310,16,3,0.05,113.27,114.81,327.21,South,Consumer,2024,8,Aug
511091,2024-05-09,23059,28,3,0.15,297.74,285.51,728.05,Central,Consumer,2024,5,May
511092,2025-10-12,20491,21,2,0.0,301.42,284.62,569.24,South,Consumer,2025,10,Oct
511093,2025-07-07,23160,19,4,0.0,495.95,467.54,1870.16,North,Corporate,2025,7,Jul
511094,2025-10-08,20281,26,4,0.1,173.18,159.48,574.13,West,Consumer,2025,10,Oct
511095,2024-03-23,23151,19,2,0.15,495.95,486.97,827.85,Central,Consumer,2024,3,Mar
511096,2025-11-28,20172,7,3,0.1,208.23,206.13,556.55,Central,Consumer,2025,11,Nov
511097,2025-01-04,22023,22,2,0.1,356.25,357.26,643.07,South,Consumer,2025,1,Jan
511098,2025-05-05,20387,25,4,0.0,408.11,440.41,1761.64,Central,Small Business,2025,5,May
511099,2025-12-11,20631,9,3,0.15,308.58,291.43,743.15,Central,Consumer,2025,12,Dec
511100,2024-06-12,21359,6,4,0.1,183.47,190.94,687.38,South,Consumer,2024,6,Jun
511101,2025-09-20,23643,18,2,0.15,376.89,404.08,686.94,West,Small Business,2025,9,Sep
511102,2025-08-30,22127,20,2,0.05,187.69,197.33,374.93,Central,Corporate,2025,8,Aug
511103,2024-08-21,20863,22,1,0.1,356.25,347.12,312.41,Central,Small Business,2024,8,Aug
511104,2025-02-27,21890,6,1,0.15,183.47,181.28,154.09,Central,Consumer,2025,2,Feb
511105,2025-05-13,20250,9,2,0.0,308.58,309.59,619.18,Central,Small Business,2025,5,May
511106,2024-03-11,23606,19,1,0.0,495.95,519.03,519.03,North,Consumer,2024,3,Mar
511107,2024-02-02,23321,15,1,0.0,203.7,193.63,193.63,West,Consumer,2024,2,Feb
511108,2024-02-12,23621,9,2,0.0,308.58,302.29,604.58,South,Corporate,2024,2,Feb
511109,2025-07-20,20731,17,4,0.0,364.39,361.18,1444.72,East,Consumer,2025,7,Jul
511110,2025-03-31,20735,12,3,0.2,119.8,121.89,292.54,South,Consumer,2025,3,Mar
511111,2024-09-07,20434,12,4,0.1,119.8,123.61,445.0,Central,Consumer,2024,9,Sep
511112,2025-04-26,23469,20,3,0.0,187.69,186.5,559.5,East,Consumer,2025,4,Apr
511113,2025-04-11,22398,9,4,0.2,308.58,318.51,1019.23,North,Consumer,2025,4,Apr
511114,2024-08-13,22255,16,4,0.0,113.27,105.1,420.4,South,Corporate,2024,8,Aug
511115,2025-01-01,22264,7,2,0.1,208.23,208.69,375.64,North,Consumer,2025,1,Jan
511116,2025-11-15,22952,3,4,0.0,379.36,392.14,1568.56,West,Corporate,2025,11,Nov
511117,2025-10-15,23681,22,3,0.05,356.25,333.51,950.5,West,Small Business,2025,10,Oct
511118,2024-05-09,23164,19,1,0.05,495.95,511.96,486.36,West,Consumer,2024,5,May
511119,2024-07-06,21016,13,4,0.05,509.47,526.93,2002.33,North,Small Business,2024,7,Jul
511120,2024-04-23,21609,17,2,0.05,364.39,375.57,713.58,South,Consumer,2024,4,Apr
511121,2025-11-17,23935,24,1,0.0,471.09,506.99,506.99,South,Consumer,2025,11,Nov
511122,2024-09-27,21699,23,2,0.2,430.62,458.38,733.41,South,Small Business,2024,9,Sep
511123,2025-01-13,23112,24,2,0.05,471.09,497.89,945.99,Central,Consumer,2025,1,Jan
511124,2024-12-30,23020,26,1,0.05,173.18,161.46,153.39,South,Small Business,2024,12,Dec
511125,2024-02-02,23897,21,2,0.0,301.42,323.74,647.48,Central,Consumer,2024,2,Feb
511126,2024-12-06,23293,6,3,0.0,183.47,194.67,584.01,West,Consumer,2024,12,Dec
511127,2024-03-01,22430,14,1,0.2,323.49,327.31,261.85,West,Consumer,2024,3,Mar
511128,2025-05-20,21757,21,1,0.0,301.42,315.15,315.15,Central,Consumer,2025,5,May
511129,2024-09-14,20093,15,4,0.1,203.7,213.03,766.91,South,Consumer,2024,9,Sep
511130,2024-05-25,20988,11,1,0.2,526.43,551.78,441.42,Central,Corporate,2024,5,May
511131,2024-05-19,21821,15,2,0.05,203.7,209.97,398.94,South,Consumer,2024,5,May
511132,2025-01-14,22678,8,1,0.05,289.09,294.64,279.91,East,Consumer,2025,1,Jan
511133,2024-05-03,23844,2,4,0.05,177.67,179.48,682.02,East,Consumer,2024,5,May
511134,2025-01-02,23118,22,4,0.05,356.25,370.14,1406.53,West,Corporate,2025,1,Jan
511135,2024-02-03,20674,27,1,0.0,282.82,297.83,297.83,Central,Corporate,2024,2,Feb
511136,2025-10-23,23060,16,3,0.0,113.27,113.29,339.87,North,Small Business,2025,10,Oct
511137,2024-04-22,23647,17,2,0.0,364.39,362.5,725.0,Central,Consumer,2024,4,Apr
511138,2025-08-11,21562,27,4,0.0,282.82,300.19,1200.76,Central,Small Business,2025,8,Aug
511139,2025-12-22,20973,19,4,0.1,495.95,479.75,1727.1,West,Consumer,2025,12,Dec
511140,2025-10-04,20730,8,4,0.1,289.09,267.18,961.85,West,Corporate,2025,10,Oct
511141,2025-09-07,20509,13,4,0.0,509.47,476.96,1907.84,East,Consumer,2025,9,Sep
511142,2025-10-01,22002,6,3,0.1,183.47,182.3,492.21,North,Corporate,2025,10,Oct
511143,2025-01-08,23776,14,3,0.1,323.49,303.09,818.34,Central,Small Business,2025,1,Jan
511144,2024-03-14,21132,16,4,0.0,113.27,122.25,489.0,Central,Consumer,2024,3,Mar
511145,2025-07-02,20216,10,2,0.15,452.53,473.41,804.8,Central,Consumer,2025,7,Jul
511146,2025-01-03,21261,24,1,0.0,471.09,454.92,454.92,South,Corporate,2025,1,Jan
511147,2024-06-17,20189,30,2,0.05,300.75,292.8,556.32,East,Consumer,2024,6,Jun
511148,2025-09-28,22740,16,4,0.0,113.27,111.66,446.64,West,Consumer,2025,9,Sep
511149,2024-11-08,20397,11,2,0.0,526.43,490.97,981.94,Central,Small Business,2024,11,Nov
511150,2025-08-26,21293,13,3,0.0,509.47,487.35,1462.05,North,Small Business,2025,8,Aug
511151,2024-08-15,22984,2,1,0.0,177.67,163.51,163.51,South,Consumer,2024,8,Aug
511152,2025-10-31,23213,20,4,0.05,187.69,193.97,737.09,West,Small Business,2025,10,Oct
511153,2025-11-10,20054,9,4,0.1,308.58,286.32,1030.75,North,Small Business,2025,11,Nov
511154,2024-01-31,21573,16,2,0.0,113.27,107.96,215.92,Central,Consumer,2024,1,Jan
511155,2025-12-18,21283,22,3,0.1,356.25,372.65,1006.15,South,Consumer,2025,12,Dec
511156,2024-11-03,20681,20,4,0.0,187.69,186.57,746.28,East,Small Business,2024,11,Nov
511157,2024-02-16,20971,17,2,0.0,364.39,368.32,736.64,West,Small Business,2024,2,Feb
511158,2024-03-25,21809,23,1,0.05,430.62,444.06,421.86,Central,Consumer,2024,3,Mar
511159,2024-09-13,23200,4,4,0.0,453.41,489.64,1958.56,West,Corporate,2024,9,Sep
511160,2024-03-30,21402,30,3,0.0,300.75,289.08,867.24,North,Corporate,2024,3,Mar
511161,2025-08-01,21263,17,1,0.15,364.39,360.57,306.48,Central,Small Business,2025,8,Aug
511162,2025-02-12,21281,8,1,0.05,289.09,294.8,280.06,Central,Consumer,2025,2,Feb
511163,2024-07-04,23583,2,3,0.05,177.67,180.29,513.83,West,Small Business,2024,7,Jul
511164,2025-12-21,20799,19,4,0.1,495.95,457.04,1645.34,South,Small Business,2025,12,Dec
511165,2024-12-07,23031,17,3,0.0,364.39,335.3,1005.9,North,Small Business,2024,12,Dec
511166,2025-07-06,20959,19,4,0.2,495.95,509.08,1629.06,Central,Consumer,2025,7,Jul
511167,2024-09-27,23200,1,3,0.0,118.77,111.13,333.39,West,Corporate,2024,9,Sep
511168,2025-01-27,23017,7,2,0.0,208.23,213.0,426.0,Central,Consumer,2025,1,Jan
511169,2025-01-13,20971,21,4,0.0,301.42,309.72,1238.88,West,Small Business,2025,1,Jan
511170,2025-09-03,23059,29,4,0.1,538.73,571.5,2057.4,Central,Consumer,2025,9,Sep
511171,2025-07-20,20733,18,3,0.1,376.89,375.33,1013.39,Central,Small Business,2025,7,Jul
511172,2025-04-06,21692,24,2,0.0,471.09,495.37,990.74,North,Consumer,2025,4,Apr
511173,2024-04-21,21415,28,2,0.05,297.74,292.54,555.83,South,Small Business,2024,4,Apr
511174,2024-03-03,21157,7,3,0.0,208.23,222.31,666.93,South,Consumer,2024,3,Mar
511175,2024-02-22,22332,13,2,0.0,509.47,476.05,952.1,Central,Consumer,2024,2,Feb
511176,2025-04-03,22497,30,4,0.05,300.75,301.69,1146.42,South,Consumer,2025,4,Apr
511177,2025-09-28,23475,22,1,0.05,356.25,378.7,359.76,Central,Consumer,2025,9,Sep
511178,2024-02-26,22641,7,4,0.0,208.23,208.46,833.84,Central,Corporate,2024,2,Feb
511179,2025-03-17,21385,7,4,0.1,208.23,218.5,786.6,Central,Consumer,2025,3,Mar
511180,2024-09-29,22202,8,2,0.0,289.09,287.22,574.44,Central,Small Business,2024,9,Sep
511181,2025-11-02,21905,12,3,0.1,119.8,117.97,318.52,North,Consumer,2025,11,Nov
511182,2024-09-25,23017,1,1,0.05,118.77,120.62,114.59,Central,Consumer,2024,9,Sep
511183,2025-06-19,22664,3,2,0.1,379.36,404.08,727.34,Central,Consumer,2025,6,Jun
511184,2025-12-21,21683,4,2,0.15,453.41,482.39,820.06,Central,Consumer,2025,12,Dec
511185,2024-09-13,22044,29,2,0.05,538.73,557.93,1060.07,Central,Small Business,2024,9,Sep
511186,2024-04-03,22598,3,1,0.0,379.36,381.4,381.4,West,Small Business,2024,4,Apr
511187,2025-11-22,21925,26,2,0.0,173.18,173.0,346.0,Central,Consumer,2025,11,Nov
511188,2025-09-11,22051,29,2,0.0,538.73,532.02,1064.04,South,Corporate,2025,9,Sep
511189,2024-06-11,21353,10,2,0.0,452.53,484.17,968.34,Central,Small Business,2024,6,Jun
511190,2024-08-09,21276,26,3,0.1,173.18,180.34,486.92,South,Small Business,2024,8,Aug
511191,2025-02-04,23080,21,4,0.0,301.42,290.15,1160.6,East,Small Business,2025,2,Feb
511192,2024-12-17,20525,21,2,0.0,301.42,320.98,641.96,Central,Consumer,2024,12,Dec
511193,2024-12-26,21250,28,3,0.0,297.74,277.57,832.71,West,Corporate,2024,12,Dec
511194,2025-10-10,20758,12,1,0.05,119.8,112.5,106.88,West,Consumer,2025,10,Oct
511195,2025-09-01,20809,10,2,0.15,452.53,463.18,787.41,North,Consumer,2025,9,Sep
511196,2024-11-03,21964,23,2,0.0,430.62,430.5,861.0,East,Small Business,2024,11,Nov
511197,2025-06-06,20691,17,2,0.2,364.39,354.27,566.83,East,Consumer,2025,6,Jun
511198,2025-05-09,20800,15,2,0.15,203.7,202.65,344.5,North,Consumer,2025,5,May
511199,2024-12-29,23627,26,1,0.05,173.18,172.56,163.93,East,Consumer,2024,12,Dec
511200,2025-10-08,23851,29,3,0.1,538.73,554.9,1498.23,North,Consumer,2025,10,Oct
511201,2025-06-10,21829,6,3,0.0,183.47,174.82,524.46,West,Consumer,2025,6,Jun
511202,2024-05-25,21446,1,1,0.1,118.77,123.05,110.74,West,Consumer,2024,5,May
511203,2024-09-11,22270,23,1,0.15,430.62,437.89,372.21,West,Consumer,2024,9,Sep
511204,2024-08-29,20621,1,3,0.0,118.77,109.42,328.26,West,Corporate,2024,8,Aug
511205,2025-11-07,21103,22,1,0.05,356.25,356.67,338.84,North,Corporate,2025,11,Nov
511206,2025-03-20,23732,12,1,0.0,119.8,111.74,111.74,Central,Consumer,2025,3,Mar
511207,2024-01-02,20219,2,2,0.0,177.67,177.47,354.94,North,Consumer,2024,1,Jan
511208,2024-09-29,23357,26,4,0.0,173.18,167.52,670.08,South,Consumer,2024,9,Sep
511209,2025-05-09,23594,28,1,0.0,297.74,298.79,298.79,Central,Small Business,2025,5,May
511210,2024-11-19,21006,21,4,0.1,301.42,296.3,1066.68,North,Consumer,2024,11,Nov
511211,2025-04-25,22005,22,4,0.0,356.25,351.4,1405.6,West,Consumer,2025,4,Apr
511212,2025-06-06,22673,10,2,0.0,452.53,443.46,886.92,South,Consumer,2025,6,Jun
511213,2024-03-05,20772,15,1,0.1,203.7,212.77,191.49,Central,Corporate,2024,3,Mar
511214,2025-09-26,22889,3,1,0.0,379.36,372.65,372.65,Central,Consumer,2025,9,Sep
511215,2025-05-17,23671,1,4,0.15,118.77,117.83,400.62,North,Small Business,2025,5,May
511216,2024-10-02,21977,17,3,0.0,364.39,379.64,1138.92,Central,Consumer,2024,10,Oct
511217,2024-12-08,23448,10,4,0.15,452.53,463.21,1574.91,North,Small Business,2024,12,Dec
511218,2024-07-13,22354,17,4,0.0,364.39,345.76,1383.04,Central,Consumer,2024,7,Jul
511219,2025-03-13,20099,17,2,0.0,364.39,381.62,763.24,Central,Small Business,2025,3,Mar
511220,2025-06-19,23373,1,2,0.2,118.77,121.69,194.7,West,Consumer,2025,6,Jun
511221,2025-01-26,21974,30,4,0.15,300.75,301.5,1025.1,South,Corporate,2025,1,Jan
511222,2025-03-12,21962,25,3,0.0,408.11,413.15,1239.45,East,Corporate,2025,3,Mar
511223,2025-07-17,20974,2,2,0.0,177.67,180.05,360.1,Central,Consumer,2025,7,Jul
511224,2025-06-27,21827,23,2,0.05,430.62,428.98,815.06,North,Consumer,2025,6,Jun
511225,2025-07-22,21889,5,4,0.1,310.91,294.42,1059.91,Central,Small Business,2025,7,Jul
511226,2025-11-18,22963,15,3,0.0,203.7,201.44,604.32,East,Corporate,2025,11,Nov
511227,2025-05-25,22313,15,4,0.05,203.7,192.95,733.21,Central,Consumer,2025,5,May
511228,2024-06-16,23776,6,4,0.0,183.47,194.61,778.44,Central,Small Business,2024,6,Jun
511229,2024-07-04,21059,15,4,0.05,203.7,219.53,834.21,Central,Consumer,2024,7,Jul
511230,2025-07-08,23691,16,2,0.15,113.27,119.07,202.42,East,Consumer,2025,7,Jul
511231,2024-03-19,22863,10,1,0.0,452.53,475.2,475.2,South,Small Business,2024,3,Mar
511232,2024-07-17,22466,19,1,0.0,495.95,469.75,469.75,East,Consumer,2024,7,Jul
511233,2025-08-30,22602,7,4,0.1,208.23,201.15,724.14,East,Consumer,2025,8,Aug
511234,2024-06-28,22183,28,3,0.1,297.74,291.51,787.08,North,Consumer,2024,6,Jun
511235,2025-06-26,20344,26,3,0.0,173.18,173.97,521.91,Central,Corporate,2025,6,Jun
511236,2025-06-10,22506,8,4,0.05,289.09,295.36,1122.37,Central,Consumer,2025,6,Jun
511237,2024-10-16,21014,14,2,0.0,323.49,310.63,621.26,East,Consumer,2024,10,Oct
511238,2024-07-28,20229,24,4,0.0,471.09,475.46,1901.84,South,Small Business,2024,7,Jul
511239,2024-09-06,21550,14,4,0.15,323.49,335.16,1139.54,South,Consumer,2024,9,Sep
511240,2024-01-10,23560,16,3,0.0,113.27,108.19,324.57,South,Corporate,2024,1,Jan
511241,2025-03-01,20286,24,3,0.05,471.09,501.44,1429.1,East,Small Business,2025,3,Mar
511242,2024-11-04,20147,2,4,0.0,177.67,176.92,707.68,Central,Consumer,2024,11,Nov
511243,2024-04-23,21449,16,4,0.0,113.27,118.83,475.32,South,Small Business,2024,4,Apr
511244,2024-09-21,20290,25,2,0.15,408.11,401.82,683.09,South,Consumer,2024,9,Sep
511245,2024-03-29,20196,17,4,0.0,364.39,362.31,1449.24,South,Consumer,2024,3,Mar
511246,2024-01-18,20158,18,1,0.15,376.89,396.58,337.09,West,Consumer,2024,1,Jan
511247,2025-04-22,23092,22,3,0.0,356.25,343.5,1030.5,West,Small Business,2025,4,Apr
511248,2024-09-12,22917,2,1,0.0,177.67,167.34,167.34,South,Consumer,2024,9,Sep
511249,2024-05-22,20889,25,1,0.15,408.11,437.17,371.59,East,Small Business,2024,5,May
511250,2024-09-21,21122,21,1,0.05,301.42,304.36,289.14,North,Small Business,2024,9,Sep
511251,2025-08-12,22947,16,4,0.05,113.27,110.3,419.14,South,Consumer,2025,8,Aug
511252,2025-01-23,21636,17,2,0.1,364.39,364.51,656.12,Central,Consumer,2025,1,Jan
511253,2025-06-09,21447,26,2,0.05,173.18,174.27,331.11,West,Small Business,2025,6,Jun
511254,2024-12-25,20994,13,4,0.0,509.47,527.89,2111.56,South,Consumer,2024,12,Dec
511255,2025-09-19,21912,27,2,0.1,282.82,299.29,538.72,North,Consumer,2025,9,Sep
511256,2024-04-29,23690,3,2,0.05,379.36,368.31,699.79,East,Consumer,2024,4,Apr
511257,2025-12-17,20895,8,1,0.1,289.09,287.88,259.09,North,Consumer,2025,12,Dec
511258,2025-05-24,23982,27,2,0.0,282.82,264.81,529.62,East,Corporate,2025,5,May
511259,2024-08-12,20907,23,3,0.15,430.62,451.09,1150.28,West,Consumer,2024,8,Aug
511260,2025-10-29,21760,28,2,0.05,297.74,292.25,555.28,West,Consumer,2025,10,Oct
511261,2025-02-02,22085,6,4,0.1,183.47,176.71,636.16,Central,Consumer,2025,2,Feb
511262,2025-08-03,23267,29,4,0.05,538.73,555.84,2112.19,Central,Small Business,2025,8,Aug
511263,2024-10-12,22968,9,1,0.0,308.58,316.8,316.8,Central,Consumer,2024,10,Oct
511264,2024-04-25,21011,19,2,0.05,495.95,456.62,867.58,Central,Corporate,2024,4,Apr
511265,2024-12-01,22977,3,4,0.1,379.36,398.77,1435.57,East,Consumer,2024,12,Dec
511266,2025-02-07,22595,2,3,0.15,177.67,172.11,438.88,Central,Small Business,2025,2,Feb
511267,2024-03-09,20194,12,3,0.15,119.8,124.92,318.55,North,Consumer,2024,3,Mar
511268,2024-05-17,20531,20,4,0.0,187.69,186.42,745.68,West,Consumer,2024,5,May
511269,2024-06-17,21565,9,3,0.0,308.58,296.58,889.74,Central,Consumer,2024,6,Jun
511270,2024-10-18,23456,26,3,0.0,173.18,184.93,554.79,East,Consumer,2024,10,Oct
511271,2024-05-24,23233,7,3,0.2,208.23,203.6,488.64,North,Small Business,2024,5,May
511272,2025-10-03,21723,30,3,0.05,300.75,322.02,917.76,Central,Corporate,2025,10,Oct
511273,2025-05-20,21363,23,4,0.05,430.62,454.37,1726.61,South,Consumer,2025,5,May
511274,2024-03-26,22899,17,3,0.1,364.39,358.81,968.79,Central,Small Business,2024,3,Mar
511275,2024-08-25,20215,11,1,0.0,526.43,547.5,547.5,Central,Small Business,2024,8,Aug
511276,2025-11-18,22563,11,3,0.05,526.43,543.87,1550.03,North,Consumer,2025,11,Nov
511277,2025-08-25,22572,3,4,0.1,379.36,358.31,1289.92,West,Corporate,2025,8,Aug
511278,2024-09-03,23127,14,3,0.0,323.49,324.18,972.54,West,Consumer,2024,9,Sep
511279,2024-07-14,23869,6,1,0.0,183.47,183.5,183.5,South,Consumer,2024,7,Jul
511280,2025-03-28,21512,18,3,0.0,376.89,358.71,1076.13,South,Consumer,2025,3,Mar
511281,2025-06-18,23772,4,3,0.15,453.41,477.88,1218.59,West,Corporate,2025,6,Jun
511282,2024-12-26,22411,25,3,0.0,408.11,396.45,1189.35,West,Small Business,2024,12,Dec
511283,2025-01-18,21365,2,3,0.0,177.67,191.13,573.39,Central,Consumer,2025,1,Jan
511284,2025-02-08,22446,29,4,0.0,538.73,529.0,2116.0,West,Small Business,2025,2,Feb
511285,2025-03-21,20548,30,3,0.2,300.75,279.29,670.3,North,Consumer,2025,3,Mar
511286,2025-04-03,20797,7,4,0.05,208.23,211.23,802.67,Central,Consumer,2025,4,Apr
511287,2024-08-31,21245,25,4,0.05,408.11,426.94,1622.37,South,Consumer,2024,8,Aug
511288,2024-03-05,20748,8,1,0.05,289.09,294.32,279.6,North,Consumer,2024,3,Mar
511289,2025-04-14,23288,15,1,0.0,203.7,189.33,189.33,North,Consumer,2025,4,Apr
511290,2024-05-26,22840,26,4,0.05,173.18,181.48,689.62,Central,Small Business,2024,5,May
511291,2025-04-04,23266,7,3,0.0,208.23,216.28,648.84,West,Corporate,2025,4,Apr
511292,2025-07-04,20933,14,1,0.05,323.49,308.04,292.64,Central,Consumer,2025,7,Jul
511293,2025-07-11,20202,12,3,0.05,119.8,124.63,355.2,Central,Consumer,2025,7,Jul
511294,2025-07-02,22507,9,2,0.1,308.58,286.34,515.41,West,Small Business,2025,7,Jul
511295,2025-01-05,21649,13,2,0.0,509.47,528.28,1056.56,West,Consumer,2025,1,Jan
511296,2025-02-09,23843,4,1,0.0,453.41,443.94,443.94,Central,Consumer,2025,2,Feb
511297,2025-07-13,20804,16,2,0.05,113.27,114.07,216.73,East,Small Business,2025,7,Jul
511298,2025-11-22,21084,6,2,0.0,183.47,178.73,357.46,Central,Small Business,2025,11,Nov
511299,2025-12-14,21464,9,2,0.0,308.58,308.2,616.4,West,Small Business,2025,12,Dec
511300,2024-02-02,23511,10,2,0.15,452.53,469.5,798.15,South,Small Business,2024,2,Feb
511301,2024-08-23,23916,15,1,0.1,203.7,188.36,169.52,West,Small Business,2024,8,Aug
511302,2025-10-21,22101,1,4,0.0,118.77,126.37,505.48,West,Consumer,2025,10,Oct
511303,2025-04-13,20945,2,1,0.0,177.67,176.58,176.58,West,Consumer,2025,4,Apr
511304,2024-11-12,22352,30,3,0.0,300.75,298.36,895.08,West,Corporate,2024,11,Nov
511305,2025-03-19,20154,30,3,0.1,300.75,296.78,801.31,Central,Corporate,2025,3,Mar
511306,2025-10-28,21073,17,2,0.15,364.39,391.86,666.16,Central,Consumer,2025,10,Oct
511307,2025-07-19,21603,3,3,0.2,379.36,394.56,946.94,North,Consumer,2025,7,Jul
511308,2024-12-06,23703,25,3,0.0,408.11,430.41,1291.23,South,Consumer,2024,12,Dec
511309,2025-06-13,20352,26,4,0.1,173.18,168.02,604.87,West,Consumer,2025,6,Jun
511310,2025-07-17,22845,14,3,0.0,323.49,345.29,1035.87,North,Consumer,2025,7,Jul
511311,2025-05-23,21046,4,2,0.15,453.41,455.39,774.16,Central,Small Business,2025,5,May
511312,2025-12-20,22839,29,4,0.0,538.73,577.49,2309.96,North,Corporate,2025,12,Dec
511313,2024-11-17,21729,28,3,0.0,297.74,283.05,849.15,North,Consumer,2024,11,Nov
511314,2025-09-30,23425,13,1,0.0,509.47,543.97,543.97,North,Corporate,2025,9,Sep
511315,2024-05-10,20405,13,1,0.0,509.47,476.02,476.02,Central,Consumer,2024,5,May
511316,2024-03-06,20443,12,4,0.0,119.8,119.08,476.32,North,Consumer,2024,3,Mar
511317,2024-05-05,22442,17,2,0.1,364.39,343.04,617.47,West,Consumer,2024,5,May
511318,2025-07-27,20403,22,1,0.05,356.25,372.71,354.07,South,Consumer,2025,7,Jul
511319,2024-05-28,23644,16,3,0.0,113.27,108.36,325.08,East,Small Business,2024,5,May
511320,2024-12-04,20331,17,2,0.0,364.39,357.38,714.76,North,Small Business,2024,12,Dec
511321,2024-09-26,21257,18,1,0.05,376.89,361.8,343.71,East,Small Business,2024,9,Sep
511322,2024-07-30,23528,10,2,0.0,452.53,481.24,962.48,West,Consumer,2024,7,Jul
511323,2024-05-18,21938,19,4,0.0,495.95,520.39,2081.56,South,Consumer,2024,5,May
511324,2025-06-04,23609,1,4,0.1,118.77,119.98,431.93,West,Consumer,2025,6,Jun
511325,2025-05-18,22966,12,3,0.0,119.8,124.89,374.67,North,Consumer,2025,5,May
511326,2024-11-13,21715,4,1,0.0,453.41,433.39,433.39,North,Small Business,2024,11,Nov
511327,2025-05-13,23468,10,2,0.15,452.53,458.64,779.69,West,Consumer,2025,5,May
511328,2025-03-05,22665,8,2,0.05,289.09,286.31,543.99,West,Consumer,2025,3,Mar
511329,2024-04-11,22639,1,3,0.0,118.77,116.64,349.92,South,Consumer,2024,4,Apr
511330,2025-07-25,23396,4,2,0.05,453.41,453.0,860.7,West,Small Business,2025,7,Jul
511331,2024-09-22,20565,26,2,0.0,173.18,164.02,328.04,East,Consumer,2024,9,Sep
511332,2025-08-24,21440,16,1,0.05,113.27,106.68,101.35,West,Consumer,2025,8,Aug
511333,2024-01-23,21618,22,1,0.05,356.25,366.74,348.4,South,Consumer,2024,1,Jan
511334,2024-12-07,21054,11,1,0.0,526.43,512.31,512.31,Central,Small Business,2024,12,Dec
511335,2025-11-18,21238,2,1,0.1,177.67,164.51,148.06,South,Small Business,2025,11,Nov
511336,2024-11-17,23871,21,2,0.0,301.42,305.93,611.86,Central,Consumer,2024,11,Nov
511337,2025-08-23,20005,13,4,0.05,509.47,499.71,1898.9,West,Small Business,2025,8,Aug
511338,2024-10-28,20770,15,4,0.0,203.7,193.74,774.96,West,Consumer,2024,10,Oct
511339,2025-05-24,22183,4,1,0.2,453.41,482.39,385.91,North,Consumer,2025,5,May
511340,2025-05-09,22006,7,4,0.15,208.23,214.46,729.16,East,Consumer,2025,5,May
511341,2024-06-29,23595,18,3,0.15,376.89,405.02,1032.8,East,Consumer,2024,6,Jun
511342,2025-11-23,22356,14,2,0.0,323.49,348.12,696.24,East,Consumer,2025,11,Nov
511343,2024-08-06,23906,19,3,0.0,495.95,459.11,1377.33,Central,Consumer,2024,8,Aug
511344,2024-07-14,21505,22,4,0.1,356.25,378.6,1362.96,East,Consumer,2024,7,Jul
511345,2024-05-08,23904,16,3,0.05,113.27,114.2,325.47,West,Consumer,2024,5,May
511346,2024-07-27,21968,16,1,0.05,113.27,110.12,104.61,West,Consumer,2024,7,Jul
511347,2025-12-23,20438,15,2,0.2,203.7,219.23,350.77,East,Consumer,2025,12,Dec
511348,2025-04-18,23229,13,1,0.0,509.47,549.91,549.91,Central,Consumer,2025,4,Apr
511349,2025-03-24,20810,20,2,0.1,187.69,188.86,339.95,West,Consumer,2025,3,Mar
511350,2024-11-23,22879,11,2,0.0,526.43,512.82,1025.64,Central,Corporate,2024,11,Nov
511351,2024-06-22,23565,13,4,0.0,509.47,494.1,1976.4,Central,Consumer,2024,6,Jun
511352,2024-02-04,23182,21,2,0.15,301.42,303.33,515.66,Central,Consumer,2024,2,Feb
511353,2025-06-30,21181,27,1,0.05,282.82,286.46,272.14,South,Small Business,2025,6,Jun
511354,2024-02-22,21131,22,2,0.05,356.25,353.45,671.56,South,Consumer,2024,2,Feb
511355,2024-05-11,20439,18,3,0.1,376.89,379.64,1025.03,South,Small Business,2024,5,May
511356,2025-03-17,21062,19,4,0.2,495.95,483.55,1547.36,South,Corporate,2025,3,Mar
511357,2024-12-23,22275,4,2,0.05,453.41,478.49,909.13,Central,Consumer,2024,12,Dec
511358,2024-10-03,21001,18,3,0.0,376.89,380.25,1140.75,South,Small Business,2024,10,Oct
511359,2025-04-27,23388,19,4,0.05,495.95,485.35,1844.33,Central,Consumer,2025,4,Apr
511360,2025-04-01,22142,11,2,0.0,526.43,555.78,1111.56,Central,Consumer,2025,4,Apr
511361,2024-08-06,22311,22,2,0.0,356.25,370.65,741.3,Central,Consumer,2024,8,Aug
511362,2025-07-04,20646,23,1,0.0,430.62,446.43,446.43,Central,Consumer,2025,7,Jul
511363,2025-12-10,23573,29,3,0.05,538.73,502.19,1431.24,Central,Consumer,2025,12,Dec
511364,2024-09-06,23862,27,1,0.05,282.82,272.69,259.06,South,Consumer,2024,9,Sep
511365,2025-08-07,22574,14,1,0.1,323.49,320.59,288.53,North,Consumer,2025,8,Aug
511366,2025-03-01,23283,4,1,0.1,453.41,425.29,382.76,West,Consumer,2025,3,Mar
511367,2025-01-22,22643,6,1,0.15,183.47,169.62,144.18,Central,Consumer,2025,1,Jan
511368,2024-11-04,23935,28,2,0.0,297.74,286.38,572.76,South,Consumer,2024,11,Nov
511369,2025-04-10,21605,9,2,0.05,308.58,306.46,582.27,East,Consumer,2025,4,Apr
511370,2025-11-05,20980,7,1,0.0,208.23,203.81,203.81,North,Consumer,2025,11,Nov
511371,2024-04-30,22116,18,3,0.0,376.89,398.65,1195.95,South,Consumer,2024,4,Apr
511372,2025-12-06,22589,5,1,0.05,310.91,324.57,308.34,Central,Small Business,2025,12,Dec
511373,2024-05-30,23319,3,3,0.1,379.36,397.24,1072.55,West,Small Business,2024,5,May
511374,2025-05-08,23629,21,1,0.0,301.42,285.04,285.04,Central,Consumer,2025,5,May
511375,2025-03-10,20296,4,1,0.0,453.41,479.75,479.75,South,Consumer,2025,3,Mar
511376,2024-10-05,21766,14,4,0.0,323.49,348.25,1393.0,East,Small Business,2024,10,Oct
511377,2025-06-09,22629,19,3,0.0,495.95,489.23,1467.69,Central,Consumer,2025,6,Jun
511378,2025-11-24,21939,30,3,0.05,300.75,301.54,859.39,Central,Consumer,2025,11,Nov
511379,2025-08-24,20385,10,3,0.0,452.53,447.35,1342.05,West,Corporate,2025,8,Aug
511380,2024-09-02,20163,13,2,0.0,509.47,485.88,971.76,East,Consumer,2024,9,Sep
511381,2024-10-22,22930,16,1,0.0,113.27,107.87,107.87,East,Corporate,2024,10,Oct
511382,2025-01-22,23829,20,2,0.1,187.69,182.49,328.48,West,Consumer,2025,1,Jan
511383,2024-06-05,22507,7,4,0.0,208.23,203.48,813.92,West,Small Business,2024,6,Jun
511384,2025-11-18,22968,5,4,0.0,310.91,290.86,1163.44,Central,Consumer,2025,11,Nov
511385,2024-01-05,22116,22,4,0.0,356.25,334.0,1336.0,South,Consumer,2024,1,Jan
511386,2025-03-20,23867,13,2,0.0,509.47,519.45,1038.9,Central,Small Business,2025,3,Mar
511387,2024-07-16,21358,15,2,0.0,203.7,207.65,415.3,South,Corporate,2024,7,Jul
511388,2024-10-20,20892,21,2,0.2,301.42,285.68,457.09,North,Consumer,2024,10,Oct
511389,2024-04-28,22918,14,2,0.0,323.49,310.34,620.68,East,Corporate,2024,4,Apr
511390,2024-01-24,23090,4,1,0.0,453.41,455.46,455.46,East,Consumer,2024,1,Jan
511391,2025-03-07,23435,12,1,0.05,119.8,123.02,116.87,Central,Consumer,2025,3,Mar
511392,2025-07-31,20835,18,4,0.05,376.89,403.74,1534.21,Central,Consumer,2025,7,Jul
511393,2024-03-20,20515,19,2,0.1,495.95,528.68,951.62,East,Small Business,2024,3,Mar
511394,2024-03-04,20608,29,2,0.05,538.73,522.06,991.91,Central,Small Business,2024,3,Mar
511395,2024-06-15,23646,9,1,0.0,308.58,298.4,298.4,West,Corporate,2024,6,Jun
511396,2024-03-06,23667,9,3,0.05,308.58,302.67,862.61,East,Consumer,2024,3,Mar
511397,2024-11-12,22521,24,3,0.15,471.09,499.68,1274.18,North,Consumer,2024,11,Nov
511398,2024-06-15,20513,19,1,0.0,495.95,472.56,472.56,Central,Consumer,2024,6,Jun
511399,2024-12-29,22923,6,3,0.0,183.47,191.06,573.18,South,Small Business,2024,12,Dec
511400,2025-04-05,22688,19,2,0.2,495.95,479.36,766.98,South,Corporate,2025,4,Apr
511401,2024-08-18,23137,26,2,0.1,173.18,173.78,312.8,West,Consumer,2024,8,Aug
511402,2025-10-14,21664,26,1,0.1,173.18,172.07,154.86,West,Small Business,2025,10,Oct
511403,2025-01-06,20176,17,4,0.0,364.39,378.06,1512.24,West,Small Business,2025,1,Jan
511404,2024-01-07,23721,5,3,0.0,310.91,319.58,958.74,Central,Consumer,2024,1,Jan
511405,2024-11-12,21772,15,1,0.05,203.7,204.57,194.34,East,Consumer,2024,11,Nov
511406,2025-05-10,22065,22,3,0.0,356.25,361.17,1083.51,Central,Consumer,2025,5,May
511407,2024-11-28,23399,24,2,0.0,471.09,480.19,960.38,East,Consumer,2024,11,Nov
511408,2025-01-16,22563,17,3,0.1,364.39,383.35,1035.05,North,Consumer,2025,1,Jan
511409,2025-06-27,21249,6,4,0.0,183.47,177.32,709.28,West,Small Business,2025,6,Jun
511410,2025-03-30,23048,17,1,0.15,364.39,360.81,306.69,South,Consumer,2025,3,Mar
511411,2024-04-12,22056,4,2,0.05,453.41,462.86,879.43,East,Corporate,2024,4,Apr
511412,2025-05-19,21407,20,3,0.0,187.69,201.83,605.49,Central,Consumer,2025,5,May
511413,2024-04-03,21994,24,2,0.05,471.09,491.28,933.43,Central,Consumer,2024,4,Apr
511414,2025-04-26,23760,24,1,0.0,471.09,492.17,492.17,Central,Consumer,2025,4,Apr
511415,2025-05-18,23657,16,1,0.1,113.27,107.09,96.38,North,Small Business,2025,5,May
511416,2025-08-30,20297,22,1,0.15,356.25,368.0,312.8,South,Corporate,2025,8,Aug
511417,2025-12-19,20073,4,2,0.0,453.41,424.19,848.38,South,Consumer,2025,12,Dec
511418,2024-03-20,20516,2,4,0.0,177.67,164.75,659.0,West,Consumer,2024,3,Mar
511419,2025-12-13,20785,5,2,0.0,310.91,308.14,616.28,West,Consumer,2025,12,Dec
511420,2024-06-12,22668,15,3,0.05,203.7,212.68,606.14,West,Consumer,2024,6,Jun
511421,2024-01-13,22794,28,4,0.1,297.74,310.21,1116.76,West,Corporate,2024,1,Jan
511422,2025-09-09,21740,21,3,0.15,301.42,287.0,731.85,North,Consumer,2025,9,Sep
511423,2025-10-21,22710,16,2,0.15,113.27,108.46,184.38,North,Consumer,2025,10,Oct
511424,2024-02-22,21369,1,1,0.0,118.77,125.22,125.22,Central,Small Business,2024,2,Feb
511425,2024-11-30,21053,7,4,0.1,208.23,215.3,775.08,Central,Consumer,2024,11,Nov
511426,2025-12-17,23026,10,1,0.1,452.53,467.75,420.98,South,Consumer,2025,12,Dec
511427,2025-06-04,22216,3,4,0.05,379.36,359.19,1364.92,West,Consumer,2025,6,Jun
511428,2024-11-28,23069,4,4,0.05,453.41,483.79,1838.4,South,Small Business,2024,11,Nov
511429,2025-07-20,21459,15,4,0.1,203.7,216.39,779.0,East,Consumer,2025,7,Jul
511430,2024-09-15,23479,10,1,0.0,452.53,441.06,441.06,North,Corporate,2024,9,Sep
511431,2024-07-29,22743,12,3,0.0,119.8,123.22,369.66,West,Consumer,2024,7,Jul
511432,2024-11-20,20694,23,3,0.0,430.62,456.4,1369.2,West,Corporate,2024,11,Nov
511433,2025-09-21,22850,10,3,0.2,452.53,471.63,1131.91,East,Small Business,2025,9,Sep
511434,2024-07-27,23245,24,4,0.0,471.09,472.7,1890.8,Central,Consumer,2024,7,Jul
511435,2025-03-10,23492,27,3,0.0,282.82,267.52,802.56,Central,Small Business,2025,3,Mar
511436,2025-08-26,22698,21,4,0.1,301.42,287.52,1035.07,Central,Consumer,2025,8,Aug
511437,2024-01-19,20686,21,3,0.0,301.42,290.03,870.09,South,Consumer,2024,1,Jan
511438,2025-03-26,23412,5,2,0.0,310.91,294.81,589.62,Central,Corporate,2025,3,Mar
511439,2025-10-09,22622,2,3,0.0,177.67,183.37,550.11,Central,Small Business,2025,10,Oct
511440,2024-07-29,22382,22,1,0.05,356.25,339.55,322.57,West,Consumer,2024,7,Jul
511441,2024-04-26,23951,18,2,0.05,376.89,357.71,679.65,East,Consumer,2024,4,Apr
511442,2025-07-24,23529,22,2,0.2,356.25,348.98,558.37,Central,Consumer,2025,7,Jul
511443,2024-09-04,20482,20,4,0.0,187.69,174.39,697.56,East,Small Business,2024,9,Sep
511444,2025-06-02,23102,2,3,0.15,177.67,185.68,473.48,East,Consumer,2025,6,Jun
511445,2024-12-25,23333,17,1,0.0,364.39,381.7,381.7,Central,Consumer,2024,12,Dec
511446,2025-03-05,23726,17,3,0.05,364.39,374.14,1066.3,Central,Small Business,2025,3,Mar
511447,2024-09-26,22842,20,2,0.0,187.69,172.81,345.62,Central,Small Business,2024,9,Sep
511448,2024-11-20,22593,16,3,0.15,113.27,107.22,273.41,South,Consumer,2024,11,Nov
511449,2024-02-04,20831,15,1,0.05,203.7,218.77,207.83,Central,Consumer,2024,2,Feb
511450,2025-09-11,21650,20,2,0.0,187.69,190.87,381.74,Central,Consumer,2025,9,Sep
511451,2024-09-02,20927,19,3,0.0,495.95,487.67,1463.01,West,Consumer,2024,9,Sep
511452,2024-05-31,21589,21,3,0.15,301.42,309.27,788.64,West,Corporate,2024,5,May
511453,2024-02-02,22565,9,2,0.05,308.58,287.07,545.43,East,Consumer,2024,2,Feb
511454,2025-10-24,21626,2,2,0.05,177.67,182.06,345.91,Central,Small Business,2025,10,Oct
511455,2025-06-12,20571,15,3,0.05,203.7,219.5,625.57,North,Corporate,2025,6,Jun
511456,2025-03-12,22715,8,4,0.15,289.09,273.65,930.41,North,Consumer,2025,3,Mar
511457,2025-01-26,21349,6,1,0.0,183.47,180.95,180.95,Central,Consumer,2025,1,Jan
511458,2025-11-21,21341,25,1,0.0,408.11,396.67,396.67,South,Consumer,2025,11,Nov
511459,2025-06-07,21958,17,4,0.0,364.39,347.5,1390.0,North,Consumer,2025,6,Jun
511460,2025-11-14,20043,16,2,0.05,113.27,113.61,215.86,East,Small Business,2025,11,Nov
511461,2025-01-02,22989,10,3,0.2,452.53,485.43,1165.03,South,Small Business,2025,1,Jan
511462,2024-03-02,20396,25,4,0.2,408.11,409.28,1309.7,North,Small Business,2024,3,Mar
511463,2024-07-07,23160,26,1,0.05,173.18,159.92,151.92,North,Corporate,2024,7,Jul
511464,2024-09-01,23184,8,4,0.1,289.09,302.2,1087.92,North,Corporate,2024,9,Sep
511465,2025-10-21,20959,15,1,0.05,203.7,211.37,200.8,Central,Consumer,2025,10,Oct
511466,2025-04-23,23693,29,2,0.0,538.73,559.6,1119.2,North,Consumer,2025,4,Apr
511467,2024-05-13,22285,18,1,0.0,376.89,405.22,405.22,West,Small Business,2024,5,May
511468,2024-04-04,20287,14,2,0.0,323.49,342.85,685.7,West,Consumer,2024,4,Apr
511469,2024-11-25,20751,23,2,0.0,430.62,429.99,859.98,Central,Consumer,2024,11,Nov
511470,2025-02-03,21302,15,3,0.0,203.7,203.13,609.39,Central,Consumer,2025,2,Feb
511471,2024-11-04,20048,2,4,0.0,177.67,165.1,660.4,Central,Consumer,2024,11,Nov
511472,2024-09-06,22108,9,4,0.05,308.58,315.71,1199.7,West,Corporate,2024,9,Sep
511473,2025-03-25,20731,26,1,0.0,173.18,169.52,169.52,East,Consumer,2025,3,Mar
511474,2025-12-31,23070,24,3,0.0,471.09,489.29,1467.87,Central,Consumer,2025,12,Dec
511475,2025-10-29,22257,26,2,0.0,173.18,175.42,350.84,East,Consumer,2025,10,Oct
511476,2024-05-26,22791,21,4,0.0,301.42,298.62,1194.48,East,Consumer,2024,5,May
511477,2025-07-15,20668,11,1,0.05,526.43,532.98,506.33,Central,Consumer,2025,7,Jul
511478,2024-03-21,23957,26,4,0.05,173.18,167.19,635.32,Central,Consumer,2024,3,Mar
511479,2024-02-27,22710,14,4,0.0,323.49,318.73,1274.92,North,Consumer,2024,2,Feb
511480,2024-11-29,22340,13,2,0.1,509.47,494.02,889.24,South,Small Business,2024,11,Nov
511481,2024-07-21,23714,24,3,0.1,471.09,495.48,1337.8,North,Small Business,2024,7,Jul
511482,2024-06-27,21683,25,2,0.0,408.11,383.82,767.64,Central,Consumer,2024,6,Jun
511483,2025-03-29,21799,24,4,0.0,471.09,483.77,1935.08,Central,Consumer,2025,3,Mar
511484,2025-08-14,23638,14,1,0.15,323.49,304.21,258.58,South,Small Business,2025,8,Aug
511485,2025-01-29,23402,22,4,0.1,356.25,352.92,1270.51,East,Small Business,2025,1,Jan
511486,2024-01-13,21190,10,1,0.05,452.53,436.2,414.39,North,Consumer,2024,1,Jan
511487,2025-12-30,22735,12,4,0.0,119.8,127.87,511.48,East,Small Business,2025,12,Dec
511488,2025-04-21,20843,30,3,0.0,300.75,305.05,915.15,East,Consumer,2025,4,Apr
511489,2024-11-13,20252,30,4,0.0,300.75,304.32,1217.28,Central,Consumer,2024,11,Nov
511490,2024-10-24,21085,9,1,0.0,308.58,318.6,318.6,Central,Small Business,2024,10,Oct
511491,2025-07-29,20499,9,1,0.0,308.58,314.81,314.81,South,Small Business,2025,7,Jul
511492,2025-11-11,21241,6,3,0.15,183.47,171.28,436.76,Central,Consumer,2025,11,Nov
511493,2024-02-18,21137,12,4,0.05,119.8,121.63,462.19,West,Small Business,2024,2,Feb
511494,2025-10-29,21918,18,2,0.1,376.89,395.0,711.0,West,Consumer,2025,10,Oct
511495,2024-11-14,23833,26,4,0.0,173.18,185.57,742.28,South,Consumer,2024,11,Nov
511496,2025-08-08,21158,23,4,0.05,430.62,405.32,1540.22,West,Consumer,2025,8,Aug
511497,2024-01-31,21586,20,3,0.05,187.69,175.84,501.14,East,Corporate,2024,1,Jan
511498,2024-11-10,23408,5,3,0.15,310.91,328.17,836.83,South,Consumer,2024,11,Nov
511499,2025-02-20,21359,5,1,0.0,310.91,294.62,294.62,South,Consumer,2025,2,Feb
511500,2024-11-07,23965,25,2,0.0,408.11,379.43,758.86,South,Corporate,2024,11,Nov
511501,2024-02-14,22690,24,3,0.05,471.09,480.01,1368.03,Central,Consumer,2024,2,Feb
511502,2024-01-16,23860,30,1,0.05,300.75,292.75,278.11,North,Consumer,2024,1,Jan
511503,2025-09-29,23209,9,3,0.1,308.58,329.76,890.35,North,Consumer,2025,9,Sep
511504,2025-11-09,22730,16,2,0.0,113.27,104.59,209.18,Central,Consumer,2025,11,Nov
511505,2025-05-28,22889,21,4,0.05,301.42,299.91,1139.66,Central,Consumer,2025,5,May
511506,2025-12-15,22803,29,2,0.0,538.73,504.27,1008.54,West,Corporate,2025,12,Dec
511507,2025-10-27,23385,1,3,0.0,118.77,123.49,370.47,North,Consumer,2025,10,Oct
511508,2024-06-03,20207,5,4,0.05,310.91,335.24,1273.91,Central,Corporate,2024,6,Jun
511509,2025-02-14,20429,28,4,0.0,297.74,309.36,1237.44,West,Consumer,2025,2,Feb
511510,2024-12-11,21948,18,2,0.0,376.89,362.15,724.3,Central,Corporate,2024,12,Dec
511511,2025-11-04,21553,10,1,0.0,452.53,420.27,420.27,Central,Consumer,2025,11,Nov
511512,2025-02-26,22409,27,1,0.05,282.82,261.7,248.61,North,Corporate,2025,2,Feb
511513,2024-04-04,21020,9,3,0.1,308.58,318.3,859.41,North,Consumer,2024,4,Apr
511514,2025-01-29,23657,14,3,0.05,323.49,331.23,944.01,North,Small Business,2025,1,Jan
511515,2025-01-06,20704,27,4,0.05,282.82,290.8,1105.04,Central,Consumer,2025,1,Jan
511516,2024-12-16,20347,25,2,0.0,408.11,434.55,869.1,West,Consumer,2024,12,Dec
511517,2024-09-18,23054,25,4,0.0,408.11,383.27,1533.08,East,Corporate,2024,9,Sep
511518,2025-03-19,22047,20,2,0.1,187.69,196.96,354.53,Central,Corporate,2025,3,Mar
511519,2024-10-14,23338,24,3,0.0,471.09,484.0,1452.0,Central,Corporate,2024,10,Oct
511520,2025-07-31,21729,8,2,0.0,289.09,287.06,574.12,North,Consumer,2025,7,Jul
511521,2024-08-30,23917,7,2,0.05,208.23,193.79,368.2,South,Consumer,2024,8,Aug
511522,2024-10-29,20604,28,3,0.0,297.74,294.1,882.3,East,Consumer,2024,10,Oct
511523,2024-03-25,21827,24,3,0.0,471.09,451.21,1353.63,North,Consumer,2024,3,Mar
511524,2024-02-24,23838,12,2,0.05,119.8,125.74,238.91,North,Small Business,2024,2,Feb
511525,2024-10-23,20422,5,4,0.0,310.91,320.19,1280.76,West,Consumer,2024,10,Oct
511526,2024-07-20,23678,2,4,0.0,177.67,176.08,704.32,South,Corporate,2024,7,Jul
511527,2025-06-10,23478,17,1,0.2,364.39,378.51,302.81,South,Consumer,2025,6,Jun
511528,2024-03-28,20581,7,2,0.15,208.23,203.94,346.7,Central,Consumer,2024,3,Mar
511529,2024-06-19,22273,17,2,0.15,364.39,365.55,621.44,Central,Consumer,2024,6,Jun
511530,2025-03-17,20986,24,2,0.05,471.09,444.42,844.4,West,Consumer,2025,3,Mar
511531,2024-01-25,20779,13,3,0.05,509.47,512.38,1460.28,West,Corporate,2024,1,Jan
511532,2025-01-07,22287,22,2,0.0,356.25,382.03,764.06,East,Consumer,2025,1,Jan
511533,2025-04-21,21386,27,4,0.1,282.82,301.63,1085.87,West,Consumer,2025,4,Apr
511534,2024-04-19,21023,21,4,0.0,301.42,299.77,1199.08,North,Consumer,2024,4,Apr
511535,2024-05-10,23416,27,1,0.0,282.82,281.87,281.87,East,Consumer,2024,5,May
511536,2024-09-05,22716,3,1,0.15,379.36,363.88,309.3,North,Consumer,2024,9,Sep
511537,2024-02-13,21018,21,2,0.0,301.42,317.0,634.0,Central,Consumer,2024,2,Feb
511538,2025-10-29,23201,24,1,0.0,471.09,440.37,440.37,North,Small Business,2025,10,Oct
511539,2025-04-28,23547,21,4,0.0,301.42,325.37,1301.48,Central,Consumer,2025,4,Apr
511540,2025-09-29,21675,19,4,0.05,495.95,509.02,1934.28,West,Consumer,2025,9,Sep
511541,2024-09-19,22554,19,3,0.05,495.95,484.05,1379.54,Central,Small Business,2024,9,Sep
511542,2025-03-04,23832,4,1,0.0,453.41,464.15,464.15,North,Consumer,2025,3,Mar
511543,2024-11-20,21584,16,2,0.0,113.27,120.17,240.34,West,Consumer,2024,11,Nov
511544,2024-01-13,20603,14,3,0.0,323.49,337.46,1012.38,East,Consumer,2024,1,Jan
511545,2024-10-21,20211,26,4,0.0,173.18,163.76,655.04,North,Corporate,2024,10,Oct
511546,2025-07-30,20816,10,2,0.05,452.53,452.89,860.49,South,Consumer,2025,7,Jul
511547,2024-03-23,20053,13,2,0.1,509.47,512.71,922.88,North,Consumer,2024,3,Mar
511548,2024-02-07,22892,22,1,0.0,356.25,356.87,356.87,South,Consumer,2024,2,Feb
511549,2024-01-22,23687,5,2,0.15,310.91,290.03,493.05,East,Consumer,2024,1,Jan
511550,2025-10-31,22148,13,4,0.0,509.47,474.81,1899.24,Central,Small Business,2025,10,Oct
511551,2024-12-18,23783,18,3,0.1,376.89,398.97,1077.22,North,Small Business,2024,12,Dec
511552,2025-03-01,22494,21,3,0.0,301.42,285.14,855.42,East,Corporate,2025,3,Mar
511553,2025-04-11,23955,27,2,0.0,282.82,269.86,539.72,Central,Consumer,2025,4,Apr
511554,2024-07-04,22157,28,3,0.0,297.74,292.06,876.18,North,Consumer,2024,7,Jul
511555,2025-02-17,21571,2,4,0.15,177.67,186.71,634.81,West,Corporate,2025,2,Feb
511556,2024-03-10,23476,13,1,0.05,509.47,495.23,470.47,East,Consumer,2024,3,Mar
511557,2024-06-20,23079,29,4,0.1,538.73,515.61,1856.2,South,Corporate,2024,6,Jun
511558,2025-06-22,21526,27,3,0.05,282.82,305.23,869.91,East,Small Business,2025,6,Jun
511559,2025-08-18,21741,19,3,0.15,495.95,525.83,1340.87,Central,Consumer,2025,8,Aug
511560,2024-04-07,20243,11,1,0.0,526.43,485.15,485.15,South,Consumer,2024,4,Apr
511561,2024-07-07,21465,21,4,0.0,301.42,302.3,1209.2,Central,Consumer,2024,7,Jul
511562,2024-12-06,22739,10,4,0.0,452.53,455.27,1821.08,Central,Corporate,2024,12,Dec
511563,2025-04-03,21123,20,4,0.05,187.69,186.84,709.99,South,Consumer,2025,4,Apr
511564,2024-01-16,22045,5,2,0.0,310.91,302.07,604.14,South,Consumer,2024,1,Jan
511565,2025-04-06,23243,6,2,0.05,183.47,189.63,360.3,West,Corporate,2025,4,Apr
511566,2025-10-29,22451,22,4,0.05,356.25,349.32,1327.42,Central,Consumer,2025,10,Oct
511567,2025-09-24,21308,18,3,0.0,376.89,393.01,1179.03,West,Small Business,2025,9,Sep
511568,2025-07-18,20941,23,2,0.15,430.62,399.31,678.83,South,Corporate,2025,7,Jul
511569,2025-03-24,22349,4,4,0.0,453.41,436.12,1744.48,Central,Consumer,2025,3,Mar
511570,2024-04-25,23158,4,2,0.05,453.41,441.09,838.07,South,Small Business,2024,4,Apr
511571,2025-03-08,23394,12,4,0.05,119.8,110.65,420.47,West,Corporate,2025,3,Mar
511572,2025-04-11,20253,28,1,0.15,297.74,285.1,242.34,West,Consumer,2025,4,Apr
511573,2024-06-15,21223,5,3,0.1,310.91,319.78,863.41,East,Small Business,2024,6,Jun
511574,2024-12-15,20790,12,1,0.0,119.8,113.52,113.52,North,Corporate,2024,12,Dec
511575,2025-01-11,22581,22,3,0.1,356.25,370.44,1000.19,Central,Consumer,2025,1,Jan
511576,2024-03-04,20033,20,3,0.0,187.69,202.15,606.45,East,Consumer,2024,3,Mar
511577,2024-05-04,20712,16,2,0.2,113.27,113.35,181.36,West,Consumer,2024,5,May
511578,2024-12-06,22759,26,1,0.1,173.18,164.34,147.91,Central,Corporate,2024,12,Dec
511579,2025-09-18,22970,26,3,0.0,173.18,175.72,527.16,North,Consumer,2025,9,Sep
511580,2024-09-27,23065,16,4,0.15,113.27,110.38,375.29,Central,Consumer,2024,9,Sep
511581,2025-09-07,20285,14,4,0.05,323.49,299.09,1136.54,South,Small Business,2025,9,Sep
511582,2024-06-17,22163,27,4,0.0,282.82,283.08,1132.32,East,Small Business,2024,6,Jun
511583,2024-05-25,22721,19,2,0.0,495.95,505.0,1010.0,Central,Consumer,2024,5,May
511584,2025-11-15,20716,23,1,0.0,430.62,402.78,402.78,West,Small Business,2025,11,Nov
511585,2024-12-03,22951,24,1,0.05,471.09,462.99,439.84,Central,Consumer,2024,12,Dec
511586,2024-06-15,20193,12,4,0.15,119.8,121.07,411.64,East,Small Business,2024,6,Jun
511587,2025-06-17,23467,17,4,0.2,364.39,354.63,1134.82,Central,Consumer,2025,6,Jun
511588,2025-05-01,21172,14,4,0.0,323.49,335.91,1343.64,Central,Corporate,2025,5,May
511589,2024-03-15,23476,19,1,0.0,495.95,457.75,457.75,East,Consumer,2024,3,Mar
511590,2025-12-12,21544,20,1,0.15,187.69,186.94,158.9,Central,Consumer,2025,12,Dec
511591,2024-03-28,23286,18,1,0.1,376.89,403.91,363.52,East,Consumer,2024,3,Mar
511592,2024-01-15,21897,27,4,0.0,282.82,297.92,1191.68,Central,Small Business,2024,1,Jan
511593,2025-09-10,20796,23,3,0.15,430.62,453.59,1156.65,South,Consumer,2025,9,Sep
511594,2024-04-12,23049,30,4,0.15,300.75,282.89,961.83,North,Small Business,2024,4,Apr
511595,2024-12-16,22696,10,4,0.0,452.53,425.7,1702.8,Central,Consumer,2024,12,Dec
511596,2025-05-28,23773,5,2,0.0,310.91,321.71,643.42,Central,Consumer,2025,5,May
511597,2025-06-18,21162,24,4,0.0,471.09,490.19,1960.76,Central,Corporate,2025,6,Jun
511598,2025-02-05,23214,19,3,0.15,495.95,473.05,1206.28,South,Small Business,2025,2,Feb
511599,2024-05-04,21520,12,4,0.0,119.8,115.65,462.6,Central,Consumer,2024,5,May
511600,2025-08-18,21406,28,2,0.15,297.74,310.52,527.88,West,Consumer,2025,8,Aug
511601,2025-05-01,20905,27,3,0.0,282.82,277.32,831.96,South,Consumer,2025,5,May
511602,2024-12-16,20078,9,3,0.0,308.58,318.24,954.72,Central,Consumer,2024,12,Dec
511603,2025-03-23,22112,27,4,0.15,282.82,280.9,955.06,Central,Small Business,2025,3,Mar
511604,2025-10-31,23898,16,3,0.1,113.27,121.03,326.78,East,Consumer,2025,10,Oct
511605,2025-05-16,22410,3,2,0.0,379.36,395.01,790.02,North,Corporate,2025,5,May
511606,2024-06-03,22721,22,1,0.15,356.25,364.4,309.74,Central,Consumer,2024,6,Jun
511607,2025-09-13,22754,22,4,0.15,356.25,328.76,1117.78,North,Consumer,2025,9,Sep
511608,2024-12-21,21286,15,4,0.0,203.7,217.66,870.64,North,Small Business,2024,12,Dec
511609,2025-11-11,23700,16,4,0.0,113.27,114.5,458.0,South,Small Business,2025,11,Nov
511610,2025-09-19,23725,6,4,0.2,183.47,173.38,554.82,Central,Consumer,2025,9,Sep
511611,2025-12-13,23053,12,4,0.05,119.8,121.86,463.07,West,Consumer,2025,12,Dec
511612,2024-04-09,20365,6,4,0.0,183.47,190.44,761.76,South,Consumer,2024,4,Apr
511613,2025-11-28,20144,3,4,0.0,379.36,406.44,1625.76,East,Consumer,2025,11,Nov
511614,2025-02-26,21374,18,3,0.0,376.89,365.5,1096.5,West,Consumer,2025,2,Feb
511615,2025-08-21,23949,3,3,0.0,379.36,370.33,1110.99,Central,Corporate,2025,8,Aug
511616,2024-10-24,21996,30,2,0.05,300.75,312.54,593.83,South,Consumer,2024,10,Oct
511617,2025-05-10,23564,5,3,0.05,310.91,332.78,948.42,West,Small Business,2025,5,May
511618,2025-03-06,21122,4,3,0.0,453.41,487.95,1463.85,North,Small Business,2025,3,Mar
511619,2024-07-04,22956,23,2,0.0,430.62,433.93,867.86,East,Small Business,2024,7,Jul
511620,2024-04-21,20460,15,3,0.0,203.7,196.77,590.31,East,Consumer,2024,4,Apr
511621,2025-08-10,21721,28,2,0.05,297.74,282.97,537.64,Central,Small Business,2025,8,Aug
511622,2025-02-27,20499,3,4,0.0,379.36,349.45,1397.8,South,Small Business,2025,2,Feb
511623,2025-07-20,20006,1,1,0.0,118.77,125.76,125.76,East,Consumer,2025,7,Jul
511624,2025-03-04,22652,23,4,0.1,430.62,462.51,1665.04,Central,Corporate,2025,3,Mar
511625,2024-05-15,20916,14,4,0.0,323.49,336.88,1347.52,Central,Small Business,2024,5,May
511626,2025-03-05,23868,25,2,0.05,408.11,426.41,810.18,East,Consumer,2025,3,Mar
511627,2024-01-02,23919,17,1,0.1,364.39,371.85,334.66,East,Corporate,2024,1,Jan
511628,2024-05-10,23941,22,3,0.05,356.25,378.31,1078.18,West,Consumer,2024,5,May
511629,2025-02-27,22989,15,4,0.1,203.7,198.51,714.64,South,Small Business,2025,2,Feb
511630,2024-10-12,21897,20,2,0.0,187.69,188.11,376.22,Central,Small Business,2024,10,Oct
511631,2025-07-26,21000,24,2,0.0,471.09,442.7,885.4,West,Consumer,2025,7,Jul
511632,2024-11-27,23061,25,4,0.05,408.11,424.75,1614.05,West,Consumer,2024,11,Nov
511633,2025-05-11,22831,1,3,0.1,118.77,126.2,340.74,South,Consumer,2025,5,May
511634,2025-04-25,20840,22,2,0.1,356.25,332.12,597.82,West,Small Business,2025,4,Apr
511635,2024-02-12,20933,20,2,0.0,187.69,179.98,359.96,Central,Consumer,2024,2,Feb
511636,2025-11-24,22772,19,1,0.0,495.95,514.96,514.96,Central,Consumer,2025,11,Nov
511637,2024-10-31,22952,19,4,0.0,495.95,468.48,1873.92,West,Corporate,2024,10,Oct
511638,2024-02-29,21824,22,2,0.2,356.25,346.16,553.86,North,Consumer,2024,2,Feb
511639,2025-05-02,20423,30,4,0.0,300.75,278.4,1113.6,West,Consumer,2025,5,May
511640,2025-11-24,22582,4,1,0.0,453.41,444.51,444.51,North,Small Business,2025,11,Nov
511641,2025-09-17,20598,18,1,0.05,376.89,404.89,384.65,Central,Consumer,2025,9,Sep
511642,2025-09-19,20127,11,1,0.15,526.43,520.21,442.18,South,Consumer,2025,9,Sep
511643,2024-05-23,23727,24,3,0.0,471.09,464.06,1392.18,West,Consumer,2024,5,May
511644,2024-10-11,23052,20,4,0.0,187.69,201.93,807.72,East,Small Business,2024,10,Oct
511645,2025-01-16,22833,17,3,0.15,364.39,371.22,946.61,West,Consumer,2025,1,Jan
511646,2025-02-13,22237,24,3,0.1,471.09,440.35,1188.95,West,Consumer,2025,2,Feb
511647,2024-03-11,22893,12,3,0.0,119.8,128.39,385.17,West,Consumer,2024,3,Mar
511648,2024-07-11,22196,7,1,0.05,208.23,213.93,203.23,Central,Consumer,2024,7,Jul
511649,2024-05-25,23827,14,3,0.0,323.49,332.76,998.28,East,Consumer,2024,5,May
511650,2024-12-28,20891,10,2,0.1,452.53,468.8,843.84,East,Small Business,2024,12,Dec
511651,2024-06-29,21740,23,1,0.1,430.62,416.2,374.58,North,Consumer,2024,6,Jun
511652,2025-08-19,21433,14,2,0.05,323.49,348.51,662.17,South,Consumer,2025,8,Aug
511653,2025-01-02,21622,22,3,0.1,356.25,372.73,1006.37,West,Small Business,2025,1,Jan
511654,2024-01-06,20205,28,4,0.0,297.74,281.28,1125.12,Central,Consumer,2024,1,Jan
511655,2025-08-06,23620,2,2,0.05,177.67,177.94,338.09,Central,Consumer,2025,8,Aug
511656,2025-10-13,21388,12,3,0.0,119.8,111.25,333.75,West,Small Business,2025,10,Oct
511657,2024-08-10,22332,4,4,0.0,453.41,417.71,1670.84,Central,Consumer,2024,8,Aug
511658,2025-01-23,21093,5,1,0.0,310.91,319.54,319.54,West,Consumer,2025,1,Jan
511659,2024-06-06,20418,23,2,0.2,430.62,417.58,668.13,West,Consumer,2024,6,Jun
511660,2025-03-24,23127,27,1,0.0,282.82,276.48,276.48,West,Consumer,2025,3,Mar
511661,2025-01-08,21797,25,1,0.1,408.11,425.73,383.16,East,Consumer,2025,1,Jan
511662,2024-12-14,20540,12,4,0.1,119.8,117.96,424.66,Central,Consumer,2024,12,Dec
511663,2024-05-13,22601,11,4,0.1,526.43,544.24,1959.26,East,Small Business,2024,5,May
511664,2024-06-27,20659,26,4,0.0,173.18,179.29,717.16,West,Small Business,2024,6,Jun
511665,2024-04-12,23543,24,3,0.0,471.09,487.03,1461.09,Central,Corporate,2024,4,Apr
511666,2024-10-03,23203,3,4,0.0,379.36,373.67,1494.68,West,Corporate,2024,10,Oct
511667,2024-01-01,22823,4,3,0.0,453.41,451.79,1355.37,South,Consumer,2024,1,Jan
511668,2025-01-02,22345,29,1,0.0,538.73,531.76,531.76,South,Consumer,2025,1,Jan
511669,2024-09-16,23908,22,2,0.0,356.25,344.4,688.8,East,Small Business,2024,9,Sep
511670,2024-11-08,22592,29,2,0.05,538.73,496.68,943.69,Central,Corporate,2024,11,Nov
511671,2025-07-25,20124,26,1,0.0,173.18,161.98,161.98,South,Consumer,2025,7,Jul
511672,2025-03-03,20517,9,1,0.05,308.58,286.7,272.36,West,Corporate,2025,3,Mar
511673,2025-11-30,22697,21,4,0.0,301.42,291.61,1166.44,Central,Consumer,2025,11,Nov
511674,2024-01-24,22606,2,4,0.0,177.67,178.79,715.16,North,Consumer,2024,1,Jan
511675,2024-02-04,21468,14,4,0.0,323.49,330.93,1323.72,Central,Consumer,2024,2,Feb
511676,2025-06-05,22582,13,2,0.05,509.47,487.18,925.64,North,Small Business,2025,6,Jun
511677,2025-08-28,21434,2,2,0.1,177.67,172.29,310.12,East,Consumer,2025,8,Aug
511678,2025-02-04,21877,7,4,0.0,208.23,223.06,892.24,Central,Consumer,2025,2,Feb
511679,2024-09-26,20711,13,1,0.0,509.47,506.49,506.49,Central,Consumer,2024,9,Sep
511680,2025-10-29,23836,24,2,0.0,471.09,466.8,933.6,Central,Small Business,2025,10,Oct
511681,2024-07-19,22501,22,4,0.0,356.25,366.84,1467.36,South,Consumer,2024,7,Jul
511682,2024-12-27,21087,2,1,0.1,177.67,185.03,166.53,West,Small Business,2024,12,Dec
511683,2025-12-15,22689,1,2,0.15,118.77,115.49,196.33,East,Small Business,2025,12,Dec
511684,2024-01-27,22304,4,2,0.15,453.41,448.58,762.59,Central,Consumer,2024,1,Jan
511685,2025-08-08,21128,12,4,0.05,119.8,115.54,439.05,North,Consumer,2025,8,Aug
511686,2025-08-16,20519,20,4,0.05,187.69,191.71,728.5,Central,Consumer,2025,8,Aug
511687,2024-12-29,22716,11,1,0.0,526.43,564.73,564.73,North,Consumer,2024,12,Dec
511688,2025-11-19,21547,25,4,0.1,408.11,388.82,1399.75,South,Consumer,2025,11,Nov
511689,2024-05-06,21044,22,3,0.2,356.25,383.79,921.1,Central,Consumer,2024,5,May
511690,2025-03-24,21061,2,3,0.0,177.67,184.08,552.24,East,Consumer,2025,3,Mar
511691,2025-09-28,20629,6,1,0.0,183.47,195.68,195.68,West,Consumer,2025,9,Sep
511692,2024-10-06,22784,8,2,0.05,289.09,292.8,556.32,North,Consumer,2024,10,Oct
511693,2024-07-10,23759,26,3,0.0,173.18,177.19,531.57,South,Consumer,2024,7,Jul
511694,2025-02-05,23051,19,1,0.2,495.95,516.57,413.26,Central,Small Business,2025,2,Feb
511695,2025-02-08,20873,21,2,0.1,301.42,299.81,539.66,Central,Consumer,2025,2,Feb
511696,2025-09-26,23438,9,1,0.05,308.58,323.28,307.12,East,Consumer,2025,9,Sep
511697,2024-09-09,21928,7,1,0.1,208.23,213.89,192.5,North,Consumer,2024,9,Sep
511698,2024-03-02,20993,20,1,0.0,187.69,193.97,193.97,South,Consumer,2024,3,Mar
511699,2025-09-01,21728,2,4,0.1,177.67,179.68,646.85,East,Small Business,2025,9,Sep
511700,2024-02-10,22595,19,3,0.0,495.95,480.1,1440.3,Central,Small Business,2024,2,Feb
511701,2024-05-13,22621,25,4,0.1,408.11,434.57,1564.45,Central,Small Business,2024,5,May
511702,2025-09-01,22027,16,3,0.0,113.27,121.47,364.41,West,Consumer,2025,9,Sep
511703,2025-06-18,21827,15,1,0.05,203.7,190.06,180.56,North,Consumer,2025,6,Jun
511704,2024-05-02,22142,24,2,0.05,471.09,455.64,865.72,Central,Consumer,2024,5,May
511705,2024-03-27,22973,17,2,0.0,364.39,340.49,680.98,South,Small Business,2024,3,Mar
511706,2025-05-29,20900,3,4,0.0,379.36,361.9,1447.6,East,Small Business,2025,5,May
511707,2025-04-05,21138,23,3,0.05,430.62,397.95,1134.16,South,Corporate,2025,4,Apr
511708,2025-10-30,22834,4,2,0.0,453.41,436.44,872.88,West,Consumer,2025,10,Oct
511709,2024-12-21,22888,28,4,0.0,297.74,310.7,1242.8,North,Consumer,2024,12,Dec
511710,2024-06-25,22493,4,3,0.0,453.41,422.95,1268.85,Central,Consumer,2024,6,Jun
511711,2024-02-07,23076,21,3,0.0,301.42,317.01,951.03,Central,Consumer,2024,2,Feb
511712,2025-11-15,23627,30,3,0.0,300.75,302.57,907.71,East,Consumer,2025,11,Nov
511713,2024-03-15,21523,27,2,0.0,282.82,285.67,571.34,West,Consumer,2024,3,Mar
511714,2025-08-14,22402,9,4,0.1,308.58,285.19,1026.68,South,Corporate,2025,8,Aug
511715,2025-04-01,23461,5,2,0.0,310.91,306.87,613.74,West,Consumer,2025,4,Apr
511716,2025-05-15,22778,12,4,0.15,119.8,124.58,423.57,Central,Consumer,2025,5,May
511717,2025-03-25,20713,18,2,0.1,376.89,376.55,677.79,East,Consumer,2025,3,Mar
511718,2025-01-24,21380,9,4,0.2,308.58,313.94,1004.61,East,Consumer,2025,1,Jan
511719,2025-05-04,22401,24,1,0.15,471.09,454.72,386.51,West,Consumer,2025,5,May
511720,2024-06-11,20752,23,3,0.1,430.62,415.1,1120.77,Central,Consumer,2024,6,Jun
511721,2025-11-26,23005,2,2,0.1,177.67,169.4,304.92,West,Consumer,2025,11,Nov
511722,2025-03-01,23789,8,4,0.05,289.09,267.78,1017.56,West,Consumer,2025,3,Mar
511723,2024-05-27,22306,10,2,0.0,452.53,445.46,890.92,North,Consumer,2024,5,May
511724,2024-02-03,22414,18,2,0.2,376.89,396.54,634.46,South,Consumer,2024,2,Feb
511725,2025-06-22,22715,30,1,0.0,300.75,319.94,319.94,North,Consumer,2025,6,Jun
511726,2024-10-27,21914,4,1,0.1,453.41,455.51,409.96,East,Consumer,2024,10,Oct
511727,2025-08-02,22802,3,3,0.0,379.36,382.35,1147.05,North,Corporate,2025,8,Aug
511728,2025-04-14,23995,25,1,0.0,408.11,389.01,389.01,North,Small Business,2025,4,Apr
511729,2025-11-23,21278,18,2,0.1,376.89,382.14,687.85,East,Consumer,2025,11,Nov
511730,2025-10-11,21060,29,4,0.05,538.73,539.91,2051.66,North,Consumer,2025,10,Oct
511731,2025-07-01,21901,23,2,0.1,430.62,434.76,782.57,Central,Small Business,2025,7,Jul
511732,2024-05-22,22825,11,4,0.1,526.43,536.75,1932.3,South,Consumer,2024,5,May
511733,2025-05-22,23008,8,2,0.0,289.09,311.42,622.84,Central,Corporate,2025,5,May
511734,2024-01-31,20902,3,4,0.15,379.36,376.28,1279.35,South,Consumer,2024,1,Jan
511735,2024-05-17,23793,23,2,0.0,430.62,431.78,863.56,East,Consumer,2024,5,May
511736,2024-01-03,21761,11,4,0.15,526.43,525.94,1788.2,West,Consumer,2024,1,Jan
511737,2025-10-10,21947,1,1,0.05,118.77,118.55,112.62,Central,Consumer,2025,10,Oct
511738,2025-08-19,21517,5,3,0.05,310.91,327.85,934.37,East,Consumer,2025,8,Aug
511739,2024-09-10,20147,29,2,0.05,538.73,514.13,976.85,Central,Consumer,2024,9,Sep
511740,2024-09-21,23018,27,4,0.0,282.82,303.13,1212.52,West,Small Business,2024,9,Sep
511741,2024-08-16,21837,24,2,0.0,471.09,449.98,899.96,Central,Consumer,2024,8,Aug
511742,2024-03-26,21870,29,2,0.0,538.73,574.5,1149.0,Central,Corporate,2024,3,Mar
511743,2024-08-09,22098,17,3,0.05,364.39,358.44,1021.55,West,Small Business,2024,8,Aug
511744,2025-08-10,21386,9,3,0.1,308.58,286.83,774.44,West,Consumer,2025,8,Aug
511745,2024-03-21,20532,21,3,0.15,301.42,310.1,790.76,Central,Consumer,2024,3,Mar
511746,2024-03-13,21168,23,4,0.1,430.62,457.76,1647.94,East,Consumer,2024,3,Mar
511747,2024-06-20,22185,6,3,0.2,183.47,189.43,454.63,South,Consumer,2024,6,Jun
511748,2025-02-11,23353,23,1,0.0,430.62,404.13,404.13,North,Consumer,2025,2,Feb
511749,2025-10-22,21750,20,4,0.1,187.69,183.04,658.94,South,Small Business,2025,10,Oct
511750,2025-04-18,20834,24,3,0.0,471.09,439.17,1317.51,South,Consumer,2025,4,Apr
511751,2024-08-21,21072,23,1,0.0,430.62,464.91,464.91,North,Consumer,2024,8,Aug
511752,2025-10-21,21838,3,2,0.05,379.36,360.32,684.61,East,Consumer,2025,10,Oct
511753,2024-12-23,23657,27,1,0.05,282.82,299.17,284.21,North,Small Business,2024,12,Dec
511754,2024-11-12,21694,26,3,0.15,173.18,161.93,412.92,East,Corporate,2024,11,Nov
511755,2025-12-01,21040,4,3,0.05,453.41,419.92,1196.77,South,Consumer,2025,12,Dec
511756,2025-05-11,21886,14,4,0.0,323.49,340.66,1362.64,Central,Small Business,2025,5,May
511757,2025-02-15,23666,19,3,0.05,495.95,491.28,1400.15,North,Small Business,2025,2,Feb
511758,2024-01-11,22670,25,4,0.0,408.11,410.22,1640.88,South,Consumer,2024,1,Jan
511759,2024-06-22,22876,21,4,0.15,301.42,309.03,1050.7,East,Consumer,2024,6,Jun
511760,2025-01-15,23547,11,2,0.0,526.43,498.12,996.24,Central,Consumer,2025,1,Jan
511761,2025-03-14,20104,22,2,0.0,356.25,352.43,704.86,Central,Corporate,2025,3,Mar
511762,2024-11-20,20631,28,3,0.05,297.74,280.52,799.48,Central,Consumer,2024,11,Nov
511763,2024-11-25,20914,13,1,0.05,509.47,488.92,464.47,Central,Consumer,2024,11,Nov
511764,2024-08-05,22867,7,3,0.05,208.23,216.2,616.17,Central,Consumer,2024,8,Aug
511765,2024-01-04,20836,14,1,0.1,323.49,328.31,295.48,Central,Consumer,2024,1,Jan
511766,2025-11-03,20572,6,1,0.0,183.47,172.93,172.93,East,Consumer,2025,11,Nov
511767,2024-03-27,21702,16,4,0.05,113.27,112.58,427.8,South,Consumer,2024,3,Mar
511768,2025-04-26,20027,1,2,0.0,118.77,111.55,223.1,South,Small Business,2025,4,Apr
511769,2025-04-25,23517,2,3,0.1,177.67,177.9,480.33,Central,Consumer,2025,4,Apr
511770,2025-02-17,20032,9,1,0.05,308.58,304.02,288.82,North,Consumer,2025,2,Feb
511771,2025-05-15,20602,7,2,0.0,208.23,193.28,386.56,North,Consumer,2025,5,May
511772,2024-04-05,23585,13,2,0.0,509.47,515.43,1030.86,West,Corporate,2024,4,Apr
511773,2024-09-24,23952,24,4,0.15,471.09,438.66,1491.44,West,Consumer,2024,9,Sep
511774,2025-05-12,23386,24,2,0.2,471.09,445.39,712.62,West,Consumer,2025,5,May
511775,2025-02-28,21973,8,3,0.15,289.09,288.54,735.78,South,Consumer,2025,2,Feb
511776,2024-11-30,21304,2,3,0.05,177.67,163.54,466.09,South,Consumer,2024,11,Nov
511777,2024-06-26,23669,1,1,0.0,118.77,126.85,126.85,North,Consumer,2024,6,Jun
511778,2025-05-27,22597,7,2,0.0,208.23,200.52,401.04,West,Consumer,2025,5,May
511779,2024-01-11,20160,25,3,0.05,408.11,388.66,1107.68,West,Small Business,2024,1,Jan
511780,2025-06-22,20600,18,2,0.05,376.89,403.11,765.91,Central,Consumer,2025,6,Jun
511781,2025-08-15,23578,2,4,0.15,177.67,168.43,572.66,West,Consumer,2025,8,Aug
511782,2025-08-24,23017,24,2,0.0,471.09,444.08,888.16,Central,Consumer,2025,8,Aug
511783,2025-01-26,20303,12,2,0.0,119.8,126.04,252.08,West,Small Business,2025,1,Jan
511784,2024-11-21,23994,21,1,0.0,301.42,278.65,278.65,East,Small Business,2024,11,Nov
511785,2024-05-09,22274,21,3,0.05,301.42,277.68,791.39,West,Consumer,2024,5,May
511786,2025-10-02,23779,24,3,0.05,471.09,488.19,1391.34,Central,Small Business,2025,10,Oct
511787,2025-06-09,23843,30,2,0.1,300.75,318.33,572.99,Central,Consumer,2025,6,Jun
511788,2024-09-24,22536,24,3,0.0,471.09,455.93,1367.79,South,Small Business,2024,9,Sep
511789,2024-09-24,20222,12,4,0.15,119.8,121.85,414.29,Central,Consumer,2024,9,Sep
511790,2025-04-29,21788,5,2,0.0,310.91,329.48,658.96,South,Corporate,2025,4,Apr
511791,2024-05-31,23579,20,1,0.05,187.69,187.96,178.56,West,Corporate,2024,5,May
511792,2024-09-18,21466,9,1,0.05,308.58,330.38,313.86,North,Consumer,2024,9,Sep
511793,2025-03-23,21232,2,3,0.0,177.67,165.49,496.47,East,Corporate,2025,3,Mar
511794,2025-10-14,21107,27,4,0.2,282.82,270.68,866.18,Central,Consumer,2025,10,Oct
511795,2025-10-14,22670,15,3,0.1,203.7,207.04,559.01,South,Consumer,2025,10,Oct
511796,2024-11-05,20343,22,3,0.05,356.25,333.21,949.65,Central,Consumer,2024,11,Nov
511797,2025-01-28,21748,2,1,0.0,177.67,164.23,164.23,Central,Small Business,2025,1,Jan
511798,2024-06-02,20839,29,3,0.15,538.73,497.01,1267.38,East,Small Business,2024,6,Jun
511799,2024-05-02,23537,22,3,0.0,356.25,377.2,1131.6,West,Small Business,2024,5,May
511800,2025-12-20,22235,30,4,0.0,300.75,300.42,1201.68,Central,Corporate,2025,12,Dec
511801,2024-01-25,21080,18,2,0.0,376.89,404.94,809.88,Central,Corporate,2024,1,Jan
511802,2024-08-08,21088,1,4,0.15,118.77,113.12,384.61,South,Corporate,2024,8,Aug
511803,2025-04-03,22953,12,1,0.05,119.8,118.74,112.8,East,Consumer,2025,4,Apr
511804,2025-10-26,22903,18,4,0.1,376.89,347.28,1250.21,Central,Small Business,2025,10,Oct
511805,2025-07-01,23533,23,3,0.0,430.62,419.48,1258.44,Central,Small Business,2025,7,Jul
511806,2025-09-05,23072,24,4,0.2,471.09,494.13,1581.22,South,Small Business,2025,9,Sep
511807,2024-01-18,20609,6,3,0.0,183.47,190.05,570.15,South,Consumer,2024,1,Jan
511808,2025-01-27,21907,20,3,0.15,187.69,196.7,501.58,Central,Consumer,2025,1,Jan
511809,2024-10-08,20010,28,4,0.05,297.74,318.47,1210.19,East,Small Business,2024,10,Oct
511810,2024-07-27,23623,3,4,0.1,379.36,384.95,1385.82,West,Small Business,2024,7,Jul
511811,2025-02-14,23046,8,4,0.05,289.09,307.9,1170.02,South,Small Business,2025,2,Feb
511812,2024-02-20,23262,21,4,0.0,301.42,289.02,1156.08,North,Small Business,2024,2,Feb
511813,2024-07-30,22926,18,4,0.05,376.89,379.07,1440.47,East,Corporate,2024,7,Jul
511814,2024-07-04,20312,15,3,0.1,203.7,208.32,562.46,South,Small Business,2024,7,Jul
511815,2024-09-09,22684,23,1,0.0,430.62,430.33,430.33,Central,Corporate,2024,9,Sep
511816,2025-10-10,23210,18,2,0.1,376.89,384.78,692.6,West,Consumer,2025,10,Oct
511817,2025-04-04,22547,2,3,0.15,177.67,177.94,453.75,Central,Corporate,2025,4,Apr
511818,2024-07-26,23320,24,4,0.1,471.09,505.14,1818.5,East,Consumer,2024,7,Jul
511819,2025-09-20,22381,13,2,0.05,509.47,531.65,1010.13,East,Consumer,2025,9,Sep
511820,2024-06-19,21387,6,4,0.0,183.47,186.65,746.6,East,Consumer,2024,6,Jun
511821,2025-11-29,21606,13,3,0.05,509.47,498.02,1419.36,Central,Consumer,2025,11,Nov
511822,2024-02-11,21972,11,4,0.0,526.43,503.6,2014.4,Central,Consumer,2024,2,Feb
511823,2025-10-20,21199,15,3,0.0,203.7,205.11,615.33,West,Consumer,2025,10,Oct
511824,2025-01-13,20281,2,3,0.0,177.67,174.36,523.08,West,Consumer,2025,1,Jan
511825,2024-06-23,21966,6,4,0.05,183.47,196.68,747.38,West,Consumer,2024,6,Jun
511826,2025-02-02,21064,18,3,0.05,376.89,375.41,1069.92,South,Corporate,2025,2,Feb
511827,2025-08-02,22064,11,4,0.2,526.43,551.06,1763.39,East,Consumer,2025,8,Aug
511828,2025-05-17,23806,3,2,0.1,379.36,374.93,674.87,Central,Small Business,2025,5,May
511829,2025-12-22,22705,8,1,0.0,289.09,286.94,286.94,Central,Consumer,2025,12,Dec
511830,2025-09-25,23733,8,1,0.0,289.09,266.41,266.41,Central,Consumer,2025,9,Sep
511831,2024-07-13,23311,26,3,0.15,173.18,186.93,476.67,North,Consumer,2024,7,Jul
511832,2024-03-17,22732,23,1,0.0,430.62,414.53,414.53,East,Corporate,2024,3,Mar
511833,2025-05-24,20556,22,2,0.15,356.25,356.42,605.91,Central,Consumer,2025,5,May
511834,2024-09-29,20074,4,1,0.0,453.41,487.86,487.86,East,Consumer,2024,9,Sep
511835,2025-02-17,20629,8,3,0.05,289.09,280.23,798.66,West,Consumer,2025,2,Feb
511836,2025-03-25,20096,11,1,0.1,526.43,486.2,437.58,West,Consumer,2025,3,Mar
511837,2024-03-05,21989,16,3,0.0,113.27,106.63,319.89,South,Consumer,2024,3,Mar
511838,2024-05-19,22381,23,3,0.0,430.62,443.47,1330.41,East,Consumer,2024,5,May
511839,2025-09-08,22202,19,4,0.0,495.95,502.12,2008.48,Central,Small Business,2025,9,Sep
511840,2024-07-17,20922,24,4,0.2,471.09,464.62,1486.78,West,Consumer,2024,7,Jul
511841,2024-10-03,21714,27,2,0.0,282.82,304.52,609.04,West,Consumer,2024,10,Oct
511842,2025-08-04,22607,23,2,0.0,430.62,463.01,926.02,West,Consumer,2025,8,Aug
511843,2024-06-16,21192,9,3,0.0,308.58,293.29,879.87,West,Consumer,2024,6,Jun
511844,2024-01-26,20384,18,3,0.2,376.89,381.06,914.54,East,Consumer,2024,1,Jan
511845,2024-12-24,20665,14,3,0.0,323.49,331.59,994.77,East,Consumer,2024,12,Dec
511846,2025-10-15,23950,21,2,0.0,301.42,281.59,563.18,South,Consumer,2025,10,Oct
511847,2025-01-26,20852,20,3,0.05,187.69,181.32,516.76,Central,Corporate,2025,1,Jan
511848,2025-07-27,20459,20,1,0.1,187.69,177.65,159.89,Central,Consumer,2025,7,Jul
511849,2025-02-06,23345,10,1,0.0,452.53,457.13,457.13,East,Consumer,2025,2,Feb
511850,2024-08-25,21347,17,2,0.0,364.39,378.12,756.24,North,Consumer,2024,8,Aug
511851,2025-09-28,23829,7,4,0.05,208.23,215.76,819.89,West,Consumer,2025,9,Sep
511852,2024-09-10,20391,12,2,0.15,119.8,111.71,189.91,North,Small Business,2024,9,Sep
511853,2024-07-03,20217,30,4,0.0,300.75,286.81,1147.24,West,Small Business,2024,7,Jul
511854,2024-06-26,21537,4,2,0.0,453.41,468.08,936.16,Central,Small Business,2024,6,Jun
511855,2024-07-03,23603,23,1,0.0,430.62,412.71,412.71,South,Corporate,2024,7,Jul
511856,2024-01-06,21346,25,2,0.15,408.11,430.29,731.49,Central,Consumer,2024,1,Jan
511857,2025-09-27,22891,18,2,0.0,376.89,380.5,761.0,East,Consumer,2025,9,Sep
511858,2025-05-31,22583,15,1,0.0,203.7,189.98,189.98,North,Consumer,2025,5,May
511859,2024-02-19,20300,28,2,0.0,297.74,294.2,588.4,North,Small Business,2024,2,Feb
511860,2025-08-04,23438,24,3,0.0,471.09,494.89,1484.67,East,Consumer,2025,8,Aug
511861,2025-08-01,20474,28,1,0.15,297.74,309.3,262.91,Central,Consumer,2025,8,Aug
511862,2024-05-14,23241,15,4,0.1,203.7,207.28,746.21,East,Small Business,2024,5,May
511863,2024-07-18,20467,22,1,0.0,356.25,342.88,342.88,East,Consumer,2024,7,Jul
511864,2024-10-18,22932,20,4,0.15,187.69,199.97,679.9,Central,Small Business,2024,10,Oct
511865,2025-03-28,23581,23,1,0.05,430.62,399.97,379.97,Central,Consumer,2025,3,Mar
511866,2024-11-28,23992,30,2,0.05,300.75,291.39,553.64,Central,Small Business,2024,11,Nov
511867,2024-07-07,22691,16,2,0.0,113.27,114.17,228.34,South,Consumer,2024,7,Jul
511868,2024-03-06,20175,3,2,0.0,379.36,370.0,740.0,East,Consumer,2024,3,Mar
511869,2025-11-19,20136,16,3,0.1,113.27,118.83,320.84,West,Small Business,2025,11,Nov
511870,2024-07-30,23159,9,2,0.15,308.58,315.08,535.64,North,Consumer,2024,7,Jul
511871,2025-07-29,21865,7,1,0.0,208.23,200.83,200.83,East,Consumer,2025,7,Jul
511872,2024-07-30,20522,8,1,0.0,289.09,288.3,288.3,West,Consumer,2024,7,Jul
511873,2025-12-11,21071,25,4,0.05,408.11,389.9,1481.62,North,Corporate,2025,12,Dec
511874,2025-09-18,22433,27,3,0.15,282.82,276.14,704.16,North,Consumer,2025,9,Sep
511875,2024-06-11,20377,10,4,0.0,452.53,472.0,1888.0,South,Consumer,2024,6,Jun
511876,2024-03-18,23245,4,1,0.05,453.41,445.71,423.42,Central,Consumer,2024,3,Mar
511877,2025-06-23,23139,21,3,0.0,301.42,305.87,917.61,East,Consumer,2025,6,Jun
511878,2024-06-21,22646,26,2,0.1,173.18,175.74,316.33,Central,Consumer,2024,6,Jun
511879,2025-03-11,22203,30,4,0.05,300.75,316.1,1201.18,Central,Consumer,2025,3,Mar
511880,2024-11-28,20459,4,3,0.05,453.41,439.67,1253.06,Central,Consumer,2024,11,Nov
511881,2024-12-24,21603,21,1,0.05,301.42,286.6,272.27,North,Consumer,2024,12,Dec
511882,2024-04-11,20736,30,3,0.1,300.75,323.11,872.4,South,Corporate,2024,4,Apr
511883,2024-03-02,22276,25,3,0.0,408.11,403.59,1210.77,Central,Consumer,2024,3,Mar
511884,2024-05-27,23549,5,4,0.15,310.91,288.37,980.46,South,Corporate,2024,5,May
511885,2025-02-28,23535,3,4,0.1,379.36,398.7,1435.32,North,Consumer,2025,2,Feb
511886,2025-11-28,23643,2,4,0.05,177.67,164.41,624.76,West,Small Business,2025,11,Nov
511887,2024-07-10,21373,20,2,0.2,187.69,191.28,306.05,Central,Consumer,2024,7,Jul
511888,2025-09-26,22986,28,2,0.05,297.74,292.98,556.66,Central,Small Business,2025,9,Sep
511889,2025-02-26,21787,20,3,0.15,187.69,197.33,503.19,Central,Consumer,2025,2,Feb
511890,2024-04-03,21175,28,4,0.0,297.74,318.71,1274.84,North,Consumer,2024,4,Apr
511891,2025-03-29,23051,6,1,0.0,183.47,171.27,171.27,Central,Small Business,2025,3,Mar
511892,2024-07-17,21002,14,2,0.0,323.49,306.82,613.64,Central,Consumer,2024,7,Jul
511893,2025-01-07,22597,2,4,0.1,177.67,183.62,661.03,West,Consumer,2025,1,Jan
511894,2025-09-28,20289,19,3,0.05,495.95,507.64,1446.77,North,Consumer,2025,9,Sep
511895,2025-09-08,22396,28,2,0.2,297.74,275.92,441.47,North,Consumer,2025,9,Sep
511896,2024-09-13,21872,6,1,0.0,183.47,178.15,178.15,North,Consumer,2024,9,Sep
511897,2024-07-26,20298,30,2,0.05,300.75,295.75,561.92,East,Consumer,2024,7,Jul
511898,2024-11-18,21579,29,2,0.0,538.73,512.93,1025.86,South,Consumer,2024,11,Nov
511899,2025-03-22,23648,23,4,0.15,430.62,436.59,1484.41,Central,Consumer,2025,3,Mar
511900,2024-05-13,20981,26,3,0.15,173.18,169.72,432.79,North,Consumer,2024,5,May
511901,2025-10-17,21569,3,2,0.1,379.36,357.68,643.82,North,Small Business,2025,10,Oct
511902,2025-02-03,22601,27,4,0.0,282.82,301.2,1204.8,East,Small Business,2025,2,Feb
511903,2024-06-16,20509,10,3,0.05,452.53,438.66,1250.18,East,Consumer,2024,6,Jun
511904,2024-04-16,20829,26,4,0.15,173.18,160.22,544.75,Central,Consumer,2024,4,Apr
511905,2025-03-28,21251,22,3,0.05,356.25,374.01,1065.93,West,Consumer,2025,3,Mar
511906,2025-01-17,20356,17,4,0.0,364.39,383.21,1532.84,Central,Consumer,2025,1,Jan
511907,2024-06-18,21889,27,3,0.1,282.82,304.88,823.18,Central,Small Business,2024,6,Jun
511908,2025-11-02,21730,10,4,0.0,452.53,427.66,1710.64,West,Consumer,2025,11,Nov
511909,2025-03-11,20709,5,2,0.0,310.91,328.23,656.46,South,Small Business,2025,3,Mar
511910,2024-12-14,22909,30,1,0.05,300.75,298.07,283.17,Central,Corporate,2024,12,Dec
511911,2024-07-30,22260,28,2,0.0,297.74,288.6,577.2,Central,Corporate,2024,7,Jul
511912,2025-08-23,20736,12,4,0.0,119.8,115.51,462.04,South,Corporate,2025,8,Aug
511913,2025-09-27,21067,24,4,0.0,471.09,437.53,1750.12,South,Consumer,2025,9,Sep
511914,2025-02-23,22352,30,3,0.1,300.75,288.66,779.38,West,Corporate,2025,2,Feb
511915,2025-11-22,21169,8,1,0.0,289.09,295.48,295.48,West,Consumer,2025,11,Nov
511916,2024-09-25,20350,7,2,0.05,208.23,192.54,365.83,South,Small Business,2024,9,Sep
511917,2024-02-12,23087,26,1,0.05,173.18,167.1,158.74,Central,Consumer,2024,2,Feb
511918,2025-11-19,21075,18,2,0.15,376.89,349.1,593.47,West,Consumer,2025,11,Nov
511919,2025-05-24,22562,1,4,0.05,118.77,118.33,449.65,South,Consumer,2025,5,May
511920,2025-12-29,23340,17,3,0.05,364.39,388.0,1105.8,West,Small Business,2025,12,Dec
511921,2025-06-25,20263,4,1,0.05,453.41,464.64,441.41,East,Consumer,2025,6,Jun
511922,2024-08-25,20588,8,2,0.05,289.09,271.41,515.68,East,Consumer,2024,8,Aug
511923,2025-05-17,21058,30,3,0.05,300.75,313.64,893.87,South,Consumer,2025,5,May
511924,2025-12-23,22665,8,4,0.2,289.09,292.13,934.82,West,Consumer,2025,12,Dec
511925,2024-11-21,20028,10,2,0.05,452.53,451.6,858.04,Central,Consumer,2024,11,Nov
511926,2025-12-20,20058,24,4,0.0,471.09,504.32,2017.28,East,Consumer,2025,12,Dec
511927,2024-09-24,23252,15,4,0.0,203.7,188.82,755.28,West,Small Business,2024,9,Sep
511928,2024-08-21,22196,10,4,0.05,452.53,421.31,1600.98,Central,Consumer,2024,8,Aug
511929,2024-10-08,20520,28,2,0.0,297.74,310.38,620.76,North,Small Business,2024,10,Oct
511930,2024-11-29,20970,21,2,0.1,301.42,317.86,572.15,Central,Corporate,2024,11,Nov
511931,2025-11-13,22157,14,2,0.15,323.49,328.95,559.21,North,Consumer,2025,11,Nov
511932,2024-01-30,20890,16,4,0.05,113.27,109.62,416.56,South,Consumer,2024,1,Jan
511933,2024-04-21,20518,2,1,0.15,177.67,175.45,149.13,South,Consumer,2024,4,Apr
511934,2024-01-12,22018,6,3,0.0,183.47,189.38,568.14,South,Consumer,2024,1,Jan
511935,2025-02-13,20309,29,1,0.0,538.73,567.14,567.14,Central,Consumer,2025,2,Feb
511936,2024-04-25,23951,9,1,0.0,308.58,330.76,330.76,East,Consumer,2024,4,Apr
511937,2025-12-09,22971,24,1,0.05,471.09,501.78,476.69,North,Consumer,2025,12,Dec
511938,2024-07-15,20938,10,1,0.1,452.53,471.09,423.98,East,Consumer,2024,7,Jul
511939,2024-10-04,23809,11,4,0.0,526.43,553.64,2214.56,East,Consumer,2024,10,Oct
511940,2025-10-13,22208,9,1,0.0,308.58,312.48,312.48,Central,Small Business,2025,10,Oct
511941,2025-04-29,21022,3,4,0.2,379.36,409.46,1310.27,South,Consumer,2025,4,Apr
511942,2024-08-27,21517,4,1,0.15,453.41,426.44,362.47,East,Consumer,2024,8,Aug
511943,2025-11-16,23092,2,3,0.0,177.67,172.55,517.65,West,Small Business,2025,11,Nov
511944,2025-06-08,22780,1,4,0.0,118.77,123.73,494.92,East,Small Business,2025,6,Jun
511945,2024-01-18,21517,24,4,0.0,471.09,453.36,1813.44,East,Consumer,2024,1,Jan
511946,2025-11-23,23719,24,1,0.0,471.09,441.72,441.72,North,Consumer,2025,11,Nov
511947,2024-01-20,20281,10,3,0.0,452.53,465.85,1397.55,West,Consumer,2024,1,Jan
511948,2025-01-19,21690,8,4,0.05,289.09,269.85,1025.43,East,Corporate,2025,1,Jan
511949,2024-03-17,21084,11,3,0.0,526.43,527.46,1582.38,Central,Small Business,2024,3,Mar
511950,2025-09-05,23635,27,2,0.2,282.82,266.28,426.05,Central,Small Business,2025,9,Sep
511951,2025-08-24,20766,23,2,0.0,430.62,438.53,877.06,East,Consumer,2025,8,Aug
511952,2024-10-30,23668,1,4,0.1,118.77,110.18,396.65,Central,Consumer,2024,10,Oct
511953,2024-08-30,22973,24,1,0.0,471.09,443.11,443.11,South,Small Business,2024,8,Aug
511954,2024-07-05,23486,24,2,0.15,471.09,490.28,833.48,Central,Consumer,2024,7,Jul
511955,2025-11-09,21513,13,2,0.0,509.47,484.22,968.44,West,Corporate,2025,11,Nov
511956,2025-07-18,20992,9,1,0.1,308.58,312.63,281.37,North,Consumer,2025,7,Jul
511957,2024-03-21,20723,22,2,0.0,356.25,357.6,715.2,South,Small Business,2024,3,Mar
511958,2025-04-15,22806,21,1,0.15,301.42,300.73,255.62,Central,Small Business,2025,4,Apr
511959,2025-11-13,20399,19,3,0.05,495.95,496.9,1416.16,Central,Small Business,2025,11,Nov
511960,2025-04-28,21354,21,1,0.0,301.42,281.59,281.59,North,Corporate,2025,4,Apr
511961,2024-08-29,21766,3,2,0.0,379.36,389.32,778.64,East,Small Business,2024,8,Aug
511962,2024-08-29,20758,7,1,0.1,208.23,200.44,180.4,West,Consumer,2024,8,Aug
511963,2025-10-03,21814,22,2,0.05,356.25,372.71,708.15,South,Consumer,2025,10,Oct
511964,2024-12-28,21846,7,4,0.15,208.23,206.45,701.93,West,Consumer,2024,12,Dec
511965,2024-07-26,20618,2,3,0.0,177.67,178.9,536.7,North,Small Business,2024,7,Jul
511966,2024-10-12,21926,26,1,0.15,173.18,183.69,156.14,Central,Consumer,2024,10,Oct
511967,2024-07-13,22244,22,3,0.0,356.25,342.1,1026.3,Central,Small Business,2024,7,Jul
511968,2025-10-22,22586,7,2,0.0,208.23,192.97,385.94,Central,Small Business,2025,10,Oct
511969,2024-02-21,21015,29,2,0.05,538.73,577.63,1097.5,Central,Small Business,2024,2,Feb
511970,2025-11-11,21285,4,4,0.0,453.41,436.47,1745.88,West,Consumer,2025,11,Nov
511971,2025-02-03,23721,19,3,0.0,495.95,508.8,1526.4,Central,Consumer,2025,2,Feb
511972,2024-03-23,20321,21,3,0.0,301.42,320.54,961.62,South,Small Business,2024,3,Mar
511973,2025-02-22,21187,13,2,0.2,509.47,548.63,877.81,East,Small Business,2025,2,Feb
511974,2025-06-01,21159,7,4,0.1,208.23,203.24,731.66,West,Small Business,2025,6,Jun
511975,2025-09-06,20960,1,4,0.0,118.77,124.45,497.8,South,Small Business,2025,9,Sep
511976,2024-07-10,23275,22,1,0.0,356.25,359.28,359.28,South,Consumer,2024,7,Jul
511977,2025-03-06,23583,26,3,0.1,173.18,176.48,476.5,West,Small Business,2025,3,Mar
511978,2025-06-06,23455,14,4,0.05,323.49,323.96,1231.05,East,Consumer,2025,6,Jun
511979,2025-08-01,20773,10,2,0.0,452.53,484.46,968.92,East,Corporate,2025,8,Aug
511980,2024-07-05,20279,11,3,0.05,526.43,564.16,1607.86,West,Small Business,2024,7,Jul
511981,2024-03-04,23516,24,4,0.2,471.09,486.18,1555.78,East,Consumer,2024,3,Mar
511982,2024-11-21,20813,2,1,0.1,177.67,181.23,163.11,West,Consumer,2024,11,Nov
511983,2024-07-20,23183,30,3,0.05,300.75,278.53,793.81,Central,Corporate,2024,7,Jul
511984,2024-10-26,20241,9,4,0.1,308.58,290.14,1044.5,North,Corporate,2024,10,Oct
511985,2025-08-20,22420,30,2,0.15,300.75,297.14,505.14,East,Small Business,2025,8,Aug
511986,2025-08-19,22000,8,3,0.05,289.09,266.39,759.21,East,Small Business,2025,8,Aug
511987,2024-06-12,23478,13,3,0.1,509.47,479.14,1293.68,South,Consumer,2024,6,Jun
511988,2024-09-14,20693,23,1,0.05,430.62,414.38,393.66,East,Small Business,2024,9,Sep
511989,2024-06-19,20312,7,1,0.1,208.23,200.75,180.68,South,Small Business,2024,6,Jun
511990,2025-10-29,23114,16,4,0.05,113.27,111.74,424.61,Central,Consumer,2025,10,Oct
511991,2025-10-31,21518,11,2,0.05,526.43,496.46,943.27,North,Corporate,2025,10,Oct
511992,2024-03-16,23288,28,4,0.2,297.74,310.43,993.38,North,Consumer,2024,3,Mar
511993,2025-02-21,21134,9,4,0.0,308.58,325.74,1302.96,Central,Consumer,2025,2,Feb
511994,2024-06-20,21991,3,3,0.15,379.36,402.9,1027.39,West,Consumer,2024,6,Jun
511995,2025-11-04,22179,25,2,0.0,408.11,393.84,787.68,Central,Consumer,2025,11,Nov
511996,2024-06-21,21862,16,4,0.1,113.27,104.9,377.64,South,Consumer,2024,6,Jun
511997,2024-08-08,22500,6,1,0.05,183.47,177.22,168.36,East,Consumer,2024,8,Aug
511998,2024-07-05,22146,8,4,0.05,289.09,290.39,1103.48,South,Consumer,2024,7,Jul
511999,2024-12-07,21709,5,2,0.0,310.91,327.31,654.62,South,Small Business,2024,12,Dec
512000,2025-03-13,20960,14,4,0.05,323.49,343.16,1304.01,South,Small Business,2025,3,Mar
